tweet,sentiment
"Honestly, The service was awful #twitter",negative
Absolutely awful experience .,negative
"In my opinion, I absolutely love this product .",positive
"Overall, The meeting is scheduled for tomorrow .",neutral
"Today, I am very happy with the results .",positive
"Today, Such a horrible day .",negative
"Personally, The flight is scheduled for Monday today.",neutral
I received the package this morning after trying it.,neutral
"Right now, What a horrible experience today right now.",negative
"Just saying, The new features are useless in my opinion.",negative
The results will be announced later right now.,neutral
"Today, The team did a terrible job #twitter",negative
"Personally, The new features are brilliant .",positive
"Personally, I really disliked this experience #review",negative
"In my opinion, The team will meet next week .",neutral
"Today, I am impressed with the quality .",positive
What a horrible experience today .,negative
"Today, The train arrived at the station .",neutral
"Honestly, Best purchase I have made in a long time #review",positive
"For me, The results will be announced later .",neutral
"In my opinion, The train arrived at the station .",neutral
"In my opinion, This movie was fantastic in my opinion.",positive
"Personally, The product is available in three colors .",neutral
"In my opinion, Feeling frustrated and disappointed today in my opinion.",negative
"After trying it, The team did a terrible job after trying it.",negative
"Honestly, I am impressed with the quality .",positive
"Right now, I would not recommend this .",negative
"Today, I am disappointed with the quality .",negative
"After trying it, I am satisfied with the results .",positive
"Overall, This movie was extremely boring honestly.",negative
"Today, Absolutely fantastic experience .",positive
"Overall, Best purchase I have made in a long time right now.",positive
"Today, The store opens at 9 AM right now.",neutral
"Today, I highly recommend this #review",positive
"Just saying, Everything worked perfectly today.",positive
"Overall, This made my day much worse in my opinion.",negative
"In my opinion, I am unhappy with the results #twitter",negative
"Right now, Feeling frustrated and disappointed today after trying it.",negative
"Personally, This movie was extremely boring .",negative
"Overall, I received the package this morning .",neutral
"Today, The store opens at 9 AM .",neutral
"For me, The event starts at 6 PM .",neutral
"Just saying, This made my day much worse",negative
"Overall, This movie was extremely boring .",negative
"Personally, What a horrible experience today .",negative
"Today, This is not what I wanted .",negative
"Personally, The report was published today right now.",neutral
"Honestly, The weather is cloudy today honestly.",neutral
"Honestly, I am impressed with the quality right now.",positive
"Just saying, I am checking the latest information #review",neutral
"Overall, I am very happy with the results .",positive
"Overall, This made my day much worse",negative
"Just saying, What a horrible experience today .",negative
"Honestly, Feeling great and positive today .",positive
"Personally, I watched the latest episode #twitter",neutral
"Right now, I am disappointed with the quality .",negative
"Personally, The new features are brilliant after trying it.",positive
"Right now, This made my day so much better .",positive
"In my opinion, The team will meet next week .",neutral
"Overall, The train arrived at the station in my opinion.",neutral
"After trying it, I am reading the news right now in my opinion.",neutral
"Personally, The team will meet next week .",neutral
"In my opinion, The package contains two items .",neutral
"In my opinion, Best purchase I have made in a long time",positive
"Honestly, Such a beautiful day after trying it.",positive
"Just saying, I am satisfied with the results today.",positive
"Overall, The temperature is around 25 degrees .",neutral
"Personally, Best purchase I have made in a long time .",positive
"In my opinion, Absolutely fantastic experience #review",positive
"In my opinion, I received the package this morning .",neutral
"Right now, The weather is cloudy today .",neutral
"In my opinion, I am checking the latest information .",neutral
I watched the latest episode .,neutral
"Personally, The application has been updated honestly.",neutral
"Overall, This made my day so much better .",positive
"Today, I watched the latest episode after trying it.",neutral
"Overall, Such a horrible day #review",negative
The train arrived at the station,neutral
"Right now, The package contains two items right now.",neutral
"Today, The website is currently available .",neutral
The package contains two items #twitter,neutral
"In my opinion, This is not what I wanted .",negative
"Overall, I am impressed with the quality .",positive
"For me, The service was excellent .",positive
Best purchase I have made in a long time .,positive
"After trying it, The application has been updated .",neutral
"Personally, I am impressed with the quality .",positive
"Today, Absolutely awful experience .",negative
"In my opinion, I am unhappy with the results .",negative
"For me, The class begins at 10 AM .",neutral
"In my opinion, Everything worked perfectly .",positive
"Personally, This movie was fantastic #twitter",positive
"After trying it, The team will meet next week .",neutral
"Just saying, The team did an amazing job .",positive
"After trying it, The package contains two items",neutral
"Today, This movie was fantastic after trying it.",positive
"In my opinion, The team did an amazing job .",positive
"Personally, The event starts at 6 PM",neutral
"For me, Worst purchase I have made .",negative
"Today, The website is currently available .",neutral
"Right now, Absolutely fantastic experience .",positive
"Today, This update is terrible right now.",negative
"After trying it, Feeling great and positive today",positive
"After trying it, This is terrible and does not work .",negative
"After trying it, I absolutely love this product after trying it.",positive
I highly recommend this .,positive
"Personally, This is terrible and does not work #twitter",negative
"Today, What a horrible experience today .",negative
"Today, This is amazing and works perfectly .",positive
Feeling frustrated and disappointed today .,negative
"Just saying, The team did an amazing job #review",positive
"Personally, This movie was fantastic in my opinion.",positive
"Honestly, The product is available in three colors .",neutral
What a wonderful experience today today.,positive
"Just saying, I am very happy with the results .",positive
"Right now, The company released a new announcement .",neutral
"Today, The service was excellent in my opinion.",positive
"Just saying, Everything worked perfectly .",positive
"For me, This is not what I wanted today.",negative
"Today, The service was awful .",negative
"Overall, The new features are useless today.",negative
"Right now, The results will be announced later .",neutral
"For me, The team will meet next week #review",neutral
"In my opinion, This is terrible and does not work .",negative
"Today, I highly recommend this .",positive
"Honestly, The team will meet next week .",neutral
"For me, I watched the latest episode .",neutral
"Right now, I am checking the latest information .",neutral
"After trying it, Such a horrible day in my opinion.",negative
"Personally, I am disappointed with the quality .",negative
"Overall, This is exactly what I wanted .",positive
"Just saying, The weather is cloudy today .",neutral
"Today, What a wonderful experience today in my opinion.",positive
I highly recommend this .,positive
Best purchase I have made in a long time right now.,positive
"In my opinion, This is amazing and works perfectly in my opinion.",positive
"For me, I really enjoyed this experience honestly.",positive
This is terrible and does not work .,negative
"After trying it, This movie was extremely boring .",negative
"Personally, This is not what I wanted .",negative
"After trying it, I really disliked this experience #review",negative
"Personally, Absolutely awful experience in my opinion.",negative
"For me, Best purchase I have made in a long time",positive
"In my opinion, I really enjoyed this experience after trying it.",positive
"Personally, Absolutely fantastic experience #twitter",positive
"Just saying, Absolutely awful experience right now.",negative
"Today, The application has been updated .",neutral
"Personally, This made my day so much better .",positive
"Personally, This movie was extremely boring .",negative
"Today, This made my day much worse #review",negative
"Today, The report was published today in my opinion.",neutral
"Personally, I am checking the latest information right now.",neutral
"Overall, I received the package this morning .",neutral
"Right now, The service was awful .",negative
"Today, I am satisfied with the results right now.",positive
"In my opinion, This made my day so much better in my opinion.",positive
"After trying it, This made my day much worse .",negative
"For me, The team did an amazing job #review",positive
"Personally, Worst purchase I have made in my opinion.",negative
"In my opinion, This is not what I wanted .",negative
"For me, The team will meet next week .",neutral
"Overall, The product is available in three colors right now.",neutral
"In my opinion, What a horrible experience today .",negative
"After trying it, This made my day much worse in my opinion.",negative
"Right now, I absolutely love this product .",positive
"Overall, The team did a terrible job",negative
"Honestly, I am unhappy with the results .",negative
The product is available in three colors #twitter,neutral
The team will meet next week .,neutral
"Honestly, The team did a terrible job .",negative
The new features are useless honestly.,negative
The results will be announced later right now.,neutral
"In my opinion, The package contains two items",neutral
"Overall, This movie was extremely boring #twitter",negative
"Today, I received the package this morning .",neutral
"Personally, The event starts at 6 PM today.",neutral
"Overall, The flight is scheduled for Monday .",neutral
"For me, This update is terrible .",negative
"In my opinion, The product is available in three colors .",neutral
The store opens at 9 AM honestly.,neutral
"For me, I am reading the news right now .",neutral
"After trying it, This made my day so much better #twitter",positive
"Overall, The event starts at 6 PM honestly.",neutral
"Honestly, The new features are useless .",negative
"Right now, I am very happy with the results",positive
"Just saying, The class begins at 10 AM right now.",neutral
"For me, This update is terrible right now.",negative
"Just saying, Worst purchase I have made .",negative
"For me, The new features are brilliant .",positive
"After trying it, I am very happy with the results .",positive
"For me, What a horrible experience today",negative
"Personally, The team did a terrible job .",negative
"After trying it, I am satisfied with the results .",positive
The weather is cloudy today .,neutral
The team will meet next week honestly.,neutral
"Right now, The company released a new announcement #review",neutral
"Just saying, The service was awful right now.",negative
"Honestly, The team did an amazing job .",positive
"After trying it, The new features are useless right now.",negative
"Honestly, The train arrived at the station after trying it.",neutral
"Personally, I am checking the latest information after trying it.",neutral
"Right now, The weather is cloudy today .",neutral
"Today, I am unhappy with the results .",negative
"Just saying, This update is awesome .",positive
Such a beautiful day today.,positive
"Right now, I received the package this morning .",neutral
"For me, The results will be announced later",neutral
"Just saying, The team did an amazing job honestly.",positive
"For me, Everything went completely wrong after trying it.",negative
I really disliked this experience honestly.,negative
"Personally, This is not what I wanted .",negative
The website is currently available .,neutral
"Honestly, Absolutely awful experience .",negative
"Today, This is exactly what I wanted today.",positive
Absolutely fantastic experience .,positive
"Just saying, The temperature is around 25 degrees",neutral
"Just saying, I am very happy with the results .",positive
"Personally, The new features are useless honestly.",negative
"Overall, This made my day much worse right now.",negative
"Right now, I am checking the latest information .",neutral
"Today, This is amazing and works perfectly right now.",positive
"For me, This made my day much worse .",negative
"Overall, I absolutely hate this product .",negative
"In my opinion, I am satisfied with the results after trying it.",positive
I highly recommend this #twitter,positive
Absolutely fantastic experience #review,positive
"Honestly, What a horrible experience today",negative
The new features are useless after trying it.,negative
"Overall, The weather is cloudy today right now.",neutral
"Just saying, I highly recommend this today.",positive
"Honestly, I absolutely love this product .",positive
"Overall, This update is awesome in my opinion.",positive
"After trying it, The store opens at 9 AM right now.",neutral
"After trying it, The application has been updated",neutral
"Honestly, The store opens at 9 AM #twitter",neutral
"Right now, Best purchase I have made in a long time .",positive
The meeting is scheduled for tomorrow .,neutral
"Today, I am satisfied with the results",positive
This made my day much worse right now.,negative
"Just saying, I would not recommend this .",negative
"Just saying, I really enjoyed this experience #twitter",positive
"Honestly, I am very happy with the results .",positive
"In my opinion, Everything worked perfectly .",positive
"In my opinion, Feeling great and positive today .",positive
"Honestly, The team did an amazing job honestly.",positive
"Honestly, I absolutely love this product .",positive
"For me, I am disappointed with the quality .",negative
"Overall, The service was excellent right now.",positive
"For me, I am satisfied with the results honestly.",positive
"Personally, The product is available in three colors honestly.",neutral
"Personally, What a horrible experience today #review",negative
"Today, I am very disappointed with the results in my opinion.",negative
"Today, I watched the latest episode #twitter",neutral
"Right now, This made my day much worse",negative
"Personally, I would not recommend this .",negative
"In my opinion, The store opens at 9 AM .",neutral
"Right now, The service was awful honestly.",negative
"Honestly, I watched the latest episode .",neutral
"Honestly, The train arrived at the station honestly.",neutral
"Just saying, The team will meet next week honestly.",neutral
This update is awesome .,positive
"Just saying, I am very disappointed with the results .",negative
"Today, This is exactly what I wanted .",positive
"Today, The temperature is around 25 degrees #review",neutral
"Personally, This update is awesome .",positive
"Just saying, I watched the latest episode in my opinion.",neutral
"For me, What a wonderful experience today .",positive
"Honestly, The store opens at 9 AM #twitter",neutral
"Personally, Everything went completely wrong right now.",negative
"Overall, I am impressed with the quality #twitter",positive
"After trying it, I absolutely hate this product #twitter",negative
"Right now, The results will be announced later .",neutral
"Personally, The weather is cloudy today right now.",neutral
"In my opinion, This made my day much worse .",negative
"Personally, This is exactly what I wanted .",positive
"After trying it, I am disappointed with the quality right now.",negative
"Overall, This is amazing and works perfectly .",positive
"Personally, The service was awful today.",negative
"In my opinion, The new features are useless .",negative
"For me, This is terrible and does not work",negative
"For me, The new features are brilliant .",positive
"After trying it, I would not recommend this",negative
"Personally, Absolutely fantastic experience after trying it.",positive
"Honestly, I am satisfied with the results right now.",positive
"Overall, I received the package this morning #twitter",neutral
"In my opinion, Everything worked perfectly honestly.",positive
"Right now, Feeling great and positive today #twitter",positive
"For me, Absolutely fantastic experience right now.",positive
"After trying it, Feeling great and positive today #review",positive
"Honestly, This is terrible and does not work in my opinion.",negative
"Honestly, I am reading the news right now in my opinion.",neutral
"Personally, Feeling great and positive today honestly.",positive
"After trying it, The class begins at 10 AM right now.",neutral
"For me, This is amazing and works perfectly .",positive
"Overall, The company released a new announcement .",neutral
"Honestly, Absolutely awful experience after trying it.",negative
"In my opinion, I am very happy with the results",positive
"Personally, The meeting is scheduled for tomorrow .",neutral
"Right now, The results will be announced later after trying it.",neutral
"In my opinion, I absolutely love this product in my opinion.",positive
"Just saying, Feeling great and positive today .",positive
"Just saying, The meeting is scheduled for tomorrow honestly.",neutral
"Right now, The team did a terrible job .",negative
"Overall, The event starts at 6 PM .",neutral
"Just saying, The company released a new announcement #twitter",neutral
"Overall, I absolutely hate this product right now.",negative
"Today, The event starts at 6 PM right now.",neutral
"Overall, I really disliked this experience .",negative
"Just saying, The service was excellent .",positive
The event starts at 6 PM .,neutral
"In my opinion, Absolutely awful experience .",negative
"For me, Feeling great and positive today after trying it.",positive
"Right now, Everything went completely wrong .",negative
"Overall, This is exactly what I wanted .",positive
The package contains two items today.,neutral
"In my opinion, Everything worked perfectly .",positive
"In my opinion, I am disappointed with the quality .",negative
"Just saying, This update is awesome .",positive
The new features are brilliant after trying it.,positive
"In my opinion, This is exactly what I wanted .",positive
"After trying it, The store opens at 9 AM honestly.",neutral
"Overall, This is terrible and does not work today.",negative
"After trying it, I really disliked this experience .",negative
"After trying it, This update is awesome .",positive
"Overall, This made my day much worse honestly.",negative
"Just saying, I would not recommend this .",negative
"Right now, Absolutely awful experience .",negative
"For me, The flight is scheduled for Monday",neutral
"For me, The meeting is scheduled for tomorrow",neutral
"In my opinion, This movie was extremely boring .",negative
"After trying it, Feeling frustrated and disappointed today in my opinion.",negative
I really disliked this experience .,negative
"Personally, The temperature is around 25 degrees .",neutral
"Today, Absolutely fantastic experience in my opinion.",positive
"Honestly, Absolutely fantastic experience #twitter",positive
"In my opinion, The temperature is around 25 degrees .",neutral
"Overall, I am very disappointed with the results .",negative
"After trying it, I would not recommend this .",negative
"Overall, This is terrible and does not work .",negative
"For me, The service was excellent .",positive
"Overall, I am unhappy with the results .",negative
"Honestly, I am reading the news right now right now.",neutral
"After trying it, The store opens at 9 AM .",neutral
"In my opinion, Everything went completely wrong .",negative
"Honestly, I absolutely hate this product",negative
I am very disappointed with the results .,negative
"After trying it, Absolutely fantastic experience .",positive
"Overall, I received the package this morning .",neutral
The service was awful today.,negative
"Honestly, Absolutely fantastic experience",positive
"Today, This is not what I wanted",negative
"Just saying, The weather is cloudy today .",neutral
"Right now, The meeting is scheduled for tomorrow #review",neutral
"Just saying, The temperature is around 25 degrees .",neutral
"Overall, The team did an amazing job #twitter",positive
"In my opinion, This movie was extremely boring #twitter",negative
"Just saying, I am very disappointed with the results #review",negative
"Right now, Feeling great and positive today in my opinion.",positive
"In my opinion, Best purchase I have made in a long time",positive
"Today, The application has been updated right now.",neutral
The product is available in three colors today.,neutral
"For me, The service was excellent right now.",positive
"Honestly, Absolutely awful experience .",negative
"Overall, I highly recommend this #review",positive
"Right now, The flight is scheduled for Monday .",neutral
"Right now, The results will be announced later .",neutral
"For me, I am unhappy with the results .",negative
"For me, The flight is scheduled for Monday .",neutral
"Personally, The service was excellent after trying it.",positive
"Right now, The team did a terrible job .",negative
"Right now, The team will meet next week .",neutral
"For me, This is exactly what I wanted #twitter",positive
"After trying it, The store opens at 9 AM in my opinion.",neutral
"Honestly, Absolutely fantastic experience today.",positive
"Right now, The weather is cloudy today right now.",neutral
The flight is scheduled for Monday .,neutral
"Honestly, What a wonderful experience today .",positive
"Personally, The product is available in three colors #review",neutral
"After trying it, I am very disappointed with the results after trying it.",negative
"Personally, The store opens at 9 AM after trying it.",neutral
"For me, The website is currently available .",neutral
This made my day much worse .,negative
"Today, This is exactly what I wanted .",positive
"After trying it, The new features are brilliant #review",positive
"After trying it, This update is terrible after trying it.",negative
"Just saying, What a horrible experience today honestly.",negative
"Today, The application has been updated .",neutral
"For me, The service was awful .",negative
"Today, The website is currently available #review",neutral
"Honestly, Absolutely awful experience after trying it.",negative
"For me, Feeling frustrated and disappointed today today.",negative
"Overall, I absolutely hate this product .",negative
"Today, I highly recommend this honestly.",positive
"Personally, The event starts at 6 PM right now.",neutral
"For me, Feeling frustrated and disappointed today .",negative
"Personally, Feeling great and positive today .",positive
"Overall, The weather is cloudy today .",neutral
"After trying it, I am very disappointed with the results",negative
"For me, This movie was extremely boring",negative
"For me, This made my day much worse after trying it.",negative
"Just saying, I am disappointed with the quality after trying it.",negative
"Personally, The package contains two items .",neutral
"For me, The service was awful .",negative
"In my opinion, I am reading the news right now honestly.",neutral
"Honestly, The report was published today .",neutral
"Overall, I received the package this morning .",neutral
"Honestly, The team did an amazing job honestly.",positive
"In my opinion, I am checking the latest information today.",neutral
"Just saying, Everything went completely wrong .",negative
"Today, The store opens at 9 AM .",neutral
"In my opinion, Everything went completely wrong after trying it.",negative
"For me, What a wonderful experience today after trying it.",positive
"In my opinion, This update is terrible .",negative
"Overall, The service was excellent right now.",positive
"Today, I am checking the latest information honestly.",neutral
"In my opinion, I am satisfied with the results",positive
"Right now, The team will meet next week .",neutral
"Personally, The team did a terrible job in my opinion.",negative
"For me, I am impressed with the quality",positive
"In my opinion, I absolutely love this product #twitter",positive
"Today, The company released a new announcement #review",neutral
"Today, The store opens at 9 AM .",neutral
"For me, I am unhappy with the results honestly.",negative
"Overall, I absolutely hate this product .",negative
"Right now, The class begins at 10 AM today.",neutral
"For me, The event starts at 6 PM .",neutral
"In my opinion, I absolutely love this product after trying it.",positive
"Overall, I am satisfied with the results .",positive
"In my opinion, I am satisfied with the results after trying it.",positive
This is not what I wanted .,negative
"In my opinion, What a horrible experience today honestly.",negative
"Honestly, This update is awesome today.",positive
"Honestly, This is terrible and does not work .",negative
"In my opinion, Absolutely awful experience today.",negative
"For me, The service was awful .",negative
"Right now, This is not what I wanted .",negative
"Personally, The results will be announced later",neutral
"For me, The meeting is scheduled for tomorrow",neutral
"After trying it, This made my day much worse .",negative
"Just saying, I received the package this morning honestly.",neutral
"Honestly, I am impressed with the quality .",positive
"Today, This made my day much worse right now.",negative
"Personally, Feeling frustrated and disappointed today",negative
"After trying it, Absolutely awful experience .",negative
"Personally, What a wonderful experience today .",positive
"Right now, I absolutely hate this product #twitter",negative
"After trying it, What a horrible experience today today.",negative
"Personally, The new features are brilliant",positive
The results will be announced later honestly.,neutral
"In my opinion, I am satisfied with the results .",positive
"In my opinion, This movie was fantastic .",positive
"Honestly, I am impressed with the quality today.",positive
"For me, What a wonderful experience today #twitter",positive
"After trying it, I am very disappointed with the results",negative
"In my opinion, The class begins at 10 AM honestly.",neutral
"Honestly, Such a beautiful day .",positive
I really disliked this experience after trying it.,negative
"In my opinion, The report was published today",neutral
"Overall, This movie was fantastic",positive
"For me, I really enjoyed this experience .",positive
"Today, The report was published today",neutral
"After trying it, The company released a new announcement in my opinion.",neutral
"Honestly, The report was published today #twitter",neutral
"Just saying, The team did an amazing job after trying it.",positive
"In my opinion, Absolutely fantastic experience .",positive
"Honestly, Feeling great and positive today #review",positive
"In my opinion, The train arrived at the station in my opinion.",neutral
"Right now, This is terrible and does not work .",negative
"Honestly, The class begins at 10 AM today.",neutral
"After trying it, Feeling great and positive today right now.",positive
"Today, The new features are useless .",negative
"Right now, The weather is cloudy today .",neutral
"Today, I would not recommend this today.",negative
"Overall, This movie was fantastic .",positive
"After trying it, Feeling frustrated and disappointed today .",negative
"For me, I am very happy with the results #twitter",positive
"In my opinion, I watched the latest episode in my opinion.",neutral
"Today, This is amazing and works perfectly .",positive
"Honestly, The class begins at 10 AM .",neutral
"Honestly, Feeling great and positive today .",positive
"For me, This movie was extremely boring after trying it.",negative
"In my opinion, The website is currently available #review",neutral
"In my opinion, This update is awesome .",positive
"Right now, Feeling frustrated and disappointed today .",negative
"After trying it, I would not recommend this .",negative
"In my opinion, I really disliked this experience #twitter",negative
"Right now, I am checking the latest information #twitter",neutral
"Overall, Best purchase I have made in a long time right now.",positive
"Today, Everything went completely wrong after trying it.",negative
"In my opinion, I am very happy with the results .",positive
"For me, The website is currently available right now.",neutral
"Today, Such a beautiful day",positive
"After trying it, The event starts at 6 PM .",neutral
"Just saying, This update is terrible",negative
What a horrible experience today .,negative
"Honestly, Feeling frustrated and disappointed today .",negative
"Personally, I absolutely hate this product",negative
I watched the latest episode .,neutral
"Overall, I am disappointed with the quality #twitter",negative
"Personally, I am reading the news right now .",neutral
"For me, The website is currently available today.",neutral
"Just saying, I watched the latest episode .",neutral
"For me, The flight is scheduled for Monday .",neutral
"Just saying, The store opens at 9 AM .",neutral
"After trying it, The product is available in three colors honestly.",neutral
"Overall, Everything worked perfectly .",positive
"Personally, Absolutely awful experience .",negative
"For me, The team did an amazing job .",positive
"Today, I really enjoyed this experience after trying it.",positive
"For me, I highly recommend this .",positive
"Today, The team will meet next week .",neutral
"Personally, The meeting is scheduled for tomorrow .",neutral
"Personally, I absolutely hate this product honestly.",negative
"Honestly, This is amazing and works perfectly .",positive
"Overall, This update is awesome after trying it.",positive
"Personally, I am checking the latest information .",neutral
"In my opinion, Everything went completely wrong #review",negative
"Right now, The team did an amazing job .",positive
"Just saying, I received the package this morning in my opinion.",neutral
"Personally, Feeling frustrated and disappointed today honestly.",negative
"Personally, This update is awesome after trying it.",positive
"Today, Such a beautiful day honestly.",positive
"For me, The package contains two items in my opinion.",neutral
"After trying it, I am very disappointed with the results after trying it.",negative
The application has been updated #twitter,neutral
"Overall, This is not what I wanted #twitter",negative
"Just saying, The application has been updated .",neutral
"Personally, This is not what I wanted .",negative
"After trying it, This movie was fantastic honestly.",positive
"Just saying, The new features are brilliant .",positive
I am very disappointed with the results .,negative
"After trying it, The train arrived at the station .",neutral
"In my opinion, The results will be announced later honestly.",neutral
"Overall, The store opens at 9 AM #twitter",neutral
"After trying it, The website is currently available .",neutral
"For me, The event starts at 6 PM .",neutral
"Personally, The team did a terrible job after trying it.",negative
"Honestly, The website is currently available today.",neutral
"Overall, I am checking the latest information after trying it.",neutral
"In my opinion, This movie was fantastic right now.",positive
"For me, Best purchase I have made in a long time #twitter",positive
"In my opinion, This movie was extremely boring .",negative
"Just saying, The new features are useless #review",negative
"After trying it, I am unhappy with the results #twitter",negative
"Today, I really disliked this experience #twitter",negative
"Right now, I absolutely hate this product",negative
"Personally, I absolutely love this product .",positive
"Personally, I am checking the latest information .",neutral
"Right now, The service was excellent #review",positive
"Honestly, I absolutely hate this product .",negative
The product is available in three colors today.,neutral
"For me, I am very happy with the results .",positive
"For me, I absolutely hate this product #review",negative
"Today, This update is awesome in my opinion.",positive
This update is terrible .,negative
"In my opinion, I absolutely love this product right now.",positive
"Just saying, The package contains two items #twitter",neutral
"Today, The train arrived at the station right now.",neutral
"Overall, I am reading the news right now in my opinion.",neutral
"Overall, This made my day much worse #twitter",negative
"Honestly, The product is available in three colors after trying it.",neutral
"Just saying, I am satisfied with the results today.",positive
"Today, The store opens at 9 AM today.",neutral
"Honestly, I really disliked this experience .",negative
"Just saying, This update is awesome .",positive
"Just saying, Feeling frustrated and disappointed today",negative
"Overall, The report was published today #twitter",neutral
"In my opinion, The team will meet next week in my opinion.",neutral
"Personally, This update is terrible .",negative
"Overall, This is terrible and does not work .",negative
"Personally, Such a beautiful day #review",positive
"Honestly, The weather is cloudy today in my opinion.",neutral
"Personally, This movie was fantastic .",positive
"Today, The service was excellent .",positive
"Right now, I am very happy with the results .",positive
"In my opinion, I am reading the news right now #review",neutral
"In my opinion, This is not what I wanted in my opinion.",negative
"Today, Absolutely fantastic experience honestly.",positive
"Personally, The team will meet next week honestly.",neutral
"Today, This is exactly what I wanted after trying it.",positive
"Honestly, This movie was extremely boring .",negative
"For me, This is exactly what I wanted .",positive
"Just saying, What a wonderful experience today honestly.",positive
Such a beautiful day .,positive
"In my opinion, I would not recommend this .",negative
"For me, I am very disappointed with the results .",negative
"In my opinion, The package contains two items",neutral
The event starts at 6 PM #twitter,neutral
The team will meet next week .,neutral
"Today, Feeling frustrated and disappointed today .",negative
"Today, What a wonderful experience today .",positive
"Honestly, Worst purchase I have made .",negative
"In my opinion, The service was excellent after trying it.",positive
"After trying it, Everything went completely wrong .",negative
I absolutely love this product #twitter,positive
"Personally, Absolutely awful experience .",negative
"Overall, This made my day much worse",negative
"Today, The report was published today honestly.",neutral
"Personally, I watched the latest episode .",neutral
"For me, The team did an amazing job right now.",positive
"After trying it, The website is currently available .",neutral
"Honestly, This movie was extremely boring .",negative
"Just saying, The application has been updated .",neutral
"For me, This is amazing and works perfectly .",positive
"Honestly, I received the package this morning after trying it.",neutral
"In my opinion, This movie was fantastic right now.",positive
"In my opinion, What a wonderful experience today .",positive
"Today, The event starts at 6 PM .",neutral
"Personally, The website is currently available honestly.",neutral
"Overall, I really enjoyed this experience .",positive
"For me, The temperature is around 25 degrees #review",neutral
The class begins at 10 AM after trying it.,neutral
"Personally, Everything worked perfectly in my opinion.",positive
"After trying it, The store opens at 9 AM .",neutral
"Just saying, The class begins at 10 AM right now.",neutral
"Personally, The new features are brilliant .",positive
"Overall, The service was excellent",positive
"Right now, This update is awesome .",positive
"Honestly, This is terrible and does not work today.",negative
"Personally, This is not what I wanted .",negative
"Overall, What a horrible experience today #review",negative
Such a horrible day honestly.,negative
"Right now, I absolutely love this product .",positive
"Today, This update is awesome .",positive
"Overall, This made my day so much better .",positive
"Today, The company released a new announcement in my opinion.",neutral
"Personally, The class begins at 10 AM #review",neutral
"In my opinion, I watched the latest episode .",neutral
"After trying it, This update is awesome #twitter",positive
"For me, The service was awful .",negative
I absolutely hate this product .,negative
"In my opinion, The website is currently available .",neutral
"After trying it, What a horrible experience today honestly.",negative
"Overall, Everything went completely wrong #review",negative
"Overall, I am unhappy with the results #review",negative
"After trying it, Best purchase I have made in a long time today.",positive
"Honestly, I highly recommend this honestly.",positive
"For me, The train arrived at the station .",neutral
"After trying it, Everything went completely wrong .",negative
"Right now, I am very happy with the results after trying it.",positive
"For me, I am impressed with the quality .",positive
"Just saying, The service was awful today.",negative
"Personally, I am disappointed with the quality .",negative
"Honestly, The product is available in three colors .",neutral
"Overall, This is not what I wanted .",negative
"For me, I am unhappy with the results #twitter",negative
"Honestly, The weather is cloudy today today.",neutral
"Personally, The service was excellent .",positive
"For me, I really enjoyed this experience today.",positive
"Just saying, I am unhappy with the results after trying it.",negative
"For me, The event starts at 6 PM today.",neutral
"Today, Everything worked perfectly right now.",positive
"After trying it, This is terrible and does not work .",negative
"Overall, The company released a new announcement .",neutral
"Just saying, The meeting is scheduled for tomorrow today.",neutral
"After trying it, I absolutely love this product .",positive
"Right now, What a horrible experience today #twitter",negative
"After trying it, The team will meet next week .",neutral
"Just saying, The product is available in three colors #review",neutral
"Just saying, Feeling frustrated and disappointed today today.",negative
"Overall, I am unhappy with the results .",negative
"Today, I received the package this morning .",neutral
I am disappointed with the quality in my opinion.,negative
"For me, The new features are brilliant honestly.",positive
"For me, The results will be announced later .",neutral
"Today, The flight is scheduled for Monday honestly.",neutral
"Honestly, What a horrible experience today right now.",negative
"For me, The store opens at 9 AM in my opinion.",neutral
"Right now, I received the package this morning .",neutral
"Just saying, I absolutely love this product .",positive
The team did a terrible job .,negative
"For me, This is amazing and works perfectly .",positive
"Overall, Everything went completely wrong honestly.",negative
"Right now, The product is available in three colors #review",neutral
"For me, Everything went completely wrong right now.",negative
"Right now, The weather is cloudy today after trying it.",neutral
"For me, The meeting is scheduled for tomorrow today.",neutral
"For me, This is terrible and does not work .",negative
"Overall, Such a beautiful day .",positive
"Today, The service was awful in my opinion.",negative
"Right now, I am unhappy with the results .",negative
Such a horrible day .,negative
"Personally, Absolutely fantastic experience .",positive
"Today, Such a horrible day #twitter",negative
"After trying it, I absolutely love this product #review",positive
"Today, The class begins at 10 AM .",neutral
"After trying it, I received the package this morning .",neutral
"Personally, The package contains two items .",neutral
"In my opinion, The new features are brilliant .",positive
"For me, This movie was extremely boring",negative
"For me, The meeting is scheduled for tomorrow #twitter",neutral
This movie was extremely boring today.,negative
"Just saying, The company released a new announcement after trying it.",neutral
"For me, The team did a terrible job in my opinion.",negative
"Right now, Such a horrible day .",negative
"Today, The temperature is around 25 degrees after trying it.",neutral
"Just saying, Feeling great and positive today .",positive
"Honestly, I am impressed with the quality .",positive
"In my opinion, I am impressed with the quality",positive
"Today, The class begins at 10 AM .",neutral
"In my opinion, This is amazing and works perfectly .",positive
"For me, The package contains two items right now.",neutral
"For me, The new features are useless #review",negative
"In my opinion, This is terrible and does not work .",negative
"After trying it, The website is currently available .",neutral
"After trying it, Such a beautiful day #twitter",positive
"In my opinion, Best purchase I have made in a long time .",positive
"Honestly, Worst purchase I have made",negative
"Just saying, I received the package this morning today.",neutral
"Overall, The class begins at 10 AM today.",neutral
"Right now, I watched the latest episode .",neutral
"Overall, The train arrived at the station .",neutral
"In my opinion, I am disappointed with the quality .",negative
"Right now, I highly recommend this .",positive
"In my opinion, This made my day so much better .",positive
"In my opinion, I really disliked this experience #twitter",negative
The store opens at 9 AM .,neutral
This update is terrible right now.,negative
"Today, The class begins at 10 AM",neutral
"Just saying, This update is terrible .",negative
"In my opinion, The application has been updated after trying it.",neutral
"Overall, This update is awesome .",positive
"Just saying, I am unhappy with the results #twitter",negative
"After trying it, I absolutely love this product in my opinion.",positive
"After trying it, I am disappointed with the quality .",negative
"Personally, The team did a terrible job",negative
"Overall, The new features are brilliant in my opinion.",positive
"In my opinion, This is terrible and does not work .",negative
"For me, I watched the latest episode .",neutral
"After trying it, I absolutely love this product after trying it.",positive
"Right now, Best purchase I have made in a long time #twitter",positive
"Just saying, What a horrible experience today right now.",negative
"In my opinion, The service was awful after trying it.",negative
"After trying it, This made my day so much better .",positive
"Today, I absolutely love this product .",positive
"Today, This is terrible and does not work .",negative
"Just saying, This movie was fantastic today.",positive
"Personally, The application has been updated honestly.",neutral
"Honestly, I am unhappy with the results in my opinion.",negative
"After trying it, The service was awful .",negative
"Today, The report was published today today.",neutral
"Just saying, I am very happy with the results",positive
"Overall, Everything worked perfectly .",positive
Worst purchase I have made .,negative
"Personally, I would not recommend this",negative
"Just saying, Such a beautiful day honestly.",positive
"Right now, This is terrible and does not work .",negative
This movie was fantastic right now.,positive
"Personally, I am very happy with the results in my opinion.",positive
"Overall, The service was awful #review",negative
The new features are useless .,negative
"Today, The flight is scheduled for Monday",neutral
"For me, This is not what I wanted .",negative
"In my opinion, I highly recommend this .",positive
"After trying it, Feeling frustrated and disappointed today .",negative
"Overall, I am very happy with the results #twitter",positive
"Honestly, I am very happy with the results .",positive
"For me, The team did an amazing job after trying it.",positive
"Today, Such a beautiful day #twitter",positive
The report was published today .,neutral
"Overall, The website is currently available in my opinion.",neutral
"Honestly, Everything went completely wrong honestly.",negative
"Today, Such a beautiful day .",positive
This movie was extremely boring,negative
"After trying it, This is not what I wanted after trying it.",negative
"Overall, The package contains two items #twitter",neutral
"Honestly, The class begins at 10 AM",neutral
"Right now, The class begins at 10 AM .",neutral
"Overall, What a horrible experience today #review",negative
"Honestly, This is not what I wanted #twitter",negative
"Overall, The store opens at 9 AM .",neutral
"Today, I received the package this morning #twitter",neutral
"Personally, I am disappointed with the quality #twitter",negative
"Honestly, The results will be announced later today.",neutral
"Honestly, I absolutely hate this product",negative
"After trying it, This is not what I wanted #review",negative
"Right now, Absolutely fantastic experience honestly.",positive
"Right now, This is terrible and does not work",negative
"Honestly, Everything worked perfectly .",positive
"Overall, I am very happy with the results .",positive
"Honestly, I am unhappy with the results .",negative
"Honestly, The website is currently available .",neutral
"Personally, The class begins at 10 AM .",neutral
"Overall, Everything worked perfectly .",positive
"Just saying, Everything went completely wrong #twitter",negative
"Just saying, The service was awful honestly.",negative
"For me, I am checking the latest information after trying it.",neutral
"In my opinion, Everything went completely wrong today.",negative
"In my opinion, I am unhappy with the results",negative
"Personally, This made my day so much better right now.",positive
"Right now, I received the package this morning .",neutral
"For me, Such a beautiful day after trying it.",positive
"In my opinion, This movie was fantastic #twitter",positive
"After trying it, The train arrived at the station .",neutral
"Personally, Absolutely awful experience .",negative
"For me, The team did an amazing job in my opinion.",positive
"Honestly, This update is terrible .",negative
"In my opinion, This is terrible and does not work",negative
"Overall, The report was published today .",neutral
"Right now, I am reading the news right now #twitter",neutral
"For me, The report was published today honestly.",neutral
"Right now, What a horrible experience today today.",negative
"Overall, Everything worked perfectly #review",positive
"Honestly, The event starts at 6 PM .",neutral
"Just saying, The meeting is scheduled for tomorrow .",neutral
"Today, This update is terrible right now.",negative
"Overall, This is amazing and works perfectly",positive
"Personally, Such a horrible day honestly.",negative
"For me, What a horrible experience today right now.",negative
"Overall, I highly recommend this .",positive
"Overall, The class begins at 10 AM in my opinion.",neutral
Such a beautiful day .,positive
"After trying it, The weather is cloudy today .",neutral
"Personally, The service was excellent .",positive
"Today, This update is terrible .",negative
"Today, The new features are brilliant right now.",positive
"Overall, I really disliked this experience right now.",negative
"After trying it, Everything went completely wrong #review",negative
"Personally, I am reading the news right now #twitter",neutral
"Overall, This is not what I wanted .",negative
"Personally, The package contains two items #twitter",neutral
"In my opinion, Such a beautiful day #review",positive
"Personally, The results will be announced later in my opinion.",neutral
"Personally, This movie was fantastic right now.",positive
"Honestly, This made my day much worse honestly.",negative
"Right now, I am very happy with the results #review",positive
"Right now, I absolutely love this product right now.",positive
"Today, Feeling great and positive today in my opinion.",positive
"In my opinion, Absolutely fantastic experience .",positive
The new features are useless #review,negative
The temperature is around 25 degrees right now.,neutral
"Right now, I am satisfied with the results .",positive
"In my opinion, What a wonderful experience today #review",positive
"Personally, I am disappointed with the quality #review",negative
I absolutely love this product,positive
"Just saying, The results will be announced later .",neutral
"Just saying, Absolutely fantastic experience #twitter",positive
"Right now, Everything worked perfectly today.",positive
"Just saying, This update is terrible right now.",negative
"After trying it, I would not recommend this .",negative
"Honestly, I am satisfied with the results",positive
"After trying it, I received the package this morning .",neutral
"Today, Everything went completely wrong after trying it.",negative
"For me, Everything worked perfectly #twitter",positive
"For me, The temperature is around 25 degrees .",neutral
"Just saying, I am very happy with the results after trying it.",positive
The train arrived at the station .,neutral
I absolutely love this product #twitter,positive
"In my opinion, Absolutely fantastic experience .",positive
"After trying it, I really disliked this experience .",negative
"In my opinion, I am unhappy with the results",negative
"Just saying, What a wonderful experience today",positive
"Personally, The meeting is scheduled for tomorrow honestly.",neutral
I absolutely hate this product .,negative
"Just saying, This made my day much worse #twitter",negative
"Right now, The application has been updated .",neutral
I am disappointed with the quality .,negative
"In my opinion, Such a horrible day .",negative
"Honestly, The weather is cloudy today .",neutral
"Just saying, I am reading the news right now #review",neutral
"Just saying, I really enjoyed this experience honestly.",positive
"Right now, This update is awesome after trying it.",positive
This made my day so much better .,positive
"Personally, I absolutely love this product in my opinion.",positive
"Today, This update is awesome .",positive
"Just saying, I really disliked this experience .",negative
"Personally, The results will be announced later .",neutral
"Just saying, This is amazing and works perfectly after trying it.",positive
Absolutely awful experience .,negative
"Right now, The team did an amazing job .",positive
"Today, The meeting is scheduled for tomorrow",neutral
"Personally, The flight is scheduled for Monday honestly.",neutral
"Today, Such a horrible day .",negative
"Personally, I really disliked this experience .",negative
"Today, I am disappointed with the quality .",negative
"Just saying, The weather is cloudy today .",neutral
"In my opinion, This is not what I wanted .",negative
"Personally, The company released a new announcement .",neutral
"Personally, The meeting is scheduled for tomorrow .",neutral
"Just saying, The meeting is scheduled for tomorrow .",neutral
"Overall, Best purchase I have made in a long time",positive
This movie was fantastic .,positive
"For me, The train arrived at the station",neutral
"Right now, I am impressed with the quality .",positive
"In my opinion, This is not what I wanted in my opinion.",negative
"Overall, I really enjoyed this experience #review",positive
"For me, The report was published today .",neutral
"Honestly, Feeling great and positive today",positive
"Just saying, The train arrived at the station right now.",neutral
"Personally, What a horrible experience today #twitter",negative
"Just saying, Everything went completely wrong .",negative
"After trying it, The package contains two items .",neutral
"Today, The event starts at 6 PM .",neutral
"In my opinion, Everything worked perfectly after trying it.",positive
"Honestly, The event starts at 6 PM .",neutral
"Right now, I really enjoyed this experience right now.",positive
"Just saying, I am unhappy with the results in my opinion.",negative
I watched the latest episode .,neutral
"Today, Absolutely fantastic experience",positive
"Just saying, This made my day much worse",negative
"Personally, This movie was fantastic right now.",positive
"Right now, What a horrible experience today today.",negative
"For me, Everything went completely wrong in my opinion.",negative
"Personally, This is amazing and works perfectly .",positive
"Today, I am impressed with the quality .",positive
"Personally, I watched the latest episode .",neutral
"For me, Everything worked perfectly in my opinion.",positive
"In my opinion, The website is currently available .",neutral
"Personally, The meeting is scheduled for tomorrow .",neutral
"Personally, I am disappointed with the quality in my opinion.",negative
"In my opinion, The class begins at 10 AM .",neutral
"After trying it, This made my day much worse .",negative
"Personally, The event starts at 6 PM .",neutral
"Today, Feeling great and positive today .",positive
"Today, Best purchase I have made in a long time .",positive
"Just saying, This is terrible and does not work today.",negative
"Personally, The results will be announced later .",neutral
"For me, The new features are useless in my opinion.",negative
"Overall, I am unhappy with the results .",negative
"For me, This update is terrible .",negative
"After trying it, I highly recommend this .",positive
"Right now, The product is available in three colors .",neutral
"For me, Everything went completely wrong in my opinion.",negative
"Honestly, This made my day so much better .",positive
"Overall, The report was published today .",neutral
"In my opinion, I highly recommend this today.",positive
"For me, The temperature is around 25 degrees .",neutral
"Right now, The meeting is scheduled for tomorrow .",neutral
I am impressed with the quality in my opinion.,positive
"Just saying, The product is available in three colors today.",neutral
"Today, The meeting is scheduled for tomorrow .",neutral
"Just saying, The service was awful #twitter",negative
"Today, The store opens at 9 AM .",neutral
"Honestly, This movie was extremely boring .",negative
"Personally, The service was excellent .",positive
"Today, This made my day so much better .",positive
"For me, The company released a new announcement .",neutral
"Personally, This movie was extremely boring .",negative
"Just saying, Everything worked perfectly after trying it.",positive
"Overall, The report was published today .",neutral
I really enjoyed this experience #twitter,positive
"In my opinion, I am impressed with the quality .",positive
"In my opinion, What a wonderful experience today .",positive
"Today, The event starts at 6 PM .",neutral
"Personally, Worst purchase I have made",negative
"Personally, The weather is cloudy today right now.",neutral
"In my opinion, I am impressed with the quality today.",positive
"In my opinion, I really disliked this experience #twitter",negative
"After trying it, The product is available in three colors .",neutral
"For me, The team did a terrible job .",negative
"Overall, Feeling frustrated and disappointed today today.",negative
"After trying it, What a wonderful experience today today.",positive
"In my opinion, Absolutely awful experience .",negative
"In my opinion, The team will meet next week .",neutral
I am disappointed with the quality .,negative
"Personally, I really disliked this experience .",negative
"Personally, The service was awful honestly.",negative
"After trying it, Feeling great and positive today .",positive
"Right now, The weather is cloudy today .",neutral
"Right now, Everything went completely wrong .",negative
"Just saying, The product is available in three colors",neutral
"In my opinion, This update is awesome #twitter",positive
"Honestly, I watched the latest episode honestly.",neutral
"Overall, The product is available in three colors honestly.",neutral
"After trying it, The product is available in three colors #review",neutral
I am reading the news right now #twitter,neutral
"After trying it, This update is awesome right now.",positive
"Honestly, This made my day much worse .",negative
"Just saying, I am checking the latest information after trying it.",neutral
"Right now, I absolutely love this product in my opinion.",positive
"Overall, The website is currently available .",neutral
"Personally, What a wonderful experience today honestly.",positive
"Right now, The store opens at 9 AM .",neutral
"Personally, Feeling great and positive today .",positive
"For me, Worst purchase I have made .",negative
"Right now, Best purchase I have made in a long time honestly.",positive
"Just saying, This movie was fantastic after trying it.",positive
"Personally, This is not what I wanted .",negative
"Honestly, I watched the latest episode",neutral
"Personally, The meeting is scheduled for tomorrow .",neutral
"After trying it, The application has been updated",neutral
"Overall, The results will be announced later .",neutral
"Just saying, The new features are brilliant today.",positive
"Honestly, Best purchase I have made in a long time .",positive
"Today, Everything went completely wrong honestly.",negative
"Right now, The meeting is scheduled for tomorrow .",neutral
"Just saying, I am reading the news right now .",neutral
The website is currently available,neutral
"Just saying, I really disliked this experience .",negative
"In my opinion, The store opens at 9 AM .",neutral
"For me, The store opens at 9 AM #review",neutral
"After trying it, I really enjoyed this experience today.",positive
"After trying it, Everything worked perfectly honestly.",positive
"Personally, The team did a terrible job #review",negative
"Today, The new features are useless .",negative
"For me, I am reading the news right now after trying it.",neutral
"In my opinion, The class begins at 10 AM today.",neutral
"In my opinion, This movie was fantastic in my opinion.",positive
"Just saying, This made my day so much better .",positive
"Overall, The train arrived at the station right now.",neutral
"After trying it, This is terrible and does not work in my opinion.",negative
"Right now, The store opens at 9 AM #review",neutral
"Right now, I am checking the latest information",neutral
"In my opinion, I really enjoyed this experience .",positive
"Honestly, I am checking the latest information",neutral
"Honestly, I highly recommend this .",positive
"For me, What a horrible experience today after trying it.",negative
"Overall, The weather is cloudy today .",neutral
"For me, I highly recommend this right now.",positive
"In my opinion, This is not what I wanted honestly.",negative
"Right now, I am reading the news right now #review",neutral
"Honestly, The product is available in three colors #review",neutral
"Honestly, The new features are useless .",negative
"Today, The weather is cloudy today #review",neutral
"Overall, I watched the latest episode .",neutral
"Today, I absolutely love this product .",positive
"Today, I highly recommend this .",positive
The weather is cloudy today right now.,neutral
"Just saying, The product is available in three colors .",neutral
"After trying it, The company released a new announcement right now.",neutral
"Personally, The meeting is scheduled for tomorrow right now.",neutral
"Right now, The store opens at 9 AM .",neutral
"Personally, This is terrible and does not work #twitter",negative
"Just saying, I am very happy with the results .",positive
This is not what I wanted .,negative
"Today, The service was awful #review",negative
This is not what I wanted right now.,negative
"In my opinion, This is not what I wanted .",negative
"In my opinion, Worst purchase I have made right now.",negative
"After trying it, What a wonderful experience today honestly.",positive
"For me, I am reading the news right now honestly.",neutral
"In my opinion, I am satisfied with the results .",positive
"Honestly, I absolutely love this product in my opinion.",positive
"Right now, I am very happy with the results .",positive
"Honestly, I would not recommend this .",negative
"Right now, The team did a terrible job .",negative
"Just saying, I absolutely love this product honestly.",positive
The team did a terrible job in my opinion.,negative
"Honestly, The website is currently available .",neutral
"Honestly, Such a horrible day .",negative
"Personally, The store opens at 9 AM right now.",neutral
"After trying it, I absolutely love this product .",positive
"Just saying, The class begins at 10 AM .",neutral
"Honestly, I really enjoyed this experience #twitter",positive
"Honestly, The results will be announced later in my opinion.",neutral
The team did an amazing job right now.,positive
The product is available in three colors honestly.,neutral
"For me, The application has been updated .",neutral
"Personally, I really enjoyed this experience .",positive
"In my opinion, The flight is scheduled for Monday #twitter",neutral
"In my opinion, The website is currently available #twitter",neutral
"After trying it, I am unhappy with the results .",negative
The report was published today honestly.,neutral
"Just saying, The store opens at 9 AM .",neutral
"Personally, I highly recommend this in my opinion.",positive
"Honestly, The store opens at 9 AM in my opinion.",neutral
What a horrible experience today .,negative
"In my opinion, The train arrived at the station",neutral
"Personally, I received the package this morning in my opinion.",neutral
"Personally, The team did an amazing job .",positive
"Just saying, This update is awesome in my opinion.",positive
"Today, I am unhappy with the results",negative
"Today, The application has been updated .",neutral
"Personally, I am reading the news right now after trying it.",neutral
"For me, This made my day much worse #review",negative
Such a horrible day .,negative
"Honestly, Absolutely fantastic experience #review",positive
"In my opinion, I am checking the latest information .",neutral
I am checking the latest information #review,neutral
"Today, The service was awful .",negative
"Overall, I am very happy with the results #twitter",positive
"Honestly, What a wonderful experience today honestly.",positive
"Honestly, I would not recommend this #twitter",negative
"For me, Best purchase I have made in a long time .",positive
"Honestly, I am very happy with the results in my opinion.",positive
"Overall, I absolutely hate this product right now.",negative
"Today, The results will be announced later today.",neutral
"Honestly, I am disappointed with the quality .",negative
"Just saying, Such a beautiful day today.",positive
"Today, The product is available in three colors #twitter",neutral
"Honestly, I am reading the news right now .",neutral
This is amazing and works perfectly .,positive
"Right now, I am very disappointed with the results .",negative
"Today, This update is terrible .",negative
"Just saying, Worst purchase I have made after trying it.",negative
"Overall, I am very happy with the results #review",positive
"After trying it, The website is currently available in my opinion.",neutral
"Right now, The new features are useless in my opinion.",negative
"After trying it, What a horrible experience today .",negative
"After trying it, This is terrible and does not work today.",negative
I received the package this morning today.,neutral
Worst purchase I have made in my opinion.,negative
"Just saying, I watched the latest episode after trying it.",neutral
The new features are brilliant #review,positive
"For me, Everything worked perfectly .",positive
"In my opinion, I would not recommend this .",negative
"Honestly, I am checking the latest information .",neutral
"After trying it, I received the package this morning today.",neutral
"Honestly, The class begins at 10 AM right now.",neutral
"After trying it, The flight is scheduled for Monday .",neutral
"For me, The service was awful .",negative
This is not what I wanted right now.,negative
"Honestly, Feeling frustrated and disappointed today .",negative
"Just saying, Everything worked perfectly in my opinion.",positive
Everything went completely wrong right now.,negative
"In my opinion, The service was awful .",negative
"Honestly, Worst purchase I have made #twitter",negative
"After trying it, Feeling great and positive today .",positive
I absolutely hate this product .,negative
"Right now, I would not recommend this today.",negative
"Honestly, I absolutely love this product .",positive
"Personally, The team did a terrible job #review",negative
"After trying it, Best purchase I have made in a long time .",positive
"In my opinion, Everything worked perfectly in my opinion.",positive
"For me, The service was awful .",negative
"For me, I am unhappy with the results .",negative
"Just saying, The team did a terrible job today.",negative
"After trying it, Absolutely fantastic experience .",positive
"Today, This is terrible and does not work .",negative
"Personally, The temperature is around 25 degrees after trying it.",neutral
The temperature is around 25 degrees .,neutral
"Today, The team will meet next week .",neutral
"For me, What a wonderful experience today honestly.",positive
"In my opinion, I am satisfied with the results #twitter",positive
"In my opinion, The temperature is around 25 degrees",neutral
"Just saying, I am disappointed with the quality today.",negative
"Personally, The package contains two items .",neutral
The train arrived at the station .,neutral
"In my opinion, I am disappointed with the quality in my opinion.",negative
"Right now, I am checking the latest information .",neutral
"Just saying, Everything went completely wrong .",negative
"Honestly, The application has been updated .",neutral
"Today, The team did an amazing job right now.",positive
"After trying it, The event starts at 6 PM #twitter",neutral
"Personally, This is not what I wanted .",negative
This made my day much worse .,negative
"Honestly, I absolutely hate this product .",negative
"After trying it, The temperature is around 25 degrees today.",neutral
"Today, I really disliked this experience today.",negative
"After trying it, I am impressed with the quality #review",positive
"Right now, I really disliked this experience .",negative
The store opens at 9 AM,neutral
"Just saying, I absolutely hate this product #twitter",negative
"Personally, The temperature is around 25 degrees",neutral
"Today, The team will meet next week after trying it.",neutral
"Today, Best purchase I have made in a long time today.",positive
"In my opinion, I absolutely hate this product in my opinion.",negative
This is exactly what I wanted .,positive
"Honestly, The meeting is scheduled for tomorrow .",neutral
"Personally, This is not what I wanted",negative
"Personally, The new features are brilliant .",positive
"Today, The team did a terrible job .",negative
"Personally, This made my day much worse after trying it.",negative
"Just saying, Worst purchase I have made .",negative
The company released a new announcement .,neutral
"In my opinion, The product is available in three colors after trying it.",neutral
I am impressed with the quality today.,positive
"After trying it, I am very disappointed with the results .",negative
"In my opinion, The service was excellent #twitter",positive
"Right now, I absolutely love this product .",positive
"Today, This is exactly what I wanted .",positive
"Personally, This movie was extremely boring in my opinion.",negative
The report was published today honestly.,neutral
"After trying it, I absolutely hate this product .",negative
"In my opinion, Absolutely awful experience .",negative
"In my opinion, This is exactly what I wanted #twitter",positive
"Overall, I highly recommend this .",positive
"Right now, Feeling frustrated and disappointed today",negative
"In my opinion, I am reading the news right now #review",neutral
"Right now, The product is available in three colors #twitter",neutral
"After trying it, This movie was extremely boring right now.",negative
"In my opinion, This is terrible and does not work .",negative
"Today, What a wonderful experience today .",positive
"Today, I am impressed with the quality #twitter",positive
"After trying it, I absolutely hate this product #twitter",negative
"Today, I would not recommend this after trying it.",negative
I am impressed with the quality .,positive
"Personally, The meeting is scheduled for tomorrow after trying it.",neutral
"Honestly, The service was excellent #review",positive
"After trying it, The flight is scheduled for Monday right now.",neutral
"After trying it, The application has been updated .",neutral
"In my opinion, I am very disappointed with the results .",negative
"Honestly, I am disappointed with the quality in my opinion.",negative
"Right now, The class begins at 10 AM .",neutral
"Right now, The service was excellent after trying it.",positive
"Overall, The new features are useless .",negative
"In my opinion, The meeting is scheduled for tomorrow .",neutral
"For me, I watched the latest episode after trying it.",neutral
"Honestly, The temperature is around 25 degrees .",neutral
"Honestly, The flight is scheduled for Monday #twitter",neutral
"For me, This movie was extremely boring .",negative
"In my opinion, I really disliked this experience honestly.",negative
"Honestly, The report was published today today.",neutral
"In my opinion, The service was excellent after trying it.",positive
"After trying it, This made my day so much better right now.",positive
"Personally, The new features are brilliant after trying it.",positive
"After trying it, The class begins at 10 AM .",neutral
"Just saying, The report was published today .",neutral
"Today, I received the package this morning in my opinion.",neutral
"For me, This movie was fantastic .",positive
"Personally, Worst purchase I have made honestly.",negative
"Personally, I am satisfied with the results right now.",positive
"Today, I am very disappointed with the results #twitter",negative
"Today, I watched the latest episode .",neutral
"After trying it, I am very happy with the results after trying it.",positive
"Right now, Such a horrible day .",negative
"Just saying, This is terrible and does not work #review",negative
"Right now, The team will meet next week today.",neutral
"Just saying, This is exactly what I wanted .",positive
"Personally, This update is terrible .",negative
"In my opinion, The team will meet next week .",neutral
"Right now, The service was awful honestly.",negative
"Overall, I would not recommend this",negative
"For me, Such a beautiful day in my opinion.",positive
Such a beautiful day .,positive
"Just saying, Worst purchase I have made honestly.",negative
"In my opinion, The team did a terrible job .",negative
"After trying it, Everything went completely wrong today.",negative
"For me, This update is terrible right now.",negative
"After trying it, I am very happy with the results after trying it.",positive
"Honestly, This update is terrible .",negative
"After trying it, The service was awful in my opinion.",negative
"In my opinion, This made my day so much better .",positive
"Honestly, The new features are brilliant .",positive
The new features are brilliant after trying it.,positive
"Personally, Such a horrible day .",negative
"Today, I really enjoyed this experience right now.",positive
"Honestly, The meeting is scheduled for tomorrow .",neutral
"In my opinion, Such a beautiful day .",positive
"Personally, The event starts at 6 PM",neutral
"Personally, The team did a terrible job honestly.",negative
"Personally, This is exactly what I wanted #twitter",positive
"In my opinion, The product is available in three colors #twitter",neutral
"Today, The meeting is scheduled for tomorrow .",neutral
"Today, Absolutely awful experience today.",negative
"Today, The report was published today in my opinion.",neutral
"In my opinion, The service was awful after trying it.",negative
"For me, I am satisfied with the results after trying it.",positive
"After trying it, I am very disappointed with the results .",negative
"Personally, This made my day much worse .",negative
"In my opinion, I highly recommend this #review",positive
This made my day much worse .,negative
"After trying it, The train arrived at the station #review",neutral
"For me, The service was awful .",negative
"Honestly, This movie was fantastic .",positive
"In my opinion, I really disliked this experience .",negative
"Honestly, I am unhappy with the results .",negative
"For me, This update is awesome .",positive
"After trying it, The website is currently available .",neutral
"Honestly, This made my day much worse right now.",negative
"Just saying, I highly recommend this .",positive
"In my opinion, I am disappointed with the quality today.",negative
"In my opinion, What a wonderful experience today after trying it.",positive
"Just saying, The package contains two items right now.",neutral
"In my opinion, I am unhappy with the results",negative
"Today, Such a horrible day today.",negative
"Just saying, Best purchase I have made in a long time #twitter",positive
"Honestly, The flight is scheduled for Monday .",neutral
"Right now, Absolutely awful experience .",negative
"In my opinion, This is exactly what I wanted",positive
"Personally, Best purchase I have made in a long time honestly.",positive
I am checking the latest information after trying it.,neutral
"Honestly, Feeling great and positive today .",positive
"In my opinion, I am very disappointed with the results right now.",negative
"Personally, The temperature is around 25 degrees .",neutral
"For me, I am unhappy with the results right now.",negative
"Honestly, Absolutely fantastic experience today.",positive
"Personally, I watched the latest episode .",neutral
"Right now, This is amazing and works perfectly .",positive
"Overall, The store opens at 9 AM .",neutral
"For me, Everything went completely wrong .",negative
"Just saying, This update is terrible .",negative
"Today, I am checking the latest information right now.",neutral
"Honestly, The temperature is around 25 degrees .",neutral
"For me, The team did an amazing job today.",positive
"Honestly, The event starts at 6 PM today.",neutral
I watched the latest episode .,neutral
I highly recommend this right now.,positive
"Personally, The application has been updated .",neutral
"In my opinion, I am reading the news right now",neutral
"Honestly, Such a beautiful day .",positive
"Right now, This is not what I wanted",negative
"Personally, Everything worked perfectly in my opinion.",positive
"After trying it, Such a horrible day in my opinion.",negative
"Today, This is not what I wanted",negative
"For me, I watched the latest episode in my opinion.",neutral
"Right now, I would not recommend this #review",negative
"In my opinion, This update is terrible today.",negative
"Personally, This movie was extremely boring honestly.",negative
"After trying it, I am unhappy with the results .",negative
"For me, What a wonderful experience today right now.",positive
"In my opinion, The new features are useless .",negative
"After trying it, The package contains two items in my opinion.",neutral
"After trying it, The train arrived at the station #twitter",neutral
The product is available in three colors .,neutral
"Personally, The application has been updated .",neutral
"Overall, This update is awesome",positive
"For me, I absolutely love this product after trying it.",positive
"Today, The website is currently available .",neutral
"Today, Absolutely fantastic experience after trying it.",positive
This movie was extremely boring .,negative
"Overall, The flight is scheduled for Monday",neutral
"Today, The new features are brilliant .",positive
The results will be announced later .,neutral
"Today, The new features are brilliant .",positive
"For me, I absolutely love this product .",positive
The application has been updated in my opinion.,neutral
"Personally, Feeling great and positive today .",positive
"Right now, The service was excellent right now.",positive
"Overall, I absolutely hate this product #review",negative
"Honestly, This update is terrible .",negative
"Today, The store opens at 9 AM .",neutral
The service was excellent #review,positive
"Personally, I am impressed with the quality today.",positive
"Just saying, This is terrible and does not work .",negative
"Right now, The weather is cloudy today honestly.",neutral
"Honestly, Such a horrible day #twitter",negative
"Right now, The team will meet next week #twitter",neutral
"Personally, The train arrived at the station .",neutral
"Just saying, This made my day much worse today.",negative
"Overall, I am impressed with the quality .",positive
"Right now, The new features are useless #review",negative
"Today, The store opens at 9 AM .",neutral
"Right now, Everything worked perfectly .",positive
"For me, Absolutely awful experience .",negative
"Today, The product is available in three colors #review",neutral
"Personally, I received the package this morning honestly.",neutral
"Right now, I am disappointed with the quality .",negative
"After trying it, Everything worked perfectly .",positive
"In my opinion, Such a horrible day today.",negative
"Today, This update is terrible .",negative
"After trying it, This movie was extremely boring .",negative
"Honestly, This is amazing and works perfectly #twitter",positive
"After trying it, This made my day much worse #review",negative
"Personally, The event starts at 6 PM .",neutral
"In my opinion, Such a beautiful day #review",positive
"After trying it, Best purchase I have made in a long time .",positive
"After trying it, The package contains two items .",neutral
"For me, The temperature is around 25 degrees .",neutral
"After trying it, I am checking the latest information #twitter",neutral
"Today, The report was published today #twitter",neutral
I really disliked this experience today.,negative
The flight is scheduled for Monday .,neutral
"Personally, This movie was extremely boring honestly.",negative
"Overall, The new features are brilliant .",positive
The store opens at 9 AM,neutral
"Today, I am disappointed with the quality .",negative
"After trying it, The temperature is around 25 degrees #twitter",neutral
"For me, The temperature is around 25 degrees .",neutral
"For me, The team did an amazing job honestly.",positive
"After trying it, Such a horrible day .",negative
"Overall, Feeling great and positive today today.",positive
"After trying it, This is terrible and does not work right now.",negative
"Personally, Everything worked perfectly #review",positive
"Right now, Absolutely fantastic experience #twitter",positive
"In my opinion, This movie was extremely boring .",negative
"Just saying, The new features are brilliant in my opinion.",positive
"For me, I highly recommend this in my opinion.",positive
"Just saying, The application has been updated .",neutral
"Just saying, The weather is cloudy today in my opinion.",neutral
"Overall, This update is awesome",positive
"Personally, This made my day so much better .",positive
"After trying it, I watched the latest episode #review",neutral
"Today, Feeling frustrated and disappointed today .",negative
Absolutely fantastic experience after trying it.,positive
"Overall, This update is awesome honestly.",positive
"In my opinion, The results will be announced later .",neutral
"Personally, The new features are useless",negative
"Overall, The team will meet next week honestly.",neutral
"After trying it, I watched the latest episode .",neutral
"Overall, The flight is scheduled for Monday after trying it.",neutral
"Honestly, This made my day so much better .",positive
"Overall, I am impressed with the quality .",positive
"Today, This is amazing and works perfectly .",positive
"Right now, The product is available in three colors .",neutral
"In my opinion, What a horrible experience today today.",negative
"Today, I am checking the latest information right now.",neutral
"Today, I am very disappointed with the results after trying it.",negative
"After trying it, The new features are brilliant .",positive
"In my opinion, The new features are brilliant right now.",positive
"For me, This is not what I wanted .",negative
"Just saying, I would not recommend this",negative
Such a horrible day .,negative
"Just saying, This made my day much worse #twitter",negative
"Today, This update is terrible .",negative
"Today, What a horrible experience today #twitter",negative
"For me, I really disliked this experience",negative
"Just saying, Everything went completely wrong in my opinion.",negative
The results will be announced later today.,neutral
"Personally, The service was excellent .",positive
"Personally, I really disliked this experience in my opinion.",negative
"After trying it, Absolutely fantastic experience .",positive
"Today, Feeling great and positive today #twitter",positive
"In my opinion, The website is currently available .",neutral
"For me, I am checking the latest information .",neutral
"Honestly, The store opens at 9 AM .",neutral
"Today, This update is awesome",positive
What a wonderful experience today #review,positive
"Personally, What a horrible experience today .",negative
"Overall, The event starts at 6 PM #review",neutral
"Just saying, I watched the latest episode right now.",neutral
"Honestly, Best purchase I have made in a long time .",positive
"For me, The meeting is scheduled for tomorrow honestly.",neutral
"Overall, I am very disappointed with the results .",negative
"Honestly, Best purchase I have made in a long time honestly.",positive
"Right now, The train arrived at the station",neutral
This is exactly what I wanted today.,positive
"Today, Absolutely fantastic experience right now.",positive
"After trying it, The new features are useless #twitter",negative
"In my opinion, Such a horrible day",negative
"In my opinion, I highly recommend this .",positive
"For me, This movie was fantastic honestly.",positive
"In my opinion, The flight is scheduled for Monday .",neutral
"Honestly, I am reading the news right now after trying it.",neutral
"Right now, The product is available in three colors .",neutral
"Today, The weather is cloudy today .",neutral
"Today, The report was published today #review",neutral
"For me, This movie was fantastic after trying it.",positive
"For me, The weather is cloudy today .",neutral
"In my opinion, The train arrived at the station #review",neutral
"In my opinion, The new features are brilliant .",positive
"Honestly, The website is currently available right now.",neutral
"Right now, Best purchase I have made in a long time #review",positive
"After trying it, The team will meet next week #review",neutral
"Overall, I am satisfied with the results .",positive
"Right now, Best purchase I have made in a long time .",positive
"In my opinion, Worst purchase I have made #review",negative
I am very happy with the results #twitter,positive
"For me, The temperature is around 25 degrees .",neutral
"Personally, I absolutely hate this product .",negative
"Right now, This update is terrible #twitter",negative
"For me, What a horrible experience today .",negative
"After trying it, The package contains two items right now.",neutral
"Right now, This made my day so much better .",positive
"Personally, I really enjoyed this experience honestly.",positive
"Just saying, I am unhappy with the results .",negative
"Personally, The flight is scheduled for Monday .",neutral
"For me, Absolutely fantastic experience after trying it.",positive
"For me, I am very happy with the results #review",positive
"Honestly, I absolutely love this product in my opinion.",positive
"Honestly, I really enjoyed this experience .",positive
"In my opinion, The new features are brilliant .",positive
"Personally, Everything worked perfectly after trying it.",positive
"Overall, The train arrived at the station #twitter",neutral
"Today, This is terrible and does not work .",negative
"Just saying, This is not what I wanted .",negative
"Today, The team will meet next week .",neutral
"Overall, Feeling great and positive today .",positive
"For me, I am checking the latest information .",neutral
"Honestly, The team did a terrible job .",negative
"For me, This made my day so much better right now.",positive
"For me, What a horrible experience today .",negative
Feeling frustrated and disappointed today .,negative
"Today, This update is terrible .",negative
"Today, The product is available in three colors .",neutral
"For me, I absolutely love this product .",positive
"Right now, I am very happy with the results after trying it.",positive
"Today, The service was awful .",negative
"Honestly, This made my day much worse today.",negative
"Today, The results will be announced later .",neutral
What a horrible experience today #review,negative
"Right now, I absolutely love this product .",positive
"Honestly, Feeling great and positive today .",positive
"Today, Absolutely awful experience .",negative
I am reading the news right now .,neutral
I watched the latest episode,neutral
"Today, The application has been updated #twitter",neutral
"Overall, I am unhappy with the results .",negative
"Personally, The report was published today today.",neutral
"Just saying, The company released a new announcement today.",neutral
"Today, The team did a terrible job .",negative
"Overall, This made my day much worse after trying it.",negative
I am satisfied with the results right now.,positive
"Personally, I really disliked this experience today.",negative
"For me, The new features are useless .",negative
"Today, What a horrible experience today .",negative
"Just saying, What a horrible experience today #review",negative
I really enjoyed this experience .,positive
"In my opinion, The new features are useless .",negative
"Today, The new features are brilliant in my opinion.",positive
"Personally, I am very happy with the results right now.",positive
"Honestly, I highly recommend this .",positive
"After trying it, I am unhappy with the results .",negative
"After trying it, I received the package this morning .",neutral
"Just saying, The service was awful #twitter",negative
"Honestly, I really disliked this experience .",negative
"For me, This update is terrible .",negative
"Just saying, I really enjoyed this experience honestly.",positive
"For me, This update is terrible .",negative
"Overall, The store opens at 9 AM .",neutral
"Right now, This movie was fantastic .",positive
"After trying it, The train arrived at the station after trying it.",neutral
"After trying it, Such a beautiful day .",positive
"In my opinion, Absolutely awful experience right now.",negative
"Today, I watched the latest episode after trying it.",neutral
"For me, The report was published today .",neutral
"Right now, This movie was extremely boring after trying it.",negative
"In my opinion, I am very happy with the results honestly.",positive
"Today, I absolutely hate this product",negative
"Just saying, Such a horrible day .",negative
"Today, The website is currently available .",neutral
"Overall, This made my day so much better after trying it.",positive
"Just saying, The application has been updated .",neutral
"For me, Such a horrible day #review",negative
"Today, I am disappointed with the quality .",negative
"Today, Everything went completely wrong #review",negative
"Just saying, This is not what I wanted .",negative
This made my day much worse #twitter,negative
"After trying it, I would not recommend this .",negative
"For me, I am very disappointed with the results honestly.",negative
"In my opinion, The meeting is scheduled for tomorrow .",neutral
"Right now, Such a horrible day today.",negative
"Today, The flight is scheduled for Monday",neutral
"Today, The product is available in three colors .",neutral
"Honestly, This is not what I wanted .",negative
"In my opinion, This made my day much worse .",negative
"Personally, I really enjoyed this experience .",positive
"Today, This is exactly what I wanted #twitter",positive
"Honestly, The event starts at 6 PM honestly.",neutral
"In my opinion, The report was published today .",neutral
"Honestly, I would not recommend this right now.",negative
"Right now, I am reading the news right now .",neutral
The service was excellent #twitter,positive
"After trying it, The package contains two items #review",neutral
"In my opinion, I would not recommend this .",negative
"For me, The store opens at 9 AM after trying it.",neutral
"Just saying, The service was awful",negative
"For me, Absolutely awful experience in my opinion.",negative
"Just saying, Absolutely awful experience right now.",negative
"Personally, What a wonderful experience today right now.",positive
"Personally, The team will meet next week today.",neutral
"Honestly, The train arrived at the station .",neutral
"Honestly, I am unhappy with the results .",negative
"Today, Such a beautiful day .",positive
"Honestly, The train arrived at the station .",neutral
"Just saying, The application has been updated in my opinion.",neutral
"Today, The application has been updated #review",neutral
"For me, I am satisfied with the results after trying it.",positive
"Honestly, The company released a new announcement .",neutral
"Honestly, This made my day so much better .",positive
"Right now, Best purchase I have made in a long time .",positive
"For me, This is amazing and works perfectly .",positive
"Overall, Absolutely fantastic experience .",positive
"Just saying, Everything went completely wrong .",negative
"Just saying, I would not recommend this #review",negative
"For me, I absolutely love this product .",positive
"Overall, The meeting is scheduled for tomorrow",neutral
"Personally, The temperature is around 25 degrees .",neutral
"Right now, The flight is scheduled for Monday .",neutral
"Overall, The company released a new announcement .",neutral
"In my opinion, Best purchase I have made in a long time in my opinion.",positive
"In my opinion, I am very disappointed with the results .",negative
"Personally, Feeling frustrated and disappointed today today.",negative
Feeling great and positive today right now.,positive
Worst purchase I have made .,negative
"Today, Feeling frustrated and disappointed today today.",negative
"Just saying, Absolutely fantastic experience .",positive
"Today, This is amazing and works perfectly after trying it.",positive
"In my opinion, Absolutely fantastic experience .",positive
"For me, The meeting is scheduled for tomorrow .",neutral
"Overall, I absolutely hate this product honestly.",negative
"Just saying, This is not what I wanted .",negative
"Today, This is exactly what I wanted right now.",positive
"Personally, The train arrived at the station .",neutral
"In my opinion, The results will be announced later honestly.",neutral
Everything worked perfectly #review,positive
"Right now, The temperature is around 25 degrees #twitter",neutral
"Just saying, Absolutely awful experience in my opinion.",negative
"Right now, The class begins at 10 AM .",neutral
"Overall, Absolutely awful experience",negative
"In my opinion, I absolutely love this product .",positive
"Just saying, The team did a terrible job .",negative
"Overall, I am very happy with the results honestly.",positive
"Personally, Absolutely awful experience .",negative
"After trying it, The service was excellent .",positive
"Honestly, The service was excellent #twitter",positive
"After trying it, The store opens at 9 AM in my opinion.",neutral
"Honestly, This is terrible and does not work",negative
I am very happy with the results in my opinion.,positive
"After trying it, I highly recommend this in my opinion.",positive
I am very disappointed with the results .,negative
"Honestly, I am satisfied with the results honestly.",positive
"After trying it, This movie was extremely boring in my opinion.",negative
"For me, I watched the latest episode right now.",neutral
"Just saying, This made my day much worse today.",negative
"After trying it, I am satisfied with the results .",positive
"In my opinion, This made my day so much better .",positive
"Today, The new features are useless .",negative
Absolutely awful experience after trying it.,negative
This is amazing and works perfectly today.,positive
"Today, Worst purchase I have made right now.",negative
"After trying it, Everything worked perfectly .",positive
"After trying it, I am checking the latest information .",neutral
"Overall, Feeling great and positive today .",positive
The store opens at 9 AM .,neutral
"Right now, The store opens at 9 AM after trying it.",neutral
"Just saying, The package contains two items .",neutral
Such a beautiful day right now.,positive
"Overall, What a horrible experience today today.",negative
"Personally, I really disliked this experience after trying it.",negative
"Personally, The team did a terrible job .",negative
"Right now, I received the package this morning in my opinion.",neutral
"Right now, The service was awful right now.",negative
"Honestly, The class begins at 10 AM after trying it.",neutral
"Personally, I really disliked this experience #twitter",negative
"Just saying, I absolutely love this product #twitter",positive
"After trying it, The website is currently available .",neutral
"Right now, This is exactly what I wanted right now.",positive
"Right now, This is not what I wanted .",negative
"Right now, I am unhappy with the results .",negative
"Overall, Absolutely awful experience right now.",negative
"For me, I really disliked this experience .",negative
"Overall, This movie was extremely boring today.",negative
I absolutely love this product .,positive
"For me, Everything went completely wrong",negative
"Overall, I am reading the news right now right now.",neutral
"In my opinion, Best purchase I have made in a long time",positive
"Honestly, Everything worked perfectly .",positive
"Personally, Absolutely awful experience .",negative
"Overall, I am satisfied with the results .",positive
"Today, This is amazing and works perfectly .",positive
"For me, Best purchase I have made in a long time .",positive
"For me, The application has been updated .",neutral
"Just saying, The team did an amazing job #twitter",positive
"In my opinion, The temperature is around 25 degrees .",neutral
"After trying it, I am reading the news right now",neutral
The service was awful #twitter,negative
"Just saying, The application has been updated .",neutral
"Overall, I am checking the latest information .",neutral
"After trying it, I really enjoyed this experience today.",positive
"Personally, I really enjoyed this experience right now.",positive
"Honestly, This made my day so much better .",positive
"Personally, The product is available in three colors .",neutral
"For me, I highly recommend this .",positive
The results will be announced later .,neutral
"Right now, The product is available in three colors after trying it.",neutral
"Right now, The event starts at 6 PM today.",neutral
"Just saying, Absolutely fantastic experience .",positive
"Personally, Feeling frustrated and disappointed today",negative
"Just saying, The class begins at 10 AM #review",neutral
"Right now, I really enjoyed this experience in my opinion.",positive
"Overall, I am impressed with the quality after trying it.",positive
"Right now, This is terrible and does not work .",negative
"Right now, This movie was extremely boring honestly.",negative
"After trying it, Absolutely fantastic experience today.",positive
"Today, I watched the latest episode right now.",neutral
"Today, The new features are useless #twitter",negative
"In my opinion, This is amazing and works perfectly .",positive
"Just saying, Everything went completely wrong .",negative
"For me, The report was published today .",neutral
"Honestly, I am disappointed with the quality in my opinion.",negative
"For me, The temperature is around 25 degrees .",neutral
"Just saying, This made my day much worse #twitter",negative
"Personally, Absolutely awful experience right now.",negative
"After trying it, Worst purchase I have made .",negative
"Overall, Worst purchase I have made .",negative
The train arrived at the station .,neutral
"Just saying, Feeling great and positive today .",positive
"In my opinion, The website is currently available today.",neutral
"Overall, I watched the latest episode .",neutral
"In my opinion, Feeling frustrated and disappointed today .",negative
"Just saying, The class begins at 10 AM .",neutral
"Honestly, The flight is scheduled for Monday #twitter",neutral
"In my opinion, I am disappointed with the quality .",negative
"After trying it, The company released a new announcement .",neutral
"Overall, The new features are brilliant",positive
"Just saying, This made my day so much better #twitter",positive
"Just saying, I absolutely hate this product .",negative
"Today, Everything worked perfectly right now.",positive
"Just saying, This update is awesome",positive
"Today, I am very disappointed with the results after trying it.",negative
"Right now, The company released a new announcement .",neutral
"Overall, Absolutely fantastic experience .",positive
"Honestly, The team did a terrible job in my opinion.",negative
"Personally, The class begins at 10 AM .",neutral
"Right now, Such a beautiful day right now.",positive
"Right now, The event starts at 6 PM after trying it.",neutral
"Overall, The new features are brilliant today.",positive
"Right now, This is not what I wanted #review",negative
"Just saying, The class begins at 10 AM",neutral
"Just saying, Best purchase I have made in a long time .",positive
"Honestly, Feeling frustrated and disappointed today .",negative
"Today, This movie was fantastic in my opinion.",positive
"Overall, This is not what I wanted right now.",negative
"Today, I absolutely hate this product today.",negative
"Today, This is exactly what I wanted today.",positive
"For me, The results will be announced later .",neutral
"Right now, The application has been updated .",neutral
"After trying it, Best purchase I have made in a long time .",positive
"Overall, I really enjoyed this experience honestly.",positive
"Just saying, The results will be announced later right now.",neutral
"Honestly, I absolutely love this product .",positive
This made my day so much better .,positive
"Just saying, The service was awful .",negative
"Overall, The store opens at 9 AM .",neutral
"For me, I am satisfied with the results .",positive
"Honestly, The new features are brilliant .",positive
"Right now, The new features are brilliant right now.",positive
Everything worked perfectly .,positive
"Overall, The service was excellent #twitter",positive
"For me, This is not what I wanted .",negative
"In my opinion, The store opens at 9 AM right now.",neutral
"Right now, The team will meet next week .",neutral
"For me, The service was awful .",negative
"After trying it, This is terrible and does not work after trying it.",negative
"After trying it, I absolutely hate this product .",negative
"For me, I am very happy with the results honestly.",positive
"Right now, Everything worked perfectly .",positive
What a horrible experience today in my opinion.,negative
"For me, This made my day much worse today.",negative
"For me, The store opens at 9 AM in my opinion.",neutral
"Honestly, This made my day so much better .",positive
"Honestly, I am impressed with the quality #twitter",positive
"Overall, This update is awesome honestly.",positive
"Just saying, This is terrible and does not work #review",negative
"Right now, The weather is cloudy today .",neutral
"Honestly, I am reading the news right now right now.",neutral
"Right now, The new features are useless .",negative
"For me, The weather is cloudy today .",neutral
"Right now, I am reading the news right now #review",neutral
"After trying it, The store opens at 9 AM right now.",neutral
"After trying it, The report was published today right now.",neutral
"Personally, I watched the latest episode .",neutral
"Overall, The weather is cloudy today in my opinion.",neutral
"Overall, Feeling frustrated and disappointed today .",negative
"For me, The team did an amazing job .",positive
"After trying it, This movie was fantastic .",positive
"Right now, Such a beautiful day",positive
"For me, The team did an amazing job today.",positive
"Honestly, The report was published today after trying it.",neutral
"Honestly, I am satisfied with the results #twitter",positive
"Honestly, This made my day so much better right now.",positive
"Today, The service was excellent right now.",positive
"Honestly, The new features are brilliant .",positive
"Right now, What a wonderful experience today .",positive
"Honestly, This update is terrible after trying it.",negative
"Right now, This is terrible and does not work .",negative
"After trying it, The product is available in three colors today.",neutral
"Overall, The team did an amazing job",positive
"Honestly, Feeling great and positive today after trying it.",positive
"Personally, I am very disappointed with the results honestly.",negative
"Personally, This made my day so much better",positive
The team will meet next week .,neutral
"Overall, I absolutely love this product today.",positive
"Just saying, I am impressed with the quality in my opinion.",positive
"For me, Best purchase I have made in a long time after trying it.",positive
"For me, This is exactly what I wanted",positive
"After trying it, The product is available in three colors in my opinion.",neutral
I am satisfied with the results .,positive
"Overall, What a wonderful experience today .",positive
"Honestly, I am reading the news right now .",neutral
"Honestly, Such a beautiful day .",positive
"Personally, What a horrible experience today .",negative
"In my opinion, The new features are brilliant #twitter",positive
"Right now, The meeting is scheduled for tomorrow .",neutral
"Right now, The package contains two items right now.",neutral
"For me, I received the package this morning .",neutral
"Honestly, This movie was fantastic .",positive
"Just saying, The train arrived at the station honestly.",neutral
"Just saying, The package contains two items .",neutral
"Right now, This update is terrible .",negative
"Today, This made my day much worse right now.",negative
"Today, This made my day so much better .",positive
This is terrible and does not work honestly.,negative
"Personally, The team did an amazing job #review",positive
"For me, Feeling great and positive today after trying it.",positive
"After trying it, Feeling great and positive today .",positive
"Honestly, Best purchase I have made in a long time right now.",positive
"Just saying, The team will meet next week .",neutral
"Just saying, I am satisfied with the results #review",positive
"Overall, The new features are brilliant .",positive
"In my opinion, What a wonderful experience today honestly.",positive
"For me, The application has been updated .",neutral
"Just saying, What a wonderful experience today #twitter",positive
"In my opinion, I would not recommend this .",negative
"Just saying, I absolutely hate this product .",negative
"Honestly, The temperature is around 25 degrees .",neutral
"After trying it, The service was excellent after trying it.",positive
The event starts at 6 PM #twitter,neutral
"After trying it, I am disappointed with the quality .",negative
I really disliked this experience .,negative
"Today, The flight is scheduled for Monday after trying it.",neutral
"In my opinion, The team did a terrible job #review",negative
"Personally, Absolutely awful experience .",negative
"After trying it, The class begins at 10 AM honestly.",neutral
"For me, The event starts at 6 PM .",neutral
"After trying it, The meeting is scheduled for tomorrow .",neutral
"Honestly, Feeling great and positive today honestly.",positive
"Personally, This made my day so much better in my opinion.",positive
"Honestly, The team will meet next week .",neutral
"Right now, The meeting is scheduled for tomorrow .",neutral
"In my opinion, The website is currently available #twitter",neutral
"For me, The team did an amazing job #review",positive
"Personally, The weather is cloudy today today.",neutral
"After trying it, The product is available in three colors .",neutral
"Personally, I really enjoyed this experience .",positive
"Honestly, This update is awesome #review",positive
"Just saying, I received the package this morning .",neutral
I am satisfied with the results .,positive
"Today, Best purchase I have made in a long time .",positive
"In my opinion, I absolutely hate this product .",negative
"Overall, Absolutely fantastic experience today.",positive
"Just saying, This update is terrible in my opinion.",negative
"Personally, I am satisfied with the results .",positive
"Personally, The temperature is around 25 degrees #review",neutral
"In my opinion, I really enjoyed this experience today.",positive
"In my opinion, Worst purchase I have made .",negative
"In my opinion, I am disappointed with the quality .",negative
"Personally, The class begins at 10 AM in my opinion.",neutral
"Today, I would not recommend this .",negative
"Today, The train arrived at the station #review",neutral
I am unhappy with the results .,negative
This movie was extremely boring honestly.,negative
This is exactly what I wanted #review,positive
"Right now, I absolutely love this product honestly.",positive
"Personally, I am very disappointed with the results .",negative
"After trying it, The class begins at 10 AM .",neutral
The new features are brilliant after trying it.,positive
"For me, Such a horrible day #twitter",negative
"For me, The team will meet next week after trying it.",neutral
"Honestly, This made my day so much better honestly.",positive
"After trying it, The results will be announced later right now.",neutral
"Right now, The service was awful .",negative
"Honestly, The store opens at 9 AM .",neutral
"In my opinion, I am reading the news right now .",neutral
"Just saying, Feeling frustrated and disappointed today today.",negative
"In my opinion, The event starts at 6 PM .",neutral
"Personally, The team will meet next week after trying it.",neutral
"Today, The new features are useless right now.",negative
"After trying it, This movie was fantastic in my opinion.",positive
"Today, This made my day so much better .",positive
"After trying it, Feeling frustrated and disappointed today .",negative
"Overall, The new features are brilliant .",positive
"Honestly, I am very happy with the results today.",positive
"Just saying, This is exactly what I wanted right now.",positive
"Right now, The meeting is scheduled for tomorrow .",neutral
"Honestly, I absolutely hate this product #review",negative
"Just saying, This movie was extremely boring .",negative
"Personally, The meeting is scheduled for tomorrow .",neutral
"Honestly, The team will meet next week #review",neutral
"Right now, The report was published today honestly.",neutral
"Honestly, The new features are brilliant",positive
"In my opinion, Such a horrible day after trying it.",negative
"Overall, Such a horrible day .",negative
"After trying it, The company released a new announcement .",neutral
"After trying it, This is exactly what I wanted in my opinion.",positive
"For me, The weather is cloudy today today.",neutral
The team did an amazing job .,positive
"Personally, The results will be announced later #twitter",neutral
"Today, Absolutely fantastic experience today.",positive
"Personally, The temperature is around 25 degrees .",neutral
"Honestly, The weather is cloudy today today.",neutral
"After trying it, The product is available in three colors #review",neutral
"Personally, The package contains two items today.",neutral
"After trying it, The product is available in three colors .",neutral
"Overall, The team did an amazing job .",positive
"After trying it, The event starts at 6 PM after trying it.",neutral
I am satisfied with the results in my opinion.,positive
The website is currently available .,neutral
"In my opinion, The team will meet next week today.",neutral
I am impressed with the quality .,positive
"After trying it, Absolutely fantastic experience honestly.",positive
"In my opinion, The service was awful .",negative
"For me, I absolutely hate this product .",negative
The service was excellent .,positive
"Right now, Absolutely awful experience .",negative
"For me, This is terrible and does not work honestly.",negative
"Just saying, I am disappointed with the quality .",negative
I am impressed with the quality .,positive
"Overall, I am very disappointed with the results #twitter",negative
"Right now, I absolutely hate this product .",negative
"Overall, This is not what I wanted right now.",negative
"Overall, The application has been updated .",neutral
"For me, I really enjoyed this experience .",positive
"Overall, The package contains two items today.",neutral
"After trying it, I am checking the latest information in my opinion.",neutral
"Personally, The weather is cloudy today #review",neutral
"Today, I am very happy with the results right now.",positive
"Just saying, The company released a new announcement right now.",neutral
"After trying it, This made my day so much better .",positive
Feeling great and positive today .,positive
"Overall, This is not what I wanted .",negative
"Just saying, Absolutely fantastic experience after trying it.",positive
"Personally, Everything went completely wrong in my opinion.",negative
"Right now, I absolutely love this product .",positive
"Just saying, Everything worked perfectly .",positive
I am reading the news right now right now.,neutral
I am satisfied with the results .,positive
"Honestly, Feeling frustrated and disappointed today .",negative
I am unhappy with the results honestly.,negative
"Right now, Absolutely fantastic experience in my opinion.",positive
"After trying it, The service was awful honestly.",negative
"In my opinion, The class begins at 10 AM .",neutral
"Overall, The package contains two items .",neutral
"In my opinion, The train arrived at the station #twitter",neutral
"For me, Feeling frustrated and disappointed today .",negative
"Honestly, This made my day so much better .",positive
"Just saying, This movie was extremely boring .",negative
"In my opinion, I am checking the latest information",neutral
"Right now, I am impressed with the quality #review",positive
"Personally, The company released a new announcement right now.",neutral
"After trying it, The flight is scheduled for Monday honestly.",neutral
"Just saying, The report was published today .",neutral
"Just saying, The package contains two items",neutral
"Right now, The product is available in three colors today.",neutral
"Overall, What a wonderful experience today .",positive
"Today, I am very happy with the results #twitter",positive
"Honestly, The product is available in three colors #review",neutral
"Honestly, I watched the latest episode #twitter",neutral
"Honestly, Everything worked perfectly #twitter",positive
"Just saying, This is exactly what I wanted today.",positive
"Personally, I watched the latest episode .",neutral
"Overall, I received the package this morning .",neutral
"Overall, Absolutely fantastic experience honestly.",positive
"After trying it, This movie was extremely boring .",negative
"In my opinion, The package contains two items .",neutral
"Today, Best purchase I have made in a long time .",positive
"Honestly, Feeling great and positive today #review",positive
"Overall, What a horrible experience today .",negative
"For me, I absolutely hate this product .",negative
"In my opinion, Everything worked perfectly .",positive
"For me, This is amazing and works perfectly right now.",positive
I watched the latest episode .,neutral
"For me, I am disappointed with the quality in my opinion.",negative
Absolutely fantastic experience .,positive
"After trying it, Best purchase I have made in a long time .",positive
"After trying it, The service was excellent honestly.",positive
"For me, I am very disappointed with the results .",negative
"Right now, Best purchase I have made in a long time today.",positive
"Personally, This is amazing and works perfectly",positive
"Today, The service was awful .",negative
"For me, The results will be announced later .",neutral
"Today, The temperature is around 25 degrees #review",neutral
"Today, I received the package this morning .",neutral
"Personally, This movie was extremely boring after trying it.",negative
"For me, Everything went completely wrong .",negative
"Overall, I absolutely love this product right now.",positive
The results will be announced later .,neutral
"Honestly, The team did an amazing job .",positive
"After trying it, The report was published today .",neutral
"After trying it, The service was awful after trying it.",negative
"Overall, The website is currently available .",neutral
"Personally, I am disappointed with the quality .",negative
"Today, The event starts at 6 PM .",neutral
"Personally, The service was excellent #review",positive
The team did a terrible job right now.,negative
"Honestly, The product is available in three colors .",neutral
"Just saying, This is terrible and does not work after trying it.",negative
I am reading the news right now after trying it.,neutral
"Overall, This made my day so much better .",positive
"Today, The class begins at 10 AM",neutral
"After trying it, The temperature is around 25 degrees",neutral
"Just saying, This is not what I wanted .",negative
"Personally, The new features are useless after trying it.",negative
"In my opinion, I absolutely love this product .",positive
"After trying it, Everything worked perfectly .",positive
"Right now, Such a beautiful day #review",positive
"After trying it, Absolutely fantastic experience .",positive
"In my opinion, Such a horrible day right now.",negative
"In my opinion, This made my day much worse in my opinion.",negative
"Today, What a horrible experience today .",negative
"Honestly, Everything worked perfectly .",positive
"For me, This made my day much worse today.",negative
"After trying it, The company released a new announcement .",neutral
"Just saying, This is not what I wanted today.",negative
"Overall, I absolutely love this product .",positive
"Just saying, Feeling great and positive today .",positive
"For me, I am reading the news right now .",neutral
"For me, Such a beautiful day .",positive
"After trying it, Absolutely awful experience honestly.",negative
"In my opinion, I am disappointed with the quality #twitter",negative
"For me, The store opens at 9 AM in my opinion.",neutral
"In my opinion, The meeting is scheduled for tomorrow .",neutral
"For me, The application has been updated",neutral
"Honestly, Worst purchase I have made #review",negative
"For me, Everything went completely wrong .",negative
"Personally, Feeling frustrated and disappointed today after trying it.",negative
"For me, The application has been updated today.",neutral
"For me, The service was excellent .",positive
"Today, Everything went completely wrong",negative
"Honestly, This made my day so much better after trying it.",positive
"Personally, I am impressed with the quality right now.",positive
"In my opinion, This is exactly what I wanted .",positive
"Today, This is amazing and works perfectly .",positive
"For me, I am disappointed with the quality right now.",negative
I am very happy with the results .,positive
"Right now, The team did an amazing job .",positive
"Personally, The meeting is scheduled for tomorrow",neutral
"After trying it, The class begins at 10 AM .",neutral
"In my opinion, I absolutely hate this product right now.",negative
"After trying it, Such a beautiful day",positive
"Today, I really enjoyed this experience today.",positive
"Just saying, I am impressed with the quality today.",positive
"After trying it, I am disappointed with the quality .",negative
"Just saying, This is amazing and works perfectly .",positive
"After trying it, Worst purchase I have made .",negative
"Honestly, The new features are useless today.",negative
"Just saying, The new features are useless .",negative
"Personally, I really enjoyed this experience right now.",positive
"After trying it, The flight is scheduled for Monday .",neutral
"Just saying, The class begins at 10 AM today.",neutral
"In my opinion, I watched the latest episode .",neutral
"Personally, I received the package this morning .",neutral
"In my opinion, The product is available in three colors .",neutral
"Today, The meeting is scheduled for tomorrow in my opinion.",neutral
"For me, I am impressed with the quality .",positive
"Right now, This made my day so much better today.",positive
"After trying it, I really enjoyed this experience honestly.",positive
I really disliked this experience .,negative
"In my opinion, This is terrible and does not work honestly.",negative
The service was excellent in my opinion.,positive
"Right now, The weather is cloudy today .",neutral
"After trying it, The train arrived at the station .",neutral
"Honestly, This update is awesome right now.",positive
"Today, The event starts at 6 PM .",neutral
"For me, Such a beautiful day in my opinion.",positive
"Just saying, This is terrible and does not work #twitter",negative
"In my opinion, The service was excellent",positive
"Today, The service was awful after trying it.",negative
"Personally, Best purchase I have made in a long time .",positive
"Right now, The product is available in three colors .",neutral
"Today, I would not recommend this after trying it.",negative
"In my opinion, The report was published today .",neutral
"Honestly, This movie was extremely boring .",negative
"Overall, This made my day so much better right now.",positive
"Honestly, Everything worked perfectly honestly.",positive
"Just saying, The new features are brilliant .",positive
"Personally, The store opens at 9 AM",neutral
"Honestly, This is terrible and does not work honestly.",negative
"After trying it, This made my day much worse today.",negative
"Overall, I really enjoyed this experience .",positive
"Right now, I am disappointed with the quality .",negative
"After trying it, The report was published today in my opinion.",neutral
"After trying it, I am very happy with the results #twitter",positive
"Just saying, Feeling great and positive today honestly.",positive
"In my opinion, The new features are useless today.",negative
I received the package this morning right now.,neutral
"For me, The store opens at 9 AM .",neutral
"Just saying, This is amazing and works perfectly .",positive
"Overall, This update is terrible today.",negative
The flight is scheduled for Monday .,neutral
"In my opinion, I am impressed with the quality .",positive
"Personally, I absolutely hate this product honestly.",negative
"Just saying, The meeting is scheduled for tomorrow #review",neutral
"Personally, Everything went completely wrong in my opinion.",negative
"Today, This is terrible and does not work #review",negative
I absolutely love this product,positive
I really enjoyed this experience .,positive
"After trying it, The team will meet next week .",neutral
"In my opinion, Such a beautiful day .",positive
"After trying it, The service was awful .",negative
"Just saying, This made my day much worse #twitter",negative
"Honestly, The team did an amazing job .",positive
"For me, I highly recommend this #review",positive
Feeling great and positive today .,positive
"Right now, Feeling great and positive today .",positive
"Right now, I am unhappy with the results in my opinion.",negative
"After trying it, The team did a terrible job .",negative
"Just saying, The team will meet next week .",neutral
"Honestly, The new features are brilliant .",positive
"Today, I am reading the news right now after trying it.",neutral
"After trying it, The team did a terrible job #review",negative
"Just saying, The train arrived at the station in my opinion.",neutral
"Today, The service was awful .",negative
Such a beautiful day #twitter,positive
"In my opinion, This made my day so much better",positive
"After trying it, The store opens at 9 AM .",neutral
"Just saying, The report was published today .",neutral
"Personally, Such a beautiful day .",positive
"Just saying, The train arrived at the station",neutral
"After trying it, I am very disappointed with the results in my opinion.",negative
"Today, I am impressed with the quality in my opinion.",positive
"For me, The class begins at 10 AM today.",neutral
"After trying it, What a wonderful experience today honestly.",positive
"For me, I absolutely hate this product .",negative
"Just saying, This is exactly what I wanted #review",positive
"Right now, Feeling frustrated and disappointed today right now.",negative
"Today, I absolutely love this product honestly.",positive
"In my opinion, Absolutely fantastic experience honestly.",positive
"Today, The flight is scheduled for Monday today.",neutral
"Today, The weather is cloudy today .",neutral
"Overall, I really disliked this experience after trying it.",negative
"Right now, The application has been updated after trying it.",neutral
"In my opinion, The service was awful honestly.",negative
"After trying it, I really enjoyed this experience .",positive
I really disliked this experience .,negative
"Overall, I am very disappointed with the results .",negative
"Personally, The report was published today .",neutral
"For me, Everything went completely wrong",negative
"Honestly, I absolutely hate this product #twitter",negative
"Honestly, Everything went completely wrong .",negative
"In my opinion, This update is awesome honestly.",positive
"Right now, The weather is cloudy today .",neutral
I am satisfied with the results .,positive
I am unhappy with the results .,negative
"Honestly, The team did an amazing job in my opinion.",positive
This is amazing and works perfectly right now.,positive
"Just saying, This made my day much worse .",negative
I really enjoyed this experience .,positive
"After trying it, The company released a new announcement today.",neutral
"After trying it, The application has been updated today.",neutral
"For me, I absolutely love this product .",positive
"Today, The company released a new announcement in my opinion.",neutral
"Personally, I absolutely love this product .",positive
I am very happy with the results .,positive
Everything worked perfectly .,positive
"Right now, The temperature is around 25 degrees .",neutral
"Personally, Absolutely fantastic experience after trying it.",positive
"Right now, This movie was fantastic .",positive
"Just saying, I absolutely love this product .",positive
"In my opinion, I am very disappointed with the results after trying it.",negative
"In my opinion, This made my day so much better",positive
"Today, This update is terrible #twitter",negative
"For me, The temperature is around 25 degrees .",neutral
"After trying it, The service was excellent .",positive
"Today, Best purchase I have made in a long time .",positive
"Honestly, The new features are brilliant .",positive
"For me, Absolutely awful experience",negative
"In my opinion, Absolutely awful experience honestly.",negative
"Today, This movie was fantastic today.",positive
"Honestly, The flight is scheduled for Monday .",neutral
"Right now, The service was awful right now.",negative
"In my opinion, I watched the latest episode .",neutral
"Just saying, Worst purchase I have made after trying it.",negative
I am very disappointed with the results,negative
"Right now, This movie was fantastic honestly.",positive
"After trying it, The temperature is around 25 degrees today.",neutral
I absolutely hate this product .,negative
"Overall, The class begins at 10 AM #review",neutral
This update is awesome today.,positive
I am reading the news right now today.,neutral
I am satisfied with the results .,positive
"Right now, Such a beautiful day honestly.",positive
"Right now, Everything went completely wrong .",negative
"Today, I am very disappointed with the results .",negative
"For me, The team did a terrible job after trying it.",negative
"Today, The package contains two items #twitter",neutral
"Just saying, I would not recommend this right now.",negative
"Personally, The weather is cloudy today .",neutral
"Right now, I am impressed with the quality .",positive
"Honestly, I am checking the latest information after trying it.",neutral
Such a beautiful day .,positive
"Right now, I really disliked this experience today.",negative
"Personally, Such a horrible day today.",negative
I absolutely hate this product today.,negative
"Honestly, Everything worked perfectly .",positive
"Just saying, The product is available in three colors honestly.",neutral
"Personally, The team did an amazing job right now.",positive
"Right now, The flight is scheduled for Monday .",neutral
"In my opinion, The product is available in three colors right now.",neutral
"Personally, Best purchase I have made in a long time .",positive
"Overall, Best purchase I have made in a long time after trying it.",positive
"Honestly, What a wonderful experience today .",positive
"Just saying, Such a horrible day honestly.",negative
Everything went completely wrong #review,negative
"Personally, Such a horrible day right now.",negative
"Just saying, I am very happy with the results right now.",positive
"In my opinion, I am unhappy with the results #twitter",negative
"Personally, What a horrible experience today #twitter",negative
The service was excellent today.,positive
"Overall, The temperature is around 25 degrees .",neutral
"After trying it, The class begins at 10 AM today.",neutral
"Just saying, I am disappointed with the quality #twitter",negative
"After trying it, The temperature is around 25 degrees .",neutral
"Honestly, The product is available in three colors .",neutral
"Overall, The report was published today .",neutral
"For me, The results will be announced later",neutral
"Overall, The event starts at 6 PM #twitter",neutral
"Personally, This movie was fantastic .",positive
"After trying it, This made my day so much better after trying it.",positive
"In my opinion, Worst purchase I have made in my opinion.",negative
"Today, This made my day so much better after trying it.",positive
"Today, This movie was fantastic today.",positive
"Overall, The results will be announced later in my opinion.",neutral
"Right now, The new features are brilliant after trying it.",positive
"Honestly, Absolutely awful experience today.",negative
"Overall, I would not recommend this .",negative
"Today, I am very happy with the results",positive
"Honestly, What a horrible experience today today.",negative
"For me, The report was published today after trying it.",neutral
"For me, This movie was fantastic honestly.",positive
"After trying it, I highly recommend this .",positive
"For me, I am satisfied with the results .",positive
"After trying it, The application has been updated today.",neutral
"Today, Best purchase I have made in a long time .",positive
"Just saying, Absolutely awful experience #review",negative
"For me, The service was excellent .",positive
"Today, The store opens at 9 AM .",neutral
The team will meet next week .,neutral
"Just saying, The team did a terrible job",negative
"Personally, I watched the latest episode right now.",neutral
"Just saying, The store opens at 9 AM #twitter",neutral
"Right now, The package contains two items right now.",neutral
"Right now, The results will be announced later right now.",neutral
The weather is cloudy today .,neutral
"Personally, Best purchase I have made in a long time .",positive
"Just saying, This made my day so much better in my opinion.",positive
"In my opinion, I am satisfied with the results .",positive
"In my opinion, The results will be announced later .",neutral
"For me, I am impressed with the quality .",positive
"After trying it, The application has been updated .",neutral
"Right now, The results will be announced later .",neutral
"Honestly, Feeling frustrated and disappointed today #twitter",negative
"For me, The results will be announced later",neutral
"Today, I am very disappointed with the results .",negative
"For me, The service was excellent .",positive
"In my opinion, Feeling frustrated and disappointed today after trying it.",negative
"For me, The service was excellent today.",positive
The new features are brilliant #twitter,positive
I absolutely love this product,positive
"Honestly, The class begins at 10 AM .",neutral
"In my opinion, The store opens at 9 AM .",neutral
"Right now, The company released a new announcement in my opinion.",neutral
"Right now, This is amazing and works perfectly after trying it.",positive
"Overall, Everything went completely wrong .",negative
"Honestly, The service was excellent .",positive
"Right now, This update is awesome #twitter",positive
"Right now, I absolutely hate this product .",negative
"Today, This is amazing and works perfectly .",positive
"Today, Everything went completely wrong .",negative
"Just saying, The store opens at 9 AM #review",neutral
"For me, Such a beautiful day .",positive
"Right now, Everything went completely wrong #twitter",negative
"In my opinion, I received the package this morning .",neutral
"In my opinion, The temperature is around 25 degrees .",neutral
"For me, Feeling frustrated and disappointed today .",negative
"For me, The results will be announced later right now.",neutral
"Today, This is amazing and works perfectly .",positive
"In my opinion, Everything went completely wrong #review",negative
"Overall, Everything went completely wrong .",negative
"Personally, The team will meet next week #twitter",neutral
"Today, I am unhappy with the results .",negative
"Right now, The application has been updated right now.",neutral
"Today, This is exactly what I wanted right now.",positive
This is exactly what I wanted .,positive
The class begins at 10 AM .,neutral
I would not recommend this .,negative
The new features are useless .,negative
"Personally, Feeling great and positive today right now.",positive
"In my opinion, I am impressed with the quality right now.",positive
"After trying it, The team did a terrible job",negative
"For me, Absolutely awful experience today.",negative
"For me, This update is awesome .",positive
"Honestly, I am disappointed with the quality in my opinion.",negative
"Right now, This movie was fantastic .",positive
"Just saying, I am checking the latest information .",neutral
"Personally, Such a horrible day #review",negative
"Honestly, I am very happy with the results #review",positive
"Honestly, The new features are useless .",negative
"Overall, Such a horrible day #review",negative
"Today, The class begins at 10 AM .",neutral
"Right now, I am reading the news right now honestly.",neutral
"Right now, The store opens at 9 AM #review",neutral
This update is terrible .,negative
"After trying it, This is terrible and does not work .",negative
"Honestly, The team will meet next week #review",neutral
"Honestly, The website is currently available .",neutral
Absolutely awful experience after trying it.,negative
"Personally, What a horrible experience today #twitter",negative
"In my opinion, Absolutely fantastic experience .",positive
"After trying it, The application has been updated .",neutral
"Overall, Absolutely awful experience .",negative
"Honestly, Such a beautiful day right now.",positive
"For me, I am reading the news right now .",neutral
"Right now, I am very disappointed with the results in my opinion.",negative
I am very happy with the results honestly.,positive
"Personally, Such a beautiful day",positive
"Right now, I am checking the latest information #review",neutral
"In my opinion, The new features are brilliant .",positive
"Honestly, This is exactly what I wanted .",positive
"Right now, This update is terrible .",negative
"Today, Feeling great and positive today honestly.",positive
"For me, I am unhappy with the results honestly.",negative
"Overall, What a wonderful experience today after trying it.",positive
"After trying it, Absolutely awful experience .",negative
"Right now, This is amazing and works perfectly .",positive
"For me, The train arrived at the station",neutral
"In my opinion, What a wonderful experience today #twitter",positive
"Overall, I really enjoyed this experience",positive
"Honestly, The flight is scheduled for Monday today.",neutral
"Today, The application has been updated .",neutral
"After trying it, I am checking the latest information .",neutral
"After trying it, This is exactly what I wanted after trying it.",positive
"Today, This movie was extremely boring today.",negative
"Overall, The new features are brilliant in my opinion.",positive
"After trying it, The company released a new announcement #review",neutral
"For me, The application has been updated in my opinion.",neutral
"In my opinion, I am satisfied with the results",positive
"In my opinion, The results will be announced later .",neutral
"In my opinion, The report was published today after trying it.",neutral
"For me, This is amazing and works perfectly .",positive
"Personally, I am very happy with the results .",positive
"Overall, I am disappointed with the quality .",negative
"For me, This made my day much worse right now.",negative
"Right now, I am impressed with the quality .",positive
"Today, The application has been updated #review",neutral
"After trying it, I am checking the latest information .",neutral
"Personally, I really disliked this experience .",negative
"In my opinion, I am impressed with the quality .",positive
"Honestly, Feeling great and positive today .",positive
I really enjoyed this experience after trying it.,positive
"After trying it, The temperature is around 25 degrees right now.",neutral
"In my opinion, What a wonderful experience today honestly.",positive
"Today, Feeling frustrated and disappointed today after trying it.",negative
"Right now, Such a horrible day .",negative
"After trying it, I am reading the news right now .",neutral
"Overall, Everything worked perfectly after trying it.",positive
"In my opinion, The new features are brilliant #twitter",positive
"Right now, The store opens at 9 AM .",neutral
"Just saying, This movie was extremely boring right now.",negative
"Right now, The product is available in three colors .",neutral
"Honestly, This made my day so much better #twitter",positive
"For me, The meeting is scheduled for tomorrow honestly.",neutral
"In my opinion, The flight is scheduled for Monday .",neutral
"Honestly, The team will meet next week .",neutral
"For me, The service was awful today.",negative
"After trying it, This movie was extremely boring",negative
"In my opinion, Absolutely awful experience",negative
"In my opinion, Everything went completely wrong .",negative
"In my opinion, The service was awful right now.",negative
"For me, The team will meet next week .",neutral
This update is awesome #review,positive
"Just saying, The website is currently available .",neutral
"Overall, Absolutely fantastic experience #review",positive
The temperature is around 25 degrees right now.,neutral
"Just saying, This is terrible and does not work .",negative
"Just saying, I am very happy with the results in my opinion.",positive
"Personally, I really enjoyed this experience after trying it.",positive
"After trying it, The team did an amazing job",positive
This is not what I wanted .,negative
"Honestly, Absolutely awful experience .",negative
"For me, This update is terrible #review",negative
"Overall, I received the package this morning after trying it.",neutral
"Today, This made my day so much better #twitter",positive
"After trying it, The report was published today",neutral
"Overall, I am disappointed with the quality .",negative
"Personally, I really disliked this experience after trying it.",negative
"Honestly, I am reading the news right now",neutral
"For me, The new features are useless .",negative
"Today, The store opens at 9 AM honestly.",neutral
"In my opinion, The weather is cloudy today in my opinion.",neutral
"Honestly, The website is currently available #review",neutral
"For me, I absolutely love this product after trying it.",positive
"Personally, I am satisfied with the results .",positive
"After trying it, This made my day so much better .",positive
"Overall, This is not what I wanted .",negative
"After trying it, This is not what I wanted in my opinion.",negative
"Right now, I am unhappy with the results after trying it.",negative
"Right now, The flight is scheduled for Monday .",neutral
"In my opinion, This is not what I wanted .",negative
"Personally, The website is currently available .",neutral
"In my opinion, This update is awesome after trying it.",positive
"After trying it, I am very happy with the results in my opinion.",positive
"Overall, The service was awful .",negative
"Just saying, This is exactly what I wanted .",positive
"Today, The service was awful #review",negative
What a horrible experience today right now.,negative
"Personally, I highly recommend this .",positive
"Right now, Everything went completely wrong",negative
"Honestly, This update is terrible after trying it.",negative
"Right now, The flight is scheduled for Monday honestly.",neutral
"Today, Absolutely fantastic experience .",positive
"After trying it, I am very disappointed with the results #twitter",negative
"Right now, I watched the latest episode right now.",neutral
"For me, The team will meet next week .",neutral
"Just saying, I am reading the news right now .",neutral
"Overall, I am reading the news right now .",neutral
"Honestly, The website is currently available in my opinion.",neutral
"Overall, The class begins at 10 AM .",neutral
"In my opinion, This made my day much worse honestly.",negative
"For me, Feeling frustrated and disappointed today .",negative
"Just saying, What a horrible experience today in my opinion.",negative
"Personally, The event starts at 6 PM .",neutral
"Today, This movie was extremely boring .",negative
"For me, Best purchase I have made in a long time .",positive
"Personally, I am checking the latest information .",neutral
"In my opinion, Absolutely awful experience .",negative
The event starts at 6 PM .,neutral
"Today, I really enjoyed this experience today.",positive
"Right now, The service was excellent .",positive
"Right now, This made my day so much better #twitter",positive
"Overall, What a horrible experience today today.",negative
"In my opinion, I am very happy with the results after trying it.",positive
"Overall, The team will meet next week right now.",neutral
"In my opinion, What a wonderful experience today .",positive
Worst purchase I have made #twitter,negative
"Honestly, This is terrible and does not work today.",negative
"Overall, This update is terrible honestly.",negative
"Honestly, This movie was extremely boring .",negative
"After trying it, This is amazing and works perfectly .",positive
"Personally, I am disappointed with the quality .",negative
"Overall, The team did a terrible job .",negative
Absolutely awful experience #review,negative
"Personally, The new features are brilliant after trying it.",positive
"Just saying, I really enjoyed this experience right now.",positive
"In my opinion, This update is terrible .",negative
"Right now, Feeling frustrated and disappointed today",negative
"Overall, The meeting is scheduled for tomorrow honestly.",neutral
This is terrible and does not work .,negative
"Personally, This is not what I wanted after trying it.",negative
"Honestly, Such a horrible day",negative
"Right now, I watched the latest episode .",neutral
"Right now, The temperature is around 25 degrees #twitter",neutral
"In my opinion, I am satisfied with the results #review",positive
"Today, This made my day much worse .",negative
"Right now, I am satisfied with the results today.",positive
"Honestly, I watched the latest episode after trying it.",neutral
"In my opinion, I am impressed with the quality after trying it.",positive
"After trying it, Everything worked perfectly right now.",positive
"Overall, The event starts at 6 PM .",neutral
"Overall, I am checking the latest information .",neutral
"After trying it, The company released a new announcement .",neutral
I really disliked this experience .,negative
"Personally, The company released a new announcement",neutral
"For me, The service was awful .",negative
"Just saying, I absolutely love this product",positive
"In my opinion, The website is currently available .",neutral
"Right now, The report was published today right now.",neutral
"Overall, This update is terrible in my opinion.",negative
"Just saying, The new features are useless .",negative
"Overall, The package contains two items honestly.",neutral
"After trying it, The product is available in three colors .",neutral
"In my opinion, The team will meet next week .",neutral
"After trying it, Such a horrible day .",negative
"Honestly, The company released a new announcement .",neutral
I really disliked this experience right now.,negative
"Right now, I would not recommend this .",negative
The application has been updated in my opinion.,neutral
Absolutely awful experience .,negative
"In my opinion, The package contains two items .",neutral
"In my opinion, The weather is cloudy today .",neutral
"Honestly, The website is currently available today.",neutral
"Right now, I am very disappointed with the results .",negative
"For me, Such a beautiful day honestly.",positive
"For me, I watched the latest episode #twitter",neutral
"In my opinion, I am very happy with the results .",positive
"For me, The team did a terrible job .",negative
"Just saying, I am impressed with the quality .",positive
"For me, I would not recommend this after trying it.",negative
"Personally, I absolutely hate this product",negative
"In my opinion, This update is terrible .",negative
"Today, This made my day so much better right now.",positive
"Personally, The website is currently available after trying it.",neutral
"Overall, I really enjoyed this experience .",positive
"Personally, The new features are useless #review",negative
"For me, The temperature is around 25 degrees #review",neutral
"Just saying, Feeling great and positive today .",positive
"Right now, I received the package this morning #review",neutral
"In my opinion, This is not what I wanted .",negative
"Overall, This movie was extremely boring .",negative
"In my opinion, Absolutely awful experience .",negative
"After trying it, Feeling great and positive today .",positive
"Personally, This made my day so much better right now.",positive
"Right now, Everything went completely wrong .",negative
"Today, The service was excellent right now.",positive
"Honestly, The product is available in three colors .",neutral
"Right now, The results will be announced later right now.",neutral
"Overall, Everything went completely wrong today.",negative
"In my opinion, This movie was extremely boring .",negative
"Just saying, The service was excellent #twitter",positive
"For me, The event starts at 6 PM .",neutral
What a horrible experience today .,negative
"After trying it, This movie was fantastic today.",positive
"Honestly, I am very happy with the results today.",positive
"Just saying, The meeting is scheduled for tomorrow after trying it.",neutral
"Personally, What a wonderful experience today #twitter",positive
"Personally, The event starts at 6 PM .",neutral
"In my opinion, The service was awful #review",negative
"Right now, Feeling great and positive today right now.",positive
"Personally, This movie was extremely boring today.",negative
"Overall, The new features are brilliant .",positive
This is exactly what I wanted right now.,positive
"Right now, The store opens at 9 AM .",neutral
"Overall, This update is awesome .",positive
"Personally, The train arrived at the station .",neutral
"Today, The service was excellent .",positive
"Just saying, This made my day so much better",positive
"Overall, The flight is scheduled for Monday .",neutral
"Just saying, I received the package this morning #twitter",neutral
"Overall, The product is available in three colors",neutral
"Right now, The flight is scheduled for Monday #twitter",neutral
"Today, The website is currently available .",neutral
Everything worked perfectly right now.,positive
"Honestly, I am satisfied with the results .",positive
"In my opinion, I am checking the latest information .",neutral
"Today, The service was excellent after trying it.",positive
"Just saying, This is terrible and does not work #twitter",negative
"Right now, Feeling frustrated and disappointed today honestly.",negative
"After trying it, Such a horrible day .",negative
"Right now, I really disliked this experience today.",negative
"In my opinion, This movie was extremely boring",negative
"Just saying, I absolutely love this product .",positive
"For me, Absolutely awful experience honestly.",negative
"After trying it, The class begins at 10 AM .",neutral
"Today, I am satisfied with the results .",positive
"For me, I am checking the latest information #review",neutral
"Honestly, Such a beautiful day in my opinion.",positive
"Personally, Worst purchase I have made .",negative
"Just saying, The store opens at 9 AM .",neutral
I would not recommend this after trying it.,negative
"Right now, The meeting is scheduled for tomorrow honestly.",neutral
"Right now, I am unhappy with the results",negative
"Right now, The temperature is around 25 degrees honestly.",neutral
"Today, This made my day so much better right now.",positive
"Today, The meeting is scheduled for tomorrow .",neutral
"After trying it, The team will meet next week today.",neutral
"Today, The report was published today .",neutral
"Overall, I really disliked this experience .",negative
I really disliked this experience right now.,negative
"Personally, I really disliked this experience .",negative
"Right now, I highly recommend this .",positive
"Right now, This is terrible and does not work #twitter",negative
"Right now, The new features are useless #twitter",negative
"Honestly, I am unhappy with the results .",negative
"Overall, The website is currently available today.",neutral
"Right now, The weather is cloudy today #twitter",neutral
"Just saying, The service was awful #review",negative
"Personally, The report was published today after trying it.",neutral
"Personally, The service was awful honestly.",negative
"Honestly, I am unhappy with the results #twitter",negative
"After trying it, I am very disappointed with the results #twitter",negative
"Honestly, The team will meet next week .",neutral
"Today, The results will be announced later",neutral
The flight is scheduled for Monday after trying it.,neutral
"Personally, The product is available in three colors .",neutral
This made my day so much better .,positive
This update is awesome #review,positive
"Personally, Worst purchase I have made .",negative
"Honestly, Absolutely awful experience #twitter",negative
"Personally, Everything worked perfectly in my opinion.",positive
"Right now, The flight is scheduled for Monday .",neutral
"Honestly, The team did a terrible job after trying it.",negative
"Personally, I absolutely love this product",positive
"Personally, The website is currently available",neutral
I am unhappy with the results #twitter,negative
"For me, This made my day much worse in my opinion.",negative
"After trying it, This made my day much worse in my opinion.",negative
"For me, Worst purchase I have made",negative
The train arrived at the station .,neutral
"Personally, The new features are brilliant after trying it.",positive
"Just saying, I am checking the latest information honestly.",neutral
"Just saying, I highly recommend this .",positive
The new features are useless .,negative
"Just saying, The website is currently available .",neutral
"After trying it, I am disappointed with the quality after trying it.",negative
"Right now, The team did an amazing job .",positive
"Honestly, Everything worked perfectly",positive
"In my opinion, I am disappointed with the quality #twitter",negative
"In my opinion, The class begins at 10 AM honestly.",neutral
"In my opinion, This is exactly what I wanted .",positive
"Today, I am impressed with the quality .",positive
"Right now, What a horrible experience today .",negative
"Personally, Everything worked perfectly .",positive
"Honestly, Feeling frustrated and disappointed today .",negative
"Just saying, The report was published today .",neutral
"After trying it, I am very happy with the results .",positive
"Right now, I am very happy with the results today.",positive
"Just saying, I watched the latest episode right now.",neutral
"In my opinion, The results will be announced later honestly.",neutral
"For me, This update is awesome .",positive
"Personally, The team did an amazing job .",positive
"In my opinion, The temperature is around 25 degrees .",neutral
"After trying it, Best purchase I have made in a long time .",positive
"Honestly, The new features are brilliant #review",positive
"Personally, The team did an amazing job #twitter",positive
"For me, The package contains two items .",neutral
"In my opinion, This made my day so much better",positive
What a horrible experience today .,negative
"In my opinion, Worst purchase I have made #twitter",negative
The results will be announced later .,neutral
"Personally, The store opens at 9 AM .",neutral
"In my opinion, The application has been updated .",neutral
"Overall, This made my day so much better .",positive
"Personally, This movie was fantastic honestly.",positive
"Honestly, I would not recommend this in my opinion.",negative
I am checking the latest information honestly.,neutral
"For me, I would not recommend this in my opinion.",negative
"For me, The website is currently available #review",neutral
"In my opinion, This is terrible and does not work .",negative
"For me, The product is available in three colors .",neutral
"Just saying, This update is awesome .",positive
"After trying it, This is amazing and works perfectly .",positive
"Honestly, I would not recommend this #twitter",negative
"Today, The service was excellent .",positive
The temperature is around 25 degrees today.,neutral
"Right now, I absolutely love this product #twitter",positive
"Personally, The company released a new announcement .",neutral
"In my opinion, Everything worked perfectly",positive
"In my opinion, The class begins at 10 AM",neutral
"Honestly, I am checking the latest information .",neutral
"After trying it, What a wonderful experience today today.",positive
"Honestly, The class begins at 10 AM .",neutral
"Right now, The product is available in three colors right now.",neutral
"After trying it, I received the package this morning honestly.",neutral
"Today, I am disappointed with the quality .",negative
"Right now, The report was published today #twitter",neutral
"For me, Everything worked perfectly after trying it.",positive
"In my opinion, This movie was fantastic .",positive
"For me, The website is currently available .",neutral
"After trying it, The flight is scheduled for Monday after trying it.",neutral
"For me, The team did an amazing job .",positive
"In my opinion, The new features are useless after trying it.",negative
I am reading the news right now after trying it.,neutral
"Today, The weather is cloudy today #twitter",neutral
The flight is scheduled for Monday after trying it.,neutral
"Honestly, Absolutely awful experience #review",negative
"Overall, The results will be announced later .",neutral
"Overall, This is amazing and works perfectly #twitter",positive
"Personally, This made my day much worse #twitter",negative
"In my opinion, I highly recommend this .",positive
"For me, The team did an amazing job",positive
"Right now, This update is terrible .",negative
"Right now, The weather is cloudy today .",neutral
"In my opinion, I am satisfied with the results in my opinion.",positive
"In my opinion, Everything went completely wrong .",negative
Absolutely fantastic experience after trying it.,positive
"For me, The store opens at 9 AM .",neutral
"Personally, The application has been updated .",neutral
"For me, I really disliked this experience today.",negative
The meeting is scheduled for tomorrow #review,neutral
"After trying it, I really disliked this experience right now.",negative
"Overall, The product is available in three colors in my opinion.",neutral
"Overall, Absolutely fantastic experience .",positive
"Right now, I am very disappointed with the results .",negative
The store opens at 9 AM .,neutral
"Today, Everything went completely wrong right now.",negative
"Just saying, This is not what I wanted honestly.",negative
"Personally, The new features are useless right now.",negative
"Right now, The website is currently available .",neutral
"Right now, I am very disappointed with the results .",negative
This is terrible and does not work #twitter,negative
"Overall, This made my day much worse honestly.",negative
"Honestly, I received the package this morning .",neutral
"Overall, The team did a terrible job #review",negative
"After trying it, The company released a new announcement #review",neutral
"After trying it, The results will be announced later",neutral
"Just saying, The flight is scheduled for Monday .",neutral
"In my opinion, The product is available in three colors #twitter",neutral
"Just saying, The weather is cloudy today .",neutral
"Personally, The event starts at 6 PM .",neutral
"Personally, What a horrible experience today .",negative
"After trying it, I received the package this morning .",neutral
"After trying it, What a wonderful experience today .",positive
"Just saying, The meeting is scheduled for tomorrow .",neutral
"Personally, This update is awesome .",positive
The flight is scheduled for Monday #twitter,neutral
"After trying it, I highly recommend this .",positive
"Today, The meeting is scheduled for tomorrow .",neutral
"After trying it, What a horrible experience today .",negative
"After trying it, This is not what I wanted .",negative
"Just saying, Everything worked perfectly in my opinion.",positive
"For me, Everything went completely wrong honestly.",negative
"For me, I received the package this morning #twitter",neutral
"In my opinion, Absolutely awful experience today.",negative
"Overall, This is exactly what I wanted .",positive
The report was published today .,neutral
"Honestly, What a horrible experience today #twitter",negative
I am checking the latest information right now.,neutral
"Honestly, The application has been updated .",neutral
"In my opinion, The new features are useless .",negative
"Honestly, What a wonderful experience today .",positive
What a horrible experience today #twitter,negative
"Honestly, I am satisfied with the results #twitter",positive
"Today, This update is awesome .",positive
"In my opinion, I am reading the news right now .",neutral
"Honestly, The event starts at 6 PM #twitter",neutral
"Right now, I am very disappointed with the results .",negative
"Just saying, Such a beautiful day #twitter",positive
"Overall, I am disappointed with the quality honestly.",negative
"Right now, I am impressed with the quality in my opinion.",positive
"Today, Absolutely fantastic experience",positive
"Honestly, Worst purchase I have made .",negative
"In my opinion, This is amazing and works perfectly .",positive
"Honestly, I really disliked this experience .",negative
I am disappointed with the quality .,negative
"Just saying, I am unhappy with the results .",negative
"Personally, The package contains two items .",neutral
"Personally, Everything worked perfectly .",positive
"For me, This update is terrible #twitter",negative
"Overall, This update is awesome .",positive
The weather is cloudy today .,neutral
"Today, The meeting is scheduled for tomorrow #twitter",neutral
"Personally, I am very happy with the results honestly.",positive
I received the package this morning after trying it.,neutral
"Right now, Feeling great and positive today .",positive
"Honestly, I absolutely love this product after trying it.",positive
"Right now, What a horrible experience today in my opinion.",negative
"Overall, The team will meet next week after trying it.",neutral
"Right now, The team did a terrible job .",negative
"Personally, I am reading the news right now today.",neutral
The report was published today in my opinion.,neutral
"For me, I would not recommend this",negative
"Honestly, I received the package this morning .",neutral
"Personally, This made my day much worse .",negative
"Personally, What a horrible experience today #review",negative
"Today, The class begins at 10 AM today.",neutral
"Just saying, The company released a new announcement .",neutral
"Today, The product is available in three colors honestly.",neutral
"In my opinion, I would not recommend this in my opinion.",negative
"Just saying, I am very happy with the results .",positive
"For me, I am very happy with the results honestly.",positive
"After trying it, The store opens at 9 AM .",neutral
"For me, I highly recommend this .",positive
"Right now, The team will meet next week .",neutral
"In my opinion, This update is terrible .",negative
"Honestly, The company released a new announcement today.",neutral
"Today, This made my day so much better .",positive
"Personally, The results will be announced later .",neutral
"Personally, The team will meet next week .",neutral
I am reading the news right now,neutral
"Honestly, I am satisfied with the results #twitter",positive
"For me, The package contains two items .",neutral
"Just saying, Such a horrible day .",negative
"Overall, The team did an amazing job right now.",positive
"Honestly, I really disliked this experience .",negative
The event starts at 6 PM .,neutral
"Just saying, This update is terrible .",negative
"Overall, The new features are useless today.",negative
"Personally, I am checking the latest information #twitter",neutral
"Right now, I am very happy with the results .",positive
"For me, This update is terrible .",negative
"Just saying, Absolutely fantastic experience after trying it.",positive
"Today, The website is currently available .",neutral
"In my opinion, This movie was fantastic honestly.",positive
"Personally, The results will be announced later .",neutral
"Honestly, This is not what I wanted after trying it.",negative
"Today, This update is terrible #twitter",negative
Worst purchase I have made today.,negative
"Today, Absolutely fantastic experience after trying it.",positive
"In my opinion, The service was excellent .",positive
"Personally, Such a beautiful day #twitter",positive
"Overall, I am satisfied with the results #review",positive
"After trying it, Worst purchase I have made",negative
"For me, Everything worked perfectly right now.",positive
"For me, The train arrived at the station #twitter",neutral
"Just saying, The application has been updated .",neutral
"Just saying, The team will meet next week .",neutral
"Right now, I am reading the news right now after trying it.",neutral
"Today, The website is currently available .",neutral
"Just saying, I absolutely love this product .",positive
"Honestly, The company released a new announcement .",neutral
"After trying it, I really disliked this experience right now.",negative
"Right now, This is amazing and works perfectly",positive
"Today, This update is terrible",negative
"After trying it, I watched the latest episode #review",neutral
"Just saying, The meeting is scheduled for tomorrow",neutral
"Right now, I am unhappy with the results today.",negative
"Overall, Feeling frustrated and disappointed today after trying it.",negative
The team did a terrible job .,negative
"Just saying, The team did an amazing job after trying it.",positive
"Right now, The event starts at 6 PM in my opinion.",neutral
"Personally, I would not recommend this",negative
"In my opinion, This update is awesome",positive
"Just saying, This is amazing and works perfectly #review",positive
"Today, The product is available in three colors in my opinion.",neutral
"In my opinion, Such a horrible day right now.",negative
"Honestly, I really disliked this experience #twitter",negative
"For me, The team did a terrible job .",negative
"After trying it, The new features are useless after trying it.",negative
"Personally, Such a horrible day honestly.",negative
"Right now, The event starts at 6 PM .",neutral
"After trying it, The train arrived at the station .",neutral
"Today, The meeting is scheduled for tomorrow today.",neutral
"Just saying, The team did an amazing job honestly.",positive
"Today, Such a beautiful day",positive
"After trying it, The event starts at 6 PM .",neutral
"Honestly, The service was awful .",negative
"Honestly, The train arrived at the station #twitter",neutral
"Overall, The company released a new announcement right now.",neutral
"After trying it, The flight is scheduled for Monday after trying it.",neutral
The flight is scheduled for Monday,neutral
"For me, I really disliked this experience .",negative
"Personally, The results will be announced later .",neutral
"Right now, The results will be announced later right now.",neutral
The class begins at 10 AM .,neutral
"Right now, I received the package this morning today.",neutral
"Right now, The results will be announced later .",neutral
"Today, The service was awful today.",negative
"After trying it, Such a horrible day",negative
"After trying it, I am disappointed with the quality .",negative
"Today, This is terrible and does not work .",negative
"Today, The new features are useless in my opinion.",negative
"In my opinion, This movie was extremely boring .",negative
"For me, I received the package this morning .",neutral
This made my day much worse in my opinion.,negative
"After trying it, Feeling frustrated and disappointed today",negative
"Honestly, The product is available in three colors .",neutral
"For me, I absolutely love this product right now.",positive
"Overall, This is not what I wanted .",negative
"Personally, This is terrible and does not work right now.",negative
"Today, Absolutely fantastic experience .",positive
"After trying it, I really enjoyed this experience #review",positive
"Just saying, The results will be announced later",neutral
"Overall, I really enjoyed this experience .",positive
"After trying it, This update is awesome .",positive
"For me, I am impressed with the quality after trying it.",positive
"In my opinion, The product is available in three colors .",neutral
"In my opinion, This movie was fantastic today.",positive
"For me, Absolutely awful experience #twitter",negative
"After trying it, I really enjoyed this experience .",positive
"Overall, The event starts at 6 PM today.",neutral
"Just saying, The team did a terrible job today.",negative
"For me, The train arrived at the station .",neutral
"Personally, The service was excellent in my opinion.",positive
"For me, Best purchase I have made in a long time after trying it.",positive
I am disappointed with the quality .,negative
"After trying it, I would not recommend this right now.",negative
"Right now, The new features are brilliant today.",positive
"Today, The weather is cloudy today honestly.",neutral
"Today, Such a beautiful day honestly.",positive
"Personally, I am unhappy with the results .",negative
"Honestly, This is terrible and does not work .",negative
"Honestly, I highly recommend this .",positive
"Today, This is amazing and works perfectly .",positive
"Today, Everything went completely wrong .",negative
"Overall, I am very happy with the results #review",positive
"Overall, This made my day much worse .",negative
"Personally, The train arrived at the station .",neutral
"Right now, What a horrible experience today today.",negative
"Honestly, This update is terrible .",negative
"Right now, The store opens at 9 AM honestly.",neutral
"Today, The event starts at 6 PM honestly.",neutral
Everything worked perfectly .,positive
"Today, I am very disappointed with the results .",negative
"After trying it, The new features are brilliant .",positive
"Honestly, I absolutely hate this product .",negative
"After trying it, I absolutely hate this product in my opinion.",negative
"Today, I highly recommend this right now.",positive
"After trying it, Everything worked perfectly #review",positive
"Just saying, The temperature is around 25 degrees #review",neutral
"Right now, I am satisfied with the results .",positive
"Just saying, The store opens at 9 AM #review",neutral
"Overall, I really disliked this experience after trying it.",negative
"Just saying, I really enjoyed this experience",positive
"Today, I am very happy with the results .",positive
I am reading the news right now .,neutral
"Just saying, The results will be announced later honestly.",neutral
"Just saying, This is amazing and works perfectly honestly.",positive
"In my opinion, I really disliked this experience .",negative
"Just saying, The product is available in three colors right now.",neutral
"Just saying, This movie was fantastic .",positive
"Personally, I am reading the news right now .",neutral
"In my opinion, I highly recommend this .",positive
"For me, The report was published today .",neutral
"Just saying, I am disappointed with the quality after trying it.",negative
"Personally, I am checking the latest information .",neutral
"Overall, This is terrible and does not work in my opinion.",negative
"Honestly, I am reading the news right now today.",neutral
"Overall, The service was awful .",negative
"After trying it, This movie was extremely boring right now.",negative
"Honestly, The team will meet next week today.",neutral
"After trying it, I am very disappointed with the results .",negative
The website is currently available .,neutral
Best purchase I have made in a long time,positive
"After trying it, The team did a terrible job .",negative
"After trying it, Worst purchase I have made .",negative
"Just saying, The company released a new announcement right now.",neutral
"After trying it, The product is available in three colors in my opinion.",neutral
"Just saying, Everything worked perfectly today.",positive
"In my opinion, This made my day much worse honestly.",negative
"Today, Such a horrible day #twitter",negative
"In my opinion, Best purchase I have made in a long time #twitter",positive
"Overall, The service was awful #review",negative
"Right now, Everything worked perfectly .",positive
"Overall, The application has been updated .",neutral
"Honestly, What a wonderful experience today right now.",positive
"Personally, Best purchase I have made in a long time .",positive
"For me, The package contains two items .",neutral
"Just saying, The new features are brilliant right now.",positive
"Honestly, The results will be announced later after trying it.",neutral
"Overall, I am impressed with the quality #review",positive
"Just saying, Feeling great and positive today .",positive
"In my opinion, The team will meet next week in my opinion.",neutral
"For me, The train arrived at the station .",neutral
"Right now, The team did an amazing job .",positive
"Personally, The weather is cloudy today .",neutral
"Today, The results will be announced later .",neutral
"Personally, Feeling frustrated and disappointed today #review",negative
"Just saying, This made my day much worse right now.",negative
"Just saying, The package contains two items .",neutral
"Honestly, Best purchase I have made in a long time .",positive
"Right now, Everything went completely wrong .",negative
"After trying it, The event starts at 6 PM .",neutral
"For me, Everything went completely wrong in my opinion.",negative
"Just saying, Feeling great and positive today in my opinion.",positive
"Honestly, Such a beautiful day",positive
"For me, This is exactly what I wanted .",positive
The service was awful .,negative
"Just saying, I am disappointed with the quality .",negative
The service was excellent honestly.,positive
"Personally, I really disliked this experience .",negative
"After trying it, I would not recommend this in my opinion.",negative
"Overall, Feeling great and positive today right now.",positive
The application has been updated .,neutral
"Just saying, This made my day much worse .",negative
"For me, This made my day so much better honestly.",positive
"In my opinion, The company released a new announcement .",neutral
"In my opinion, I am satisfied with the results .",positive
"In my opinion, The service was excellent .",positive
"Today, I really enjoyed this experience",positive
"Right now, I absolutely hate this product .",negative
"After trying it, Absolutely fantastic experience .",positive
"Overall, I really disliked this experience .",negative
"Today, The new features are brilliant .",positive
"Personally, Feeling great and positive today",positive
"Personally, The team did an amazing job today.",positive
"In my opinion, The new features are brilliant .",positive
"After trying it, The team will meet next week #review",neutral
"Just saying, The flight is scheduled for Monday .",neutral
"Overall, I am checking the latest information .",neutral
"Right now, Absolutely fantastic experience .",positive
"Right now, I highly recommend this #review",positive
"For me, The service was excellent honestly.",positive
"For me, I am reading the news right now #twitter",neutral
"Honestly, What a wonderful experience today .",positive
"After trying it, Such a beautiful day .",positive
"Just saying, The company released a new announcement #twitter",neutral
"After trying it, Feeling great and positive today",positive
"Honestly, The team will meet next week #twitter",neutral
"Personally, I really disliked this experience .",negative
"Right now, The team did an amazing job",positive
"In my opinion, The service was excellent .",positive
"Overall, Everything worked perfectly .",positive
"After trying it, I absolutely hate this product .",negative
"Personally, The package contains two items .",neutral
This update is terrible .,negative
I highly recommend this .,positive
"Just saying, This update is terrible .",negative
"Today, I am checking the latest information .",neutral
"Today, This made my day so much better today.",positive
"In my opinion, This update is awesome .",positive
"Just saying, The train arrived at the station .",neutral
"Overall, Absolutely awful experience #review",negative
"Today, This update is awesome .",positive
"Personally, Such a beautiful day today.",positive
"Overall, This movie was fantastic today.",positive
"Today, The new features are useless today.",negative
"After trying it, I am unhappy with the results .",negative
"In my opinion, Absolutely awful experience after trying it.",negative
"Honestly, I absolutely love this product .",positive
"Overall, The meeting is scheduled for tomorrow today.",neutral
"Today, The product is available in three colors .",neutral
"Honestly, This made my day so much better today.",positive
"Today, I am very happy with the results honestly.",positive
"Personally, I am unhappy with the results in my opinion.",negative
Such a beautiful day .,positive
"After trying it, I received the package this morning .",neutral
"For me, The weather is cloudy today honestly.",neutral
"Overall, The train arrived at the station .",neutral
"Overall, The website is currently available .",neutral
"After trying it, The weather is cloudy today",neutral
"Today, I really disliked this experience #twitter",negative
The team did a terrible job honestly.,negative
"Personally, What a wonderful experience today #twitter",positive
"After trying it, This update is awesome honestly.",positive
"For me, The train arrived at the station",neutral
"Today, The class begins at 10 AM honestly.",neutral
"Just saying, This made my day so much better .",positive
"Just saying, This made my day much worse honestly.",negative
"After trying it, I watched the latest episode today.",neutral
"For me, The temperature is around 25 degrees in my opinion.",neutral
"Overall, I really enjoyed this experience .",positive
"In my opinion, I absolutely love this product after trying it.",positive
The package contains two items in my opinion.,neutral
"Just saying, The meeting is scheduled for tomorrow after trying it.",neutral
"Today, What a horrible experience today after trying it.",negative
"Overall, What a horrible experience today .",negative
"For me, This update is terrible .",negative
"After trying it, I would not recommend this .",negative
The temperature is around 25 degrees honestly.,neutral
"After trying it, I would not recommend this today.",negative
"In my opinion, What a wonderful experience today honestly.",positive
"Personally, I am disappointed with the quality .",negative
"Right now, The team did an amazing job .",positive
"Just saying, The team did an amazing job in my opinion.",positive
"After trying it, The product is available in three colors #twitter",neutral
"In my opinion, I am checking the latest information in my opinion.",neutral
"In my opinion, The product is available in three colors honestly.",neutral
"After trying it, The flight is scheduled for Monday today.",neutral
"For me, The company released a new announcement #review",neutral
"Overall, The class begins at 10 AM",neutral
"In my opinion, The report was published today",neutral
"Today, I am unhappy with the results #twitter",negative
"Honestly, This is terrible and does not work after trying it.",negative
"In my opinion, Feeling frustrated and disappointed today .",negative
"Personally, What a horrible experience today #review",negative
"Honestly, This movie was extremely boring after trying it.",negative
"Today, This update is awesome .",positive
"Overall, This update is awesome",positive
"In my opinion, Feeling frustrated and disappointed today #twitter",negative
"Right now, This movie was extremely boring .",negative
"Overall, Feeling great and positive today .",positive
"Personally, The service was excellent today.",positive
"After trying it, The flight is scheduled for Monday",neutral
"Right now, The new features are useless after trying it.",negative
"In my opinion, Such a horrible day .",negative
"In my opinion, I received the package this morning .",neutral
"Just saying, I absolutely hate this product .",negative
"After trying it, The service was excellent .",positive
"For me, This made my day much worse .",negative
