tweet,sentiment
"Honestly, This made my day so much better #twitter",positive
"Honestly, I am impressed with the quality .",positive
"In my opinion, Feeling great and positive today .",positive
"Today, I watched the latest episode in my opinion.",neutral
"For me, The product is available in three colors .",neutral
"Just saying, The meeting is scheduled for tomorrow #review",neutral
"Right now, Feeling frustrated and disappointed today .",negative
"Overall, I am disappointed with the quality honestly.",negative
"Just saying, The weather is cloudy today after trying it.",neutral
"Today, This update is terrible",negative
"Right now, This update is awesome right now.",positive
"Honestly, I am very disappointed with the results honestly.",negative
"Overall, I really enjoyed this experience #review",positive
"Honestly, This made my day much worse .",negative
"Personally, This is exactly what I wanted #twitter",positive
"In my opinion, The store opens at 9 AM .",neutral
Absolutely awful experience #twitter,negative
"In my opinion, Everything worked perfectly in my opinion.",positive
"Personally, The meeting is scheduled for tomorrow #review",neutral
"Today, The weather is cloudy today .",neutral
"After trying it, I am impressed with the quality #twitter",positive
"Just saying, The report was published today .",neutral
"Right now, Everything worked perfectly honestly.",positive
"Overall, This made my day much worse .",negative
"After trying it, The team did a terrible job right now.",negative
"In my opinion, Worst purchase I have made",negative
"Today, This update is terrible .",negative
"Just saying, The application has been updated #review",neutral
"Personally, Absolutely awful experience honestly.",negative
The temperature is around 25 degrees .,neutral
"After trying it, I am impressed with the quality .",positive
"Just saying, The event starts at 6 PM .",neutral
"For me, This movie was extremely boring",negative
I am unhappy with the results honestly.,negative
"Overall, Best purchase I have made in a long time .",positive
"Right now, The website is currently available .",neutral
I am unhappy with the results right now.,negative
"Personally, The new features are brilliant .",positive
"Today, I am disappointed with the quality .",negative
Best purchase I have made in a long time .,positive
"Personally, The weather is cloudy today .",neutral
"After trying it, This movie was fantastic #twitter",positive
"Today, This update is awesome #twitter",positive
"In my opinion, The event starts at 6 PM .",neutral
"Personally, I absolutely love this product in my opinion.",positive
"Personally, I am satisfied with the results today.",positive
"After trying it, I am very disappointed with the results today.",negative
"For me, I am satisfied with the results .",positive
I am very disappointed with the results .,negative
"Overall, This is terrible and does not work .",negative
"Just saying, I absolutely hate this product .",negative
"Today, I really disliked this experience #review",negative
"Right now, Absolutely fantastic experience",positive
Such a horrible day #review,negative
I am checking the latest information in my opinion.,neutral
"Today, What a wonderful experience today .",positive
"Just saying, I really disliked this experience .",negative
"Personally, This made my day so much better .",positive
"In my opinion, This is exactly what I wanted today.",positive
"Right now, The results will be announced later .",neutral
"In my opinion, I am disappointed with the quality today.",negative
"Right now, The website is currently available .",neutral
"Overall, I am unhappy with the results in my opinion.",negative
"In my opinion, The product is available in three colors .",neutral
"Just saying, I am very disappointed with the results after trying it.",negative
"In my opinion, The event starts at 6 PM honestly.",neutral
"Overall, I am reading the news right now #twitter",neutral
"For me, I really disliked this experience .",negative
The package contains two items .,neutral
"For me, Feeling frustrated and disappointed today #twitter",negative
"For me, The weather is cloudy today .",neutral
The team did an amazing job .,positive
"Personally, I am very disappointed with the results .",negative
"Personally, The class begins at 10 AM after trying it.",neutral
"Today, Absolutely awful experience right now.",negative
The service was excellent .,positive
"In my opinion, This made my day so much better .",positive
"Honestly, This movie was extremely boring",negative
"Today, This update is awesome in my opinion.",positive
"In my opinion, This is exactly what I wanted after trying it.",positive
"For me, Everything went completely wrong .",negative
"In my opinion, The new features are useless in my opinion.",negative
"In my opinion, Such a horrible day .",negative
"Overall, The results will be announced later #review",neutral
"Just saying, The event starts at 6 PM #review",neutral
"For me, What a wonderful experience today .",positive
"In my opinion, I am very disappointed with the results in my opinion.",negative
"Honestly, The team did an amazing job today.",positive
"Honestly, Feeling great and positive today .",positive
"Today, This is terrible and does not work today.",negative
"Right now, The team did an amazing job today.",positive
"Just saying, I am unhappy with the results",negative
"Personally, The new features are brilliant honestly.",positive
"Right now, I am reading the news right now",neutral
"Just saying, Absolutely fantastic experience .",positive
I watched the latest episode .,neutral
"In my opinion, The flight is scheduled for Monday .",neutral
"Right now, Feeling frustrated and disappointed today #twitter",negative
"For me, I am very happy with the results .",positive
"In my opinion, Feeling great and positive today .",positive
"Personally, This is terrible and does not work after trying it.",negative
"In my opinion, I am very disappointed with the results .",negative
The train arrived at the station,neutral
"Honestly, The package contains two items today.",neutral
"Honestly, Feeling great and positive today .",positive
"Today, Absolutely awful experience #twitter",negative
"Honestly, I am disappointed with the quality in my opinion.",negative
I highly recommend this .,positive
"Just saying, This movie was fantastic .",positive
"Right now, The team did a terrible job .",negative
"Right now, This is exactly what I wanted #review",positive
"Just saying, Everything worked perfectly #twitter",positive
"Honestly, This movie was fantastic today.",positive
"Overall, This is not what I wanted .",negative
"Overall, The weather is cloudy today today.",neutral
"Today, This movie was extremely boring .",negative
"Personally, The website is currently available right now.",neutral
"Personally, I am unhappy with the results after trying it.",negative
"Overall, The flight is scheduled for Monday today.",neutral
"In my opinion, The train arrived at the station .",neutral
"Just saying, What a horrible experience today",negative
"Just saying, What a wonderful experience today today.",positive
"Personally, This update is awesome after trying it.",positive
"For me, This movie was fantastic today.",positive
"In my opinion, The service was excellent .",positive
"For me, I would not recommend this .",negative
"Honestly, Absolutely awful experience",negative
"Just saying, Feeling great and positive today",positive
"For me, The report was published today .",neutral
"Overall, Absolutely awful experience .",negative
"In my opinion, Feeling great and positive today",positive
Feeling great and positive today .,positive
"Honestly, I am impressed with the quality .",positive
"Just saying, Such a beautiful day in my opinion.",positive
The team did a terrible job .,negative
"Right now, Such a beautiful day #twitter",positive
"For me, The train arrived at the station .",neutral
"Right now, I am unhappy with the results",negative
"After trying it, Everything went completely wrong #twitter",negative
"Just saying, Feeling frustrated and disappointed today #twitter",negative
"In my opinion, The service was excellent honestly.",positive
"Honestly, Feeling great and positive today today.",positive
"Just saying, The temperature is around 25 degrees .",neutral
"Today, This made my day so much better after trying it.",positive
"Personally, This movie was extremely boring #twitter",negative
"Honestly, The new features are brilliant .",positive
"In my opinion, The website is currently available .",neutral
Best purchase I have made in a long time .,positive
"Right now, Feeling great and positive today",positive
"Honestly, This is amazing and works perfectly .",positive
"Just saying, The new features are brilliant today.",positive
"Right now, I received the package this morning .",neutral
"After trying it, The website is currently available in my opinion.",neutral
"Overall, I really enjoyed this experience in my opinion.",positive
"Today, The flight is scheduled for Monday in my opinion.",neutral
"Right now, I really disliked this experience #twitter",negative
"Honestly, I absolutely hate this product .",negative
"Right now, I really disliked this experience .",negative
"Honestly, This update is awesome .",positive
"Personally, The store opens at 9 AM #twitter",neutral
"In my opinion, I am disappointed with the quality .",negative
"In my opinion, The service was awful .",negative
"After trying it, Feeling great and positive today #review",positive
"Personally, The report was published today .",neutral
"In my opinion, I absolutely hate this product .",negative
"After trying it, The temperature is around 25 degrees today.",neutral
"Just saying, I watched the latest episode in my opinion.",neutral
"For me, The store opens at 9 AM honestly.",neutral
"Overall, The temperature is around 25 degrees",neutral
"After trying it, The report was published today today.",neutral
"Today, Absolutely awful experience #review",negative
"Honestly, The company released a new announcement .",neutral
"Right now, The event starts at 6 PM #twitter",neutral
"Today, I am disappointed with the quality .",negative
The class begins at 10 AM,neutral
I am satisfied with the results .,positive
"Today, The store opens at 9 AM",neutral
"Today, The train arrived at the station in my opinion.",neutral
"Personally, The application has been updated .",neutral
"Overall, What a wonderful experience today .",positive
"Honestly, Best purchase I have made in a long time .",positive
The website is currently available #twitter,neutral
"For me, The service was awful today.",negative
"Overall, I absolutely hate this product right now.",negative
"Overall, The website is currently available .",neutral
The event starts at 6 PM .,neutral
"Right now, This is not what I wanted #twitter",negative
Such a horrible day .,negative
"Today, I am very happy with the results #twitter",positive
"Just saying, The flight is scheduled for Monday honestly.",neutral
"Just saying, Feeling great and positive today after trying it.",positive
"For me, The meeting is scheduled for tomorrow after trying it.",neutral
"Right now, The company released a new announcement .",neutral
"Personally, I am unhappy with the results honestly.",negative
"Overall, This update is terrible .",negative
"Right now, The store opens at 9 AM",neutral
"Honestly, I am very disappointed with the results #review",negative
"Just saying, The service was excellent .",positive
"Personally, Best purchase I have made in a long time .",positive
"For me, I absolutely hate this product .",negative
"Today, What a horrible experience today",negative
"In my opinion, This is exactly what I wanted .",positive
This update is terrible in my opinion.,negative
"After trying it, I am very disappointed with the results .",negative
"Today, This made my day so much better .",positive
"Personally, The new features are brilliant .",positive
"Right now, The results will be announced later .",neutral
"For me, The meeting is scheduled for tomorrow .",neutral
"Overall, The meeting is scheduled for tomorrow .",neutral
"Just saying, The results will be announced later in my opinion.",neutral
"In my opinion, This update is terrible .",negative
"Personally, I absolutely hate this product honestly.",negative
"For me, I am satisfied with the results",positive
"Right now, The report was published today right now.",neutral
"Honestly, Such a horrible day .",negative
"Just saying, I am satisfied with the results .",positive
"Right now, This is exactly what I wanted .",positive
"Honestly, I highly recommend this in my opinion.",positive
"Just saying, I watched the latest episode .",neutral
"Right now, The flight is scheduled for Monday after trying it.",neutral
"For me, Best purchase I have made in a long time #twitter",positive
This made my day so much better honestly.,positive
"Honestly, This is exactly what I wanted .",positive
"Personally, I really disliked this experience #review",negative
"After trying it, I am very happy with the results right now.",positive
"Just saying, This update is awesome after trying it.",positive
"Just saying, I would not recommend this",negative
"Personally, The new features are brilliant .",positive
"Today, The product is available in three colors today.",neutral
"For me, The new features are useless .",negative
This movie was fantastic today.,positive
"Honestly, Absolutely awful experience in my opinion.",negative
"In my opinion, The class begins at 10 AM .",neutral
"Just saying, This made my day so much better honestly.",positive
"In my opinion, This is terrible and does not work today.",negative
"For me, The new features are brilliant after trying it.",positive
"For me, The team will meet next week .",neutral
"For me, Feeling frustrated and disappointed today .",negative
"Honestly, The service was awful .",negative
"Overall, The service was excellent #twitter",positive
"Personally, This is terrible and does not work today.",negative
"Personally, The team did a terrible job honestly.",negative
"For me, The class begins at 10 AM .",neutral
"In my opinion, The service was excellent #twitter",positive
"Right now, Absolutely awful experience .",negative
"Just saying, I am very disappointed with the results after trying it.",negative
"Just saying, This is exactly what I wanted today.",positive
"Right now, The application has been updated .",neutral
"For me, The train arrived at the station .",neutral
"Honestly, The team did a terrible job .",negative
"Honestly, The service was awful .",negative
"After trying it, The team will meet next week in my opinion.",neutral
"Today, This movie was fantastic right now.",positive
"Right now, I highly recommend this .",positive
"Honestly, The service was awful #twitter",negative
"Today, The company released a new announcement .",neutral
"After trying it, This is amazing and works perfectly after trying it.",positive
"Overall, Absolutely awful experience in my opinion.",negative
"After trying it, I would not recommend this right now.",negative
"Today, Such a horrible day #twitter",negative
"After trying it, The product is available in three colors right now.",neutral
"Today, This made my day so much better .",positive
"For me, Worst purchase I have made #twitter",negative
"In my opinion, The service was awful",negative
"Personally, The train arrived at the station .",neutral
"After trying it, Absolutely awful experience .",negative
"Overall, This is amazing and works perfectly right now.",positive
"Personally, I would not recommend this .",negative
"After trying it, This made my day much worse honestly.",negative
"After trying it, Everything went completely wrong",negative
"Today, I am impressed with the quality .",positive
"For me, The new features are brilliant honestly.",positive
"In my opinion, This movie was extremely boring .",negative
"Honestly, The team did an amazing job #twitter",positive
"Today, The new features are useless today.",negative
"Right now, The meeting is scheduled for tomorrow .",neutral
"In my opinion, I received the package this morning #review",neutral
"Right now, The results will be announced later .",neutral
The website is currently available in my opinion.,neutral
"After trying it, This movie was extremely boring .",negative
"Personally, The flight is scheduled for Monday honestly.",neutral
"For me, What a horrible experience today today.",negative
"In my opinion, The store opens at 9 AM right now.",neutral
"Honestly, I am unhappy with the results .",negative
"Overall, The store opens at 9 AM #review",neutral
The company released a new announcement .,neutral
"After trying it, The service was excellent .",positive
Everything went completely wrong #twitter,negative
"In my opinion, This update is terrible #twitter",negative
"Just saying, This is not what I wanted honestly.",negative
"Just saying, The service was excellent in my opinion.",positive
"For me, This is exactly what I wanted today.",positive
"Personally, I watched the latest episode right now.",neutral
"After trying it, This is exactly what I wanted #review",positive
"Personally, I highly recommend this .",positive
"Honestly, I am checking the latest information .",neutral
The results will be announced later .,neutral
The flight is scheduled for Monday right now.,neutral
"In my opinion, The event starts at 6 PM .",neutral
"In my opinion, This update is awesome .",positive
"Overall, What a wonderful experience today after trying it.",positive
Absolutely awful experience .,negative
"Just saying, Feeling great and positive today .",positive
"For me, The new features are brilliant today.",positive
"Overall, This movie was fantastic .",positive
"After trying it, The store opens at 9 AM right now.",neutral
"Honestly, I absolutely love this product .",positive
"In my opinion, I watched the latest episode .",neutral
"After trying it, I really disliked this experience honestly.",negative
"Honestly, This is amazing and works perfectly after trying it.",positive
"Honestly, This is exactly what I wanted .",positive
"For me, The temperature is around 25 degrees",neutral
"Honestly, I am very happy with the results .",positive
The class begins at 10 AM .,neutral
"Overall, This update is awesome .",positive
"Personally, I am disappointed with the quality right now.",negative
"Overall, The store opens at 9 AM #twitter",neutral
"Overall, Absolutely awful experience today.",negative
"Today, This made my day much worse right now.",negative
"Personally, The report was published today in my opinion.",neutral
"In my opinion, The team did an amazing job .",positive
"Overall, The train arrived at the station .",neutral
"Personally, The website is currently available #review",neutral
"Personally, The website is currently available .",neutral
"Today, The application has been updated .",neutral
"Honestly, The train arrived at the station after trying it.",neutral
"Overall, Everything went completely wrong .",negative
"After trying it, The service was awful .",negative
"Honestly, I really enjoyed this experience #twitter",positive
"Overall, I highly recommend this .",positive
"For me, What a wonderful experience today after trying it.",positive
"For me, What a horrible experience today .",negative
"Right now, The event starts at 6 PM .",neutral
"Today, Feeling great and positive today .",positive
"Overall, The product is available in three colors #review",neutral
"After trying it, The temperature is around 25 degrees .",neutral
"In my opinion, Feeling great and positive today in my opinion.",positive
"Just saying, Best purchase I have made in a long time #review",positive
"Personally, Absolutely fantastic experience .",positive
"In my opinion, The service was awful honestly.",negative
This update is terrible #review,negative
"For me, The class begins at 10 AM",neutral
"After trying it, I received the package this morning honestly.",neutral
"After trying it, This movie was extremely boring in my opinion.",negative
"Personally, I am impressed with the quality .",positive
"Right now, The new features are useless .",negative
"Just saying, The team did a terrible job .",negative
"Overall, The new features are brilliant",positive
"In my opinion, Worst purchase I have made in my opinion.",negative
"In my opinion, The team did an amazing job #twitter",positive
"Right now, The website is currently available .",neutral
"In my opinion, The team did an amazing job right now.",positive
I am very disappointed with the results .,negative
"After trying it, This is terrible and does not work in my opinion.",negative
"Today, This made my day much worse .",negative
"For me, Such a beautiful day .",positive
"Honestly, I really disliked this experience .",negative
"For me, This is not what I wanted .",negative
"For me, The store opens at 9 AM today.",neutral
"In my opinion, I watched the latest episode .",neutral
"In my opinion, The service was awful today.",negative
"For me, The package contains two items .",neutral
"Today, Everything went completely wrong .",negative
"Just saying, I am impressed with the quality .",positive
I really enjoyed this experience .,positive
"After trying it, The meeting is scheduled for tomorrow #review",neutral
"Today, The store opens at 9 AM in my opinion.",neutral
"Today, This is amazing and works perfectly .",positive
"Today, Everything went completely wrong .",negative
Absolutely fantastic experience honestly.,positive
"Just saying, The flight is scheduled for Monday .",neutral
"Honestly, This movie was extremely boring #review",negative
"In my opinion, Such a beautiful day .",positive
"Today, Worst purchase I have made after trying it.",negative
"Just saying, I received the package this morning",neutral
"Personally, The event starts at 6 PM right now.",neutral
"Honestly, The company released a new announcement .",neutral
"In my opinion, This is not what I wanted today.",negative
"Today, The store opens at 9 AM .",neutral
This is exactly what I wanted after trying it.,positive
"Today, This is exactly what I wanted",positive
"Today, Such a beautiful day .",positive
I would not recommend this today.,negative
"In my opinion, The package contains two items .",neutral
"After trying it, This made my day much worse #twitter",negative
"After trying it, I am satisfied with the results",positive
"Today, The team did a terrible job in my opinion.",negative
"Personally, The website is currently available after trying it.",neutral
"Today, The service was awful .",negative
"Today, Such a horrible day after trying it.",negative
"For me, I am unhappy with the results #twitter",negative
I absolutely hate this product after trying it.,negative
"Today, The service was awful",negative
"Honestly, I am reading the news right now .",neutral
"Just saying, What a wonderful experience today #review",positive
"In my opinion, The temperature is around 25 degrees .",neutral
"Today, The train arrived at the station .",neutral
"Honestly, Absolutely fantastic experience in my opinion.",positive
"Honestly, Worst purchase I have made right now.",negative
"After trying it, The results will be announced later .",neutral
"Honestly, This movie was extremely boring after trying it.",negative
"Right now, This made my day so much better .",positive
"Honestly, The new features are brilliant .",positive
"Personally, This is amazing and works perfectly #twitter",positive
"Just saying, The service was awful after trying it.",negative
"In my opinion, Feeling frustrated and disappointed today .",negative
"Today, The company released a new announcement .",neutral
"For me, The event starts at 6 PM .",neutral
"Today, I am very happy with the results after trying it.",positive
"Honestly, The service was awful .",negative
"Right now, The company released a new announcement .",neutral
"Honestly, Absolutely awful experience .",negative
"For me, The new features are brilliant .",positive
This movie was fantastic .,positive
Worst purchase I have made .,negative
"Personally, I highly recommend this today.",positive
"In my opinion, I really disliked this experience today.",negative
"Just saying, The store opens at 9 AM .",neutral
"Overall, I am very disappointed with the results honestly.",negative
"Just saying, Best purchase I have made in a long time right now.",positive
"Overall, Feeling great and positive today after trying it.",positive
"Personally, The service was awful right now.",negative
The class begins at 10 AM today.,neutral
"Honestly, What a wonderful experience today today.",positive
"Overall, The report was published today .",neutral
"Honestly, I am very happy with the results right now.",positive
"After trying it, The temperature is around 25 degrees .",neutral
"After trying it, I am checking the latest information .",neutral
"Right now, The class begins at 10 AM #review",neutral
"In my opinion, Absolutely awful experience after trying it.",negative
"In my opinion, I am reading the news right now #review",neutral
"Honestly, I am very happy with the results .",positive
"Honestly, The service was excellent .",positive
"For me, This made my day much worse today.",negative
"Today, The service was excellent",positive
"Today, I am disappointed with the quality .",negative
"For me, Feeling frustrated and disappointed today .",negative
"Today, Everything worked perfectly #review",positive
"For me, I am checking the latest information .",neutral
"Personally, The service was excellent #review",positive
"Personally, What a wonderful experience today .",positive
"In my opinion, Everything worked perfectly right now.",positive
"Overall, I am disappointed with the quality .",negative
"Right now, I really enjoyed this experience .",positive
Everything went completely wrong after trying it.,negative
"Personally, I am impressed with the quality #twitter",positive
"Personally, I am impressed with the quality after trying it.",positive
"Honestly, Absolutely awful experience today.",negative
"For me, I am disappointed with the quality .",negative
"Just saying, What a wonderful experience today .",positive
"In my opinion, This is amazing and works perfectly after trying it.",positive
"Today, This is not what I wanted right now.",negative
"Overall, This update is terrible #review",negative
"For me, The team will meet next week right now.",neutral
"For me, I am unhappy with the results .",negative
"After trying it, This is exactly what I wanted #review",positive
"Today, This made my day much worse right now.",negative
"Today, The team will meet next week .",neutral
"In my opinion, The event starts at 6 PM honestly.",neutral
Feeling frustrated and disappointed today .,negative
"In my opinion, The team will meet next week .",neutral
"Honestly, The new features are useless .",negative
"In my opinion, I am checking the latest information in my opinion.",neutral
I am unhappy with the results,negative
"Overall, I really disliked this experience in my opinion.",negative
I am checking the latest information right now.,neutral
"Right now, Feeling frustrated and disappointed today .",negative
"In my opinion, Absolutely fantastic experience .",positive
"After trying it, I am very happy with the results today.",positive
"For me, The results will be announced later .",neutral
"Right now, The flight is scheduled for Monday .",neutral
"Honestly, Feeling frustrated and disappointed today #twitter",negative
"Overall, The new features are useless .",negative
"Right now, I am very happy with the results after trying it.",positive
"Right now, I am unhappy with the results .",negative
"For me, What a wonderful experience today .",positive
"Just saying, I watched the latest episode .",neutral
"In my opinion, The application has been updated honestly.",neutral
"Overall, This movie was extremely boring",negative
"In my opinion, The store opens at 9 AM today.",neutral
"Today, I would not recommend this .",negative
"After trying it, Best purchase I have made in a long time",positive
"For me, This made my day much worse .",negative
"Honestly, What a wonderful experience today .",positive
"For me, Absolutely awful experience #twitter",negative
"Overall, I absolutely love this product .",positive
"Personally, The report was published today",neutral
"For me, The website is currently available .",neutral
The service was awful .,negative
"Right now, I would not recommend this today.",negative
I am unhappy with the results #twitter,negative
"Just saying, The team did an amazing job #twitter",positive
"Honestly, This is not what I wanted #review",negative
"Just saying, The team did a terrible job right now.",negative
"After trying it, I am checking the latest information after trying it.",neutral
"Today, The team did an amazing job honestly.",positive
"Right now, Such a beautiful day .",positive
"Personally, This is terrible and does not work",negative
"Overall, The team did an amazing job right now.",positive
"Personally, The service was awful after trying it.",negative
"Today, The weather is cloudy today #twitter",neutral
"Right now, The class begins at 10 AM today.",neutral
"For me, The report was published today today.",neutral
"Today, What a horrible experience today .",negative
"After trying it, I absolutely hate this product .",negative
"Personally, What a horrible experience today .",negative
"Personally, I am unhappy with the results #review",negative
"In my opinion, This is not what I wanted in my opinion.",negative
"For me, I am unhappy with the results .",negative
"Just saying, The service was awful #review",negative
"Overall, This is not what I wanted .",negative
"For me, Best purchase I have made in a long time right now.",positive
"Overall, I really disliked this experience .",negative
"Personally, I am checking the latest information #twitter",neutral
"Just saying, The website is currently available .",neutral
"Personally, Absolutely awful experience .",negative
"Today, I am very happy with the results #twitter",positive
"Honestly, Such a beautiful day .",positive
"Just saying, The temperature is around 25 degrees .",neutral
"After trying it, Such a beautiful day .",positive
"Today, I watched the latest episode in my opinion.",neutral
"In my opinion, The team did a terrible job honestly.",negative
"After trying it, I received the package this morning",neutral
"In my opinion, I absolutely hate this product .",negative
"Right now, I am very happy with the results after trying it.",positive
"Right now, The new features are brilliant today.",positive
"Right now, The team did a terrible job .",negative
"For me, The company released a new announcement #twitter",neutral
"For me, The team did an amazing job .",positive
"Personally, This made my day so much better .",positive
"Just saying, I am unhappy with the results",negative
I really enjoyed this experience #review,positive
"For me, The flight is scheduled for Monday after trying it.",neutral
"In my opinion, Everything worked perfectly #review",positive
I am reading the news right now .,neutral
"For me, Best purchase I have made in a long time #review",positive
"Just saying, What a horrible experience today .",negative
"For me, I would not recommend this after trying it.",negative
"Personally, The team will meet next week .",neutral
"After trying it, I am very happy with the results today.",positive
"Honestly, This is terrible and does not work #twitter",negative
"In my opinion, I really enjoyed this experience .",positive
"Overall, This is not what I wanted",negative
"Overall, Absolutely awful experience #review",negative
"Personally, This is not what I wanted right now.",negative
"Honestly, The team will meet next week .",neutral
"Today, I am checking the latest information .",neutral
"Just saying, The train arrived at the station .",neutral
"After trying it, This movie was extremely boring after trying it.",negative
"In my opinion, Absolutely awful experience .",negative
"Overall, The team did an amazing job .",positive
"In my opinion, This movie was extremely boring honestly.",negative
"For me, This made my day so much better .",positive
"After trying it, This is exactly what I wanted .",positive
"After trying it, I am disappointed with the quality .",negative
This update is terrible honestly.,negative
"After trying it, Feeling frustrated and disappointed today in my opinion.",negative
"For me, Feeling great and positive today",positive
"Today, This update is awesome .",positive
"Honestly, The store opens at 9 AM .",neutral
"Today, Absolutely awful experience #twitter",negative
"Personally, I really disliked this experience .",negative
"Right now, I watched the latest episode .",neutral
"Honestly, This is terrible and does not work honestly.",negative
"For me, I am reading the news right now .",neutral
"Overall, Such a horrible day right now.",negative
"Today, This made my day much worse after trying it.",negative
"Overall, I am very disappointed with the results today.",negative
"Overall, I am satisfied with the results .",positive
"After trying it, I am impressed with the quality .",positive
"Overall, Feeling great and positive today today.",positive
"Overall, This update is awesome .",positive
"Right now, I am reading the news right now in my opinion.",neutral
"Personally, The product is available in three colors .",neutral
"In my opinion, This movie was fantastic .",positive
"After trying it, Worst purchase I have made .",negative
"Right now, The company released a new announcement honestly.",neutral
"After trying it, I absolutely love this product .",positive
"For me, This made my day much worse .",negative
"Overall, The event starts at 6 PM today.",neutral
"Just saying, The service was awful .",negative
"Today, I am impressed with the quality .",positive
"Overall, This made my day so much better .",positive
"Today, I would not recommend this in my opinion.",negative
"For me, I am impressed with the quality .",positive
"After trying it, The company released a new announcement",neutral
"For me, I am reading the news right now .",neutral
"Personally, Feeling great and positive today .",positive
"Honestly, Feeling frustrated and disappointed today .",negative
"Just saying, The meeting is scheduled for tomorrow right now.",neutral
"For me, I watched the latest episode .",neutral
"Just saying, I am satisfied with the results .",positive
"Just saying, I am very disappointed with the results honestly.",negative
"Honestly, I am unhappy with the results .",negative
"After trying it, The temperature is around 25 degrees .",neutral
"After trying it, The application has been updated",neutral
"Right now, The team did a terrible job .",negative
"Honestly, The application has been updated right now.",neutral
"Personally, Such a horrible day .",negative
"Right now, The application has been updated .",neutral
"In my opinion, What a horrible experience today #twitter",negative
"Today, The website is currently available .",neutral
"After trying it, I really enjoyed this experience .",positive
"After trying it, Everything worked perfectly .",positive
"Today, The product is available in three colors .",neutral
"Honestly, I highly recommend this .",positive
"Just saying, Such a horrible day .",negative
"Overall, The new features are brilliant",positive
"Personally, I received the package this morning .",neutral
The team did a terrible job right now.,negative
"Today, The meeting is scheduled for tomorrow #review",neutral
"After trying it, The weather is cloudy today right now.",neutral
"Personally, Worst purchase I have made today.",negative
"For me, I am very disappointed with the results #review",negative
"For me, This is terrible and does not work right now.",negative
The report was published today #review,neutral
"Overall, Feeling frustrated and disappointed today today.",negative
"Overall, I am unhappy with the results .",negative
"For me, The temperature is around 25 degrees #review",neutral
"Today, This movie was extremely boring in my opinion.",negative
The class begins at 10 AM #twitter,neutral
"Just saying, The team did an amazing job .",positive
"In my opinion, I am satisfied with the results in my opinion.",positive
"For me, Everything worked perfectly .",positive
"Right now, Such a beautiful day .",positive
"Honestly, Absolutely awful experience .",negative
"Honestly, The website is currently available .",neutral
"Just saying, The service was awful right now.",negative
"Personally, Worst purchase I have made .",negative
"Right now, Worst purchase I have made .",negative
"Today, This is exactly what I wanted",positive
"Personally, I am impressed with the quality right now.",positive
"After trying it, This movie was extremely boring .",negative
"Honestly, What a wonderful experience today right now.",positive
"Overall, The new features are brilliant .",positive
"Today, This is amazing and works perfectly .",positive
"In my opinion, I am satisfied with the results in my opinion.",positive
"Right now, I watched the latest episode .",neutral
"For me, I am satisfied with the results .",positive
"Overall, I watched the latest episode #review",neutral
"Overall, The team did a terrible job .",negative
"For me, The weather is cloudy today .",neutral
"Right now, What a horrible experience today today.",negative
"Today, The results will be announced later .",neutral
"Overall, The store opens at 9 AM after trying it.",neutral
"After trying it, This is amazing and works perfectly #twitter",positive
"Overall, The package contains two items right now.",neutral
"After trying it, The flight is scheduled for Monday .",neutral
"Today, I am satisfied with the results .",positive
"Today, The new features are brilliant .",positive
"Just saying, This is not what I wanted #review",negative
"In my opinion, This is exactly what I wanted .",positive
"In my opinion, The website is currently available today.",neutral
"Honestly, Worst purchase I have made today.",negative
"Honestly, The new features are useless .",negative
"Personally, The flight is scheduled for Monday",neutral
"Just saying, The team did a terrible job .",negative
"Just saying, The service was awful .",negative
"In my opinion, The website is currently available in my opinion.",neutral
"Honestly, I am very happy with the results .",positive
"For me, Everything worked perfectly #review",positive
"Personally, I am reading the news right now in my opinion.",neutral
"Right now, The event starts at 6 PM .",neutral
"After trying it, This is amazing and works perfectly today.",positive
"Overall, Everything worked perfectly #twitter",positive
"For me, The new features are brilliant in my opinion.",positive
"For me, The event starts at 6 PM #review",neutral
"Just saying, Absolutely awful experience in my opinion.",negative
"Just saying, The event starts at 6 PM today.",neutral
"Right now, I watched the latest episode .",neutral
"Personally, The new features are useless .",negative
"Right now, I highly recommend this #review",positive
"In my opinion, The application has been updated .",neutral
"Just saying, Worst purchase I have made #twitter",negative
"Personally, This is terrible and does not work in my opinion.",negative
"Just saying, The weather is cloudy today after trying it.",neutral
"Honestly, I am very disappointed with the results right now.",negative
The team did a terrible job today.,negative
"Right now, This update is awesome honestly.",positive
"Today, Worst purchase I have made #review",negative
Everything worked perfectly right now.,positive
"Overall, Absolutely awful experience .",negative
"Personally, The weather is cloudy today .",neutral
"Right now, The company released a new announcement today.",neutral
"After trying it, I highly recommend this",positive
"Just saying, The report was published today .",neutral
"For me, Best purchase I have made in a long time .",positive
"In my opinion, I watched the latest episode #review",neutral
"Overall, Worst purchase I have made .",negative
"Right now, This movie was fantastic after trying it.",positive
"Honestly, Absolutely fantastic experience .",positive
The team did an amazing job .,positive
"After trying it, I am reading the news right now honestly.",neutral
Feeling great and positive today #review,positive
"After trying it, The flight is scheduled for Monday #twitter",neutral
The store opens at 9 AM .,neutral
"Personally, Absolutely fantastic experience in my opinion.",positive
"Just saying, Feeling frustrated and disappointed today honestly.",negative
"For me, I am very happy with the results .",positive
The new features are brilliant in my opinion.,positive
"For me, I am satisfied with the results .",positive
"After trying it, The temperature is around 25 degrees #twitter",neutral
"For me, The meeting is scheduled for tomorrow",neutral
"Today, The new features are brilliant after trying it.",positive
This update is terrible today.,negative
"After trying it, The service was awful in my opinion.",negative
"For me, The weather is cloudy today today.",neutral
This update is awesome in my opinion.,positive
"Today, The website is currently available .",neutral
"In my opinion, I absolutely love this product honestly.",positive
"Just saying, This is exactly what I wanted #review",positive
"For me, I really enjoyed this experience .",positive
"After trying it, I am satisfied with the results right now.",positive
"After trying it, The new features are useless .",negative
"Personally, I am unhappy with the results today.",negative
"After trying it, The website is currently available .",neutral
"Personally, This made my day much worse right now.",negative
"In my opinion, I absolutely hate this product .",negative
"Overall, Best purchase I have made in a long time after trying it.",positive
"Just saying, The website is currently available .",neutral
"Personally, The package contains two items #review",neutral
Worst purchase I have made .,negative
"Overall, This made my day much worse today.",negative
"Honestly, Best purchase I have made in a long time in my opinion.",positive
"Personally, Worst purchase I have made .",negative
"Today, The application has been updated right now.",neutral
"Right now, What a wonderful experience today #review",positive
"Just saying, I absolutely love this product honestly.",positive
"Right now, The new features are useless",negative
"Just saying, The company released a new announcement",neutral
"For me, The service was excellent .",positive
"Personally, The company released a new announcement",neutral
"Honestly, The team did a terrible job #review",negative
"Today, Such a beautiful day .",positive
"Honestly, The store opens at 9 AM #twitter",neutral
"After trying it, The meeting is scheduled for tomorrow right now.",neutral
"After trying it, Such a beautiful day",positive
"In my opinion, I absolutely love this product .",positive
"In my opinion, Feeling great and positive today after trying it.",positive
"For me, I am checking the latest information right now.",neutral
"For me, I am very disappointed with the results .",negative
"Today, This movie was fantastic .",positive
"Today, What a wonderful experience today .",positive
"Overall, I highly recommend this .",positive
"Today, Absolutely fantastic experience honestly.",positive
"Honestly, The team did a terrible job .",negative
"In my opinion, The service was excellent today.",positive
"For me, I am impressed with the quality honestly.",positive
"Honestly, The website is currently available right now.",neutral
"Right now, The service was awful .",negative
"For me, The service was excellent #twitter",positive
This is not what I wanted .,negative
"In my opinion, I am satisfied with the results .",positive
"Just saying, I am unhappy with the results #twitter",negative
"Just saying, Such a beautiful day right now.",positive
"Today, This update is awesome #review",positive
Absolutely awful experience .,negative
"For me, This is not what I wanted",negative
Everything went completely wrong today.,negative
"Honestly, I am disappointed with the quality today.",negative
"For me, The service was excellent .",positive
"Honestly, This is amazing and works perfectly in my opinion.",positive
"Just saying, This movie was fantastic .",positive
"Today, I really enjoyed this experience .",positive
"Overall, The store opens at 9 AM .",neutral
This movie was extremely boring .,negative
"Just saying, The flight is scheduled for Monday",neutral
"Just saying, The flight is scheduled for Monday #twitter",neutral
"Right now, The service was excellent in my opinion.",positive
"For me, I would not recommend this honestly.",negative
"Overall, This made my day much worse after trying it.",negative
The report was published today .,neutral
"Just saying, The new features are useless today.",negative
"After trying it, I highly recommend this .",positive
"Honestly, I am very happy with the results #review",positive
I really enjoyed this experience .,positive
"Right now, This update is terrible after trying it.",negative
"Just saying, This made my day much worse after trying it.",negative
"Today, This is terrible and does not work .",negative
"Just saying, I received the package this morning #review",neutral
"Personally, I am reading the news right now honestly.",neutral
I am unhappy with the results .,negative
"In my opinion, I am impressed with the quality .",positive
"Personally, The team did a terrible job .",negative
"For me, The team did a terrible job today.",negative
"Just saying, This is terrible and does not work",negative
"After trying it, Everything worked perfectly today.",positive
"Today, The service was awful .",negative
"Just saying, I received the package this morning .",neutral
"Honestly, This is not what I wanted #twitter",negative
"Overall, The team did a terrible job",negative
"After trying it, I am disappointed with the quality after trying it.",negative
"Overall, The company released a new announcement right now.",neutral
"Personally, The meeting is scheduled for tomorrow .",neutral
"Right now, The meeting is scheduled for tomorrow right now.",neutral
"Personally, I highly recommend this .",positive
Such a beautiful day .,positive
"Right now, The application has been updated .",neutral
"Just saying, The service was excellent .",positive
"Today, This is amazing and works perfectly honestly.",positive
"Just saying, The application has been updated .",neutral
"Personally, I really enjoyed this experience #twitter",positive
"Today, The service was awful .",negative
"Overall, I really disliked this experience .",negative
"Personally, The application has been updated .",neutral
"Overall, This is amazing and works perfectly .",positive
"Personally, This is not what I wanted right now.",negative
I would not recommend this .,negative
I highly recommend this #review,positive
"In my opinion, This movie was extremely boring .",negative
"Personally, Best purchase I have made in a long time",positive
"Right now, The report was published today .",neutral
"For me, The company released a new announcement in my opinion.",neutral
"Just saying, The new features are brilliant #review",positive
"Right now, I am impressed with the quality #review",positive
"For me, The team did an amazing job .",positive
"For me, I highly recommend this .",positive
"Just saying, This made my day so much better .",positive
"Just saying, I am very happy with the results",positive
"Personally, This update is terrible right now.",negative
"Overall, Such a beautiful day .",positive
"For me, Such a horrible day",negative
"Right now, The class begins at 10 AM .",neutral
"For me, The report was published today .",neutral
"Honestly, The team will meet next week in my opinion.",neutral
The train arrived at the station .,neutral
"Today, Absolutely awful experience #review",negative
"Just saying, I highly recommend this honestly.",positive
"Right now, The service was awful .",negative
Absolutely awful experience .,negative
"Honestly, The train arrived at the station .",neutral
"Today, This update is terrible .",negative
"For me, The event starts at 6 PM .",neutral
"Honestly, I am disappointed with the quality today.",negative
"Personally, Feeling frustrated and disappointed today right now.",negative
Worst purchase I have made #twitter,negative
"After trying it, This is not what I wanted in my opinion.",negative
Everything went completely wrong .,negative
"Today, I am checking the latest information .",neutral
"Today, The train arrived at the station .",neutral
"Honestly, The package contains two items .",neutral
"Overall, Such a horrible day .",negative
"After trying it, The company released a new announcement #review",neutral
"Honestly, The product is available in three colors .",neutral
"In my opinion, I am very disappointed with the results .",negative
"Honestly, This made my day much worse today.",negative
"Right now, I absolutely hate this product #twitter",negative
"Just saying, Everything worked perfectly .",positive
"Just saying, The service was awful .",negative
"Honestly, I highly recommend this .",positive
"Right now, The team did an amazing job after trying it.",positive
"For me, The service was awful .",negative
The website is currently available .,neutral
"Overall, The class begins at 10 AM .",neutral
"Today, I really disliked this experience .",negative
"Overall, This made my day much worse .",negative
"For me, I really enjoyed this experience .",positive
"Honestly, The new features are useless",negative
This update is awesome today.,positive
This update is terrible right now.,negative
"Right now, The application has been updated .",neutral
"For me, The website is currently available right now.",neutral
This made my day much worse in my opinion.,negative
"Today, I absolutely love this product",positive
I really enjoyed this experience .,positive
"In my opinion, This is not what I wanted today.",negative
"In my opinion, The application has been updated in my opinion.",neutral
"For me, Worst purchase I have made #twitter",negative
"Honestly, This made my day much worse .",negative
"For me, The results will be announced later #review",neutral
"For me, The new features are brilliant today.",positive
"In my opinion, Feeling frustrated and disappointed today .",negative
"For me, The company released a new announcement .",neutral
"Just saying, The class begins at 10 AM honestly.",neutral
"Just saying, I absolutely hate this product",negative
"Honestly, The meeting is scheduled for tomorrow",neutral
"Personally, The team did an amazing job right now.",positive
"Right now, This made my day much worse .",negative
"Just saying, This update is awesome today.",positive
The flight is scheduled for Monday in my opinion.,neutral
"Today, The team will meet next week .",neutral
"Just saying, The store opens at 9 AM honestly.",neutral
"Today, I absolutely hate this product today.",negative
"After trying it, The application has been updated #twitter",neutral
"Right now, This update is terrible .",negative
"For me, This made my day much worse in my opinion.",negative
"In my opinion, Worst purchase I have made",negative
This update is awesome #twitter,positive
The package contains two items .,neutral
"Today, This is not what I wanted after trying it.",negative
"Just saying, The temperature is around 25 degrees",neutral
Absolutely fantastic experience today.,positive
"Today, The class begins at 10 AM right now.",neutral
"Overall, This movie was fantastic right now.",positive
"Today, This is amazing and works perfectly right now.",positive
I absolutely love this product .,positive
"In my opinion, I absolutely hate this product #review",negative
"After trying it, I really disliked this experience in my opinion.",negative
"Today, I am reading the news right now .",neutral
I am very disappointed with the results,negative
"Honestly, This made my day so much better #twitter",positive
The weather is cloudy today right now.,neutral
"For me, This movie was extremely boring",negative
"Personally, Feeling frustrated and disappointed today .",negative
"In my opinion, Such a horrible day .",negative
"After trying it, The team will meet next week .",neutral
"Today, The new features are brilliant after trying it.",positive
"Honestly, The application has been updated .",neutral
"Overall, I am unhappy with the results today.",negative
The product is available in three colors .,neutral
"Today, I really enjoyed this experience .",positive
The new features are useless #review,negative
"Just saying, I really disliked this experience honestly.",negative
"Just saying, This is terrible and does not work",negative
"Personally, The meeting is scheduled for tomorrow .",neutral
"Today, Such a beautiful day #twitter",positive
"Personally, This movie was extremely boring .",negative
"Right now, The results will be announced later in my opinion.",neutral
"Honestly, The company released a new announcement .",neutral
"Overall, This made my day much worse after trying it.",negative
The application has been updated today.,neutral
"For me, Worst purchase I have made right now.",negative
"Right now, I am checking the latest information #twitter",neutral
"Today, I am unhappy with the results #twitter",negative
"Just saying, The weather is cloudy today .",neutral
"For me, I am impressed with the quality .",positive
"Just saying, This made my day much worse #review",negative
"Overall, The team did a terrible job .",negative
"Just saying, This is terrible and does not work",negative
"In my opinion, The store opens at 9 AM after trying it.",neutral
"After trying it, This movie was extremely boring .",negative
"Personally, The application has been updated in my opinion.",neutral
"Overall, The report was published today .",neutral
"Just saying, This movie was extremely boring .",negative
"Just saying, The flight is scheduled for Monday right now.",neutral
"Today, This update is awesome .",positive
"Today, This made my day so much better today.",positive
"After trying it, I would not recommend this honestly.",negative
"After trying it, This update is awesome after trying it.",positive
"Personally, The train arrived at the station .",neutral
"Overall, This movie was fantastic #review",positive
"Today, The new features are brilliant .",positive
"For me, I highly recommend this .",positive
"Personally, This made my day much worse .",negative
The report was published today right now.,neutral
The train arrived at the station,neutral
"Today, The flight is scheduled for Monday in my opinion.",neutral
Feeling frustrated and disappointed today .,negative
"Overall, I highly recommend this #twitter",positive
"Honestly, Everything went completely wrong after trying it.",negative
"After trying it, The event starts at 6 PM today.",neutral
"In my opinion, I absolutely hate this product .",negative
"Just saying, The results will be announced later .",neutral
"Honestly, This update is terrible .",negative
"Today, This movie was fantastic .",positive
"Overall, This made my day so much better .",positive
"In my opinion, I received the package this morning .",neutral
"Just saying, I am checking the latest information .",neutral
"For me, This movie was extremely boring #review",negative
"In my opinion, I absolutely love this product honestly.",positive
"Right now, The team did a terrible job #review",negative
"Just saying, This update is terrible .",negative
"For me, Such a horrible day .",negative
I am unhappy with the results .,negative
"For me, Everything went completely wrong honestly.",negative
"Right now, I absolutely hate this product .",negative
"After trying it, I absolutely love this product .",positive
"Just saying, What a horrible experience today",negative
"After trying it, The new features are useless in my opinion.",negative
"Just saying, Feeling frustrated and disappointed today .",negative
"After trying it, The team will meet next week .",neutral
"Overall, Such a horrible day today.",negative
"Right now, I really enjoyed this experience .",positive
"For me, The application has been updated .",neutral
"Today, This movie was fantastic .",positive
The service was awful today.,negative
"In my opinion, I highly recommend this .",positive
"Personally, The event starts at 6 PM in my opinion.",neutral
"Today, I am very happy with the results #twitter",positive
"Honestly, This made my day much worse .",negative
"Just saying, The company released a new announcement .",neutral
"Personally, Best purchase I have made in a long time after trying it.",positive
"Just saying, I highly recommend this after trying it.",positive
"Today, The meeting is scheduled for tomorrow honestly.",neutral
"Honestly, This update is terrible",negative
The store opens at 9 AM today.,neutral
"Today, I watched the latest episode .",neutral
"In my opinion, I am disappointed with the quality",negative
"In my opinion, I really disliked this experience #twitter",negative
"Just saying, The team did a terrible job #review",negative
"Honestly, The store opens at 9 AM .",neutral
"Honestly, I am impressed with the quality",positive
I am checking the latest information .,neutral
I am checking the latest information .,neutral
"Honestly, What a horrible experience today .",negative
"Honestly, I really enjoyed this experience #twitter",positive
"Just saying, The team did a terrible job .",negative
"Just saying, Such a beautiful day #twitter",positive
"For me, Best purchase I have made in a long time .",positive
"In my opinion, Everything worked perfectly #twitter",positive
"Right now, Everything went completely wrong .",negative
"Overall, The team will meet next week .",neutral
"Overall, I am checking the latest information #twitter",neutral
"Personally, This is not what I wanted after trying it.",negative
"Personally, This movie was fantastic .",positive
"For me, This is not what I wanted honestly.",negative
"After trying it, This is exactly what I wanted .",positive
"After trying it, Absolutely awful experience #review",negative
"Today, The website is currently available",neutral
"Honestly, Best purchase I have made in a long time #twitter",positive
"Right now, I absolutely hate this product #review",negative
"Honestly, The service was awful honestly.",negative
"Personally, This update is awesome .",positive
"After trying it, The website is currently available .",neutral
"In my opinion, The service was excellent after trying it.",positive
"Personally, I absolutely love this product right now.",positive
"Just saying, Feeling frustrated and disappointed today after trying it.",negative
I absolutely hate this product right now.,negative
"Just saying, What a horrible experience today in my opinion.",negative
"Honestly, I absolutely hate this product right now.",negative
"Overall, I am satisfied with the results after trying it.",positive
"For me, I would not recommend this #twitter",negative
"Today, I absolutely love this product #twitter",positive
"Overall, Such a horrible day .",negative
"After trying it, The event starts at 6 PM .",neutral
"Honestly, The service was excellent honestly.",positive
"Right now, The company released a new announcement .",neutral
"After trying it, The meeting is scheduled for tomorrow honestly.",neutral
"In my opinion, This update is terrible .",negative
"Honestly, I watched the latest episode honestly.",neutral
"Today, I am reading the news right now #twitter",neutral
"Right now, The weather is cloudy today after trying it.",neutral
"Right now, This update is awesome .",positive
"Personally, The team will meet next week honestly.",neutral
"Today, Worst purchase I have made #review",negative
"After trying it, Best purchase I have made in a long time #twitter",positive
"Overall, The results will be announced later .",neutral
"For me, I received the package this morning right now.",neutral
Everything worked perfectly #review,positive
"In my opinion, The weather is cloudy today .",neutral
"Today, I really enjoyed this experience #twitter",positive
"For me, What a horrible experience today today.",negative
"In my opinion, The store opens at 9 AM .",neutral
"In my opinion, The results will be announced later #twitter",neutral
"Right now, The new features are useless right now.",negative
"Personally, I am satisfied with the results",positive
"After trying it, The package contains two items .",neutral
"In my opinion, I highly recommend this .",positive
"In my opinion, What a wonderful experience today after trying it.",positive
"For me, Everything worked perfectly in my opinion.",positive
"Right now, Such a horrible day",negative
"Just saying, The team did an amazing job #twitter",positive
"Right now, This is exactly what I wanted honestly.",positive
"In my opinion, Worst purchase I have made honestly.",negative
"Personally, The meeting is scheduled for tomorrow",neutral
"Personally, The product is available in three colors today.",neutral
The team will meet next week .,neutral
"Today, I am unhappy with the results #twitter",negative
"Overall, The store opens at 9 AM .",neutral
"Just saying, The new features are useless today.",negative
"Honestly, Worst purchase I have made #review",negative
"Honestly, Such a horrible day .",negative
Worst purchase I have made,negative
"After trying it, This is exactly what I wanted .",positive
"Right now, This update is terrible #review",negative
"Honestly, The train arrived at the station .",neutral
"After trying it, I absolutely hate this product in my opinion.",negative
"Honestly, Best purchase I have made in a long time .",positive
This update is awesome .,positive
"Personally, I absolutely hate this product .",negative
"Overall, Feeling great and positive today .",positive
Absolutely fantastic experience today.,positive
The meeting is scheduled for tomorrow .,neutral
"Honestly, The website is currently available",neutral
"After trying it, The team did a terrible job .",negative
"Right now, The team did an amazing job .",positive
"Today, The package contains two items .",neutral
"For me, The service was awful today.",negative
"In my opinion, This is not what I wanted after trying it.",negative
"In my opinion, I highly recommend this .",positive
"Overall, The results will be announced later .",neutral
"In my opinion, Feeling great and positive today honestly.",positive
"Today, Best purchase I have made in a long time after trying it.",positive
"For me, The flight is scheduled for Monday today.",neutral
"For me, Feeling great and positive today .",positive
This is amazing and works perfectly .,positive
"For me, Absolutely awful experience .",negative
"Today, I am very disappointed with the results today.",negative
"For me, I am very disappointed with the results",negative
"Honestly, I am impressed with the quality honestly.",positive
"After trying it, Feeling great and positive today #twitter",positive
"Overall, The flight is scheduled for Monday .",neutral
"Today, This is amazing and works perfectly .",positive
"Just saying, The store opens at 9 AM today.",neutral
"In my opinion, Feeling frustrated and disappointed today today.",negative
"Honestly, The weather is cloudy today in my opinion.",neutral
"Overall, This update is terrible .",negative
"Right now, The service was excellent in my opinion.",positive
"Just saying, The team did an amazing job",positive
"After trying it, This update is awesome right now.",positive
"After trying it, Worst purchase I have made today.",negative
"Just saying, I received the package this morning .",neutral
"Overall, This is not what I wanted .",negative
"In my opinion, The application has been updated .",neutral
"Just saying, The service was excellent right now.",positive
"In my opinion, Absolutely fantastic experience after trying it.",positive
"Right now, I absolutely love this product in my opinion.",positive
The train arrived at the station today.,neutral
I highly recommend this honestly.,positive
"In my opinion, The report was published today .",neutral
"Personally, I would not recommend this right now.",negative
"Honestly, The company released a new announcement right now.",neutral
"For me, I received the package this morning .",neutral
"Right now, The class begins at 10 AM",neutral
"Overall, Absolutely fantastic experience",positive
"After trying it, This movie was extremely boring .",negative
This is exactly what I wanted .,positive
The report was published today honestly.,neutral
"Right now, I am very happy with the results .",positive
"Today, The package contains two items .",neutral
"In my opinion, The meeting is scheduled for tomorrow after trying it.",neutral
This is terrible and does not work honestly.,negative
"In my opinion, The temperature is around 25 degrees in my opinion.",neutral
The new features are brilliant .,positive
I am very happy with the results .,positive
"Right now, This made my day so much better in my opinion.",positive
"Just saying, I absolutely love this product .",positive
"Personally, The application has been updated .",neutral
"Overall, Feeling frustrated and disappointed today .",negative
"For me, This movie was extremely boring today.",negative
"Right now, The team did a terrible job .",negative
I am checking the latest information in my opinion.,neutral
"Right now, This update is terrible .",negative
"Right now, I am very disappointed with the results .",negative
"Honestly, This is terrible and does not work",negative
"Just saying, I am very disappointed with the results after trying it.",negative
"Honestly, I am unhappy with the results .",negative
"Personally, Worst purchase I have made .",negative
"After trying it, The service was awful .",negative
The team will meet next week .,neutral
"Overall, I would not recommend this right now.",negative
"Honestly, Everything worked perfectly .",positive
"Today, I am unhappy with the results #review",negative
"Today, I am very happy with the results right now.",positive
"After trying it, Best purchase I have made in a long time .",positive
"Honestly, This is terrible and does not work in my opinion.",negative
"After trying it, This is not what I wanted #review",negative
"Just saying, Absolutely awful experience .",negative
"Right now, The weather is cloudy today right now.",neutral
"In my opinion, Feeling frustrated and disappointed today .",negative
"Right now, I highly recommend this .",positive
"Personally, I am disappointed with the quality .",negative
"For me, This made my day so much better .",positive
"Right now, I would not recommend this .",negative
"After trying it, I am unhappy with the results honestly.",negative
The temperature is around 25 degrees #twitter,neutral
"Personally, The new features are useless .",negative
"Personally, The website is currently available #review",neutral
"In my opinion, I am very happy with the results today.",positive
"Honestly, This update is awesome #twitter",positive
"After trying it, The meeting is scheduled for tomorrow .",neutral
"Just saying, This is exactly what I wanted .",positive
"Honestly, Everything went completely wrong .",negative
"In my opinion, The temperature is around 25 degrees .",neutral
"For me, The application has been updated .",neutral
"For me, Everything worked perfectly #review",positive
"After trying it, This made my day so much better honestly.",positive
"Right now, What a horrible experience today #review",negative
This is terrible and does not work .,negative
"Personally, I really disliked this experience",negative
"After trying it, This movie was extremely boring .",negative
"Personally, The results will be announced later after trying it.",neutral
"In my opinion, The team did an amazing job .",positive
"In my opinion, Such a beautiful day .",positive
Best purchase I have made in a long time #review,positive
"Just saying, The team did an amazing job .",positive
"After trying it, The application has been updated .",neutral
"For me, This movie was extremely boring #twitter",negative
"Honestly, This movie was fantastic .",positive
"After trying it, The service was excellent honestly.",positive
"Right now, I am satisfied with the results .",positive
"Today, This movie was fantastic .",positive
"Just saying, The meeting is scheduled for tomorrow .",neutral
"After trying it, The team did an amazing job #twitter",positive
"Personally, The class begins at 10 AM honestly.",neutral
"Honestly, I am unhappy with the results in my opinion.",negative
"Right now, I really disliked this experience honestly.",negative
"Honestly, I watched the latest episode .",neutral
"Overall, I am reading the news right now after trying it.",neutral
"Right now, What a wonderful experience today .",positive
"For me, I received the package this morning honestly.",neutral
"In my opinion, The new features are useless in my opinion.",negative
"Right now, I absolutely hate this product today.",negative
"Honestly, The team did a terrible job right now.",negative
"After trying it, The temperature is around 25 degrees in my opinion.",neutral
The train arrived at the station in my opinion.,neutral
"Today, Feeling frustrated and disappointed today today.",negative
"Personally, I am impressed with the quality right now.",positive
"Just saying, The meeting is scheduled for tomorrow .",neutral
"For me, The team did an amazing job right now.",positive
"For me, This made my day so much better .",positive
This movie was fantastic .,positive
"For me, The temperature is around 25 degrees .",neutral
"Today, The product is available in three colors in my opinion.",neutral
"Just saying, Worst purchase I have made .",negative
The team did an amazing job .,positive
"Overall, This movie was extremely boring .",negative
"Overall, The service was excellent today.",positive
"Today, The new features are brilliant after trying it.",positive
This is exactly what I wanted .,positive
"In my opinion, Such a beautiful day after trying it.",positive
"In my opinion, The event starts at 6 PM right now.",neutral
"Overall, I am reading the news right now .",neutral
"Honestly, The team will meet next week today.",neutral
"In my opinion, This made my day much worse right now.",negative
"In my opinion, Absolutely awful experience .",negative
"Right now, Feeling frustrated and disappointed today #twitter",negative
"Personally, What a wonderful experience today #twitter",positive
"Honestly, Such a beautiful day .",positive
"In my opinion, The results will be announced later .",neutral
"Honestly, Worst purchase I have made today.",negative
Worst purchase I have made right now.,negative
"Honestly, The event starts at 6 PM .",neutral
"Right now, The train arrived at the station .",neutral
"Personally, This update is terrible .",negative
"Honestly, I am impressed with the quality honestly.",positive
"Honestly, Such a beautiful day .",positive
"Personally, The flight is scheduled for Monday in my opinion.",neutral
"Today, The results will be announced later .",neutral
"After trying it, This is not what I wanted .",negative
"Personally, The results will be announced later",neutral
"For me, I am disappointed with the quality right now.",negative
"In my opinion, Feeling great and positive today .",positive
"Right now, The report was published today .",neutral
"In my opinion, The product is available in three colors .",neutral
"In my opinion, This is not what I wanted .",negative
"After trying it, The team did an amazing job in my opinion.",positive
"Just saying, What a horrible experience today .",negative
"Right now, Feeling great and positive today honestly.",positive
"In my opinion, What a wonderful experience today .",positive
I am unhappy with the results .,negative
"Honestly, Such a horrible day honestly.",negative
"Overall, The team did an amazing job #twitter",positive
"Just saying, The team did a terrible job #twitter",negative
Such a horrible day .,negative
"After trying it, The meeting is scheduled for tomorrow #twitter",neutral
"Right now, This made my day much worse .",negative
"In my opinion, The service was excellent in my opinion.",positive
"For me, I am disappointed with the quality .",negative
"Right now, This update is terrible .",negative
"After trying it, This update is awesome after trying it.",positive
"After trying it, I highly recommend this today.",positive
"Honestly, I absolutely love this product honestly.",positive
"Right now, The new features are useless #twitter",negative
"After trying it, Feeling great and positive today .",positive
"Just saying, The flight is scheduled for Monday right now.",neutral
"For me, I am disappointed with the quality .",negative
"Overall, This update is awesome .",positive
"Honestly, The flight is scheduled for Monday after trying it.",neutral
"After trying it, The temperature is around 25 degrees .",neutral
"After trying it, Everything worked perfectly .",positive
"Personally, The team will meet next week today.",neutral
"In my opinion, The report was published today",neutral
"Right now, This movie was extremely boring in my opinion.",negative
"After trying it, The package contains two items .",neutral
"In my opinion, I am disappointed with the quality after trying it.",negative
"For me, The flight is scheduled for Monday .",neutral
"Just saying, The new features are brilliant .",positive
"For me, The website is currently available .",neutral
"In my opinion, This update is awesome #twitter",positive
"Right now, I am very happy with the results .",positive
"Overall, The team will meet next week honestly.",neutral
"Today, Worst purchase I have made .",negative
"Today, I highly recommend this .",positive
"Right now, I watched the latest episode .",neutral
"Today, I am satisfied with the results .",positive
"Personally, Feeling frustrated and disappointed today #twitter",negative
"Personally, The flight is scheduled for Monday .",neutral
"In my opinion, I am checking the latest information right now.",neutral
"For me, I received the package this morning",neutral
"After trying it, The package contains two items in my opinion.",neutral
"Today, Worst purchase I have made in my opinion.",negative
"Right now, Everything worked perfectly right now.",positive
"Right now, The company released a new announcement #twitter",neutral
"Just saying, The team did an amazing job #twitter",positive
"In my opinion, Such a horrible day .",negative
I absolutely love this product .,positive
"Today, Absolutely awful experience after trying it.",negative
"Personally, Such a beautiful day #twitter",positive
"Today, Such a horrible day #review",negative
"Just saying, I am unhappy with the results #review",negative
"For me, What a wonderful experience today .",positive
"For me, I am checking the latest information after trying it.",neutral
"Today, The meeting is scheduled for tomorrow #twitter",neutral
"Overall, I would not recommend this today.",negative
"Today, Best purchase I have made in a long time right now.",positive
"Right now, I am checking the latest information .",neutral
"Honestly, What a horrible experience today .",negative
"Honestly, I would not recommend this",negative
"Right now, The weather is cloudy today",neutral
"Just saying, I absolutely love this product",positive
"Personally, The report was published today .",neutral
"For me, I am impressed with the quality #review",positive
"In my opinion, The product is available in three colors .",neutral
"For me, Absolutely awful experience #twitter",negative
"Just saying, The team will meet next week .",neutral
"Honestly, Best purchase I have made in a long time .",positive
"Overall, This made my day much worse .",negative
"For me, Worst purchase I have made .",negative
"Overall, I am disappointed with the quality .",negative
"Right now, This movie was extremely boring in my opinion.",negative
"Right now, The team did an amazing job",positive
"For me, Such a horrible day .",negative
"Just saying, The flight is scheduled for Monday",neutral
"Personally, The product is available in three colors .",neutral
"Personally, This is amazing and works perfectly .",positive
"Today, The event starts at 6 PM .",neutral
"Right now, The website is currently available honestly.",neutral
"Today, What a wonderful experience today #review",positive
"Overall, The event starts at 6 PM .",neutral
"After trying it, This movie was fantastic .",positive
"After trying it, The package contains two items .",neutral
"Just saying, Everything went completely wrong today.",negative
"Honestly, Absolutely awful experience",negative
The train arrived at the station .,neutral
"Right now, I watched the latest episode honestly.",neutral
"After trying it, The event starts at 6 PM #twitter",neutral
"Personally, This is terrible and does not work .",negative
"Right now, This is exactly what I wanted honestly.",positive
"Just saying, The team did an amazing job #twitter",positive
"In my opinion, Such a horrible day .",negative
"For me, Feeling great and positive today",positive
"Today, Feeling frustrated and disappointed today in my opinion.",negative
"Right now, This is amazing and works perfectly today.",positive
"Today, The report was published today .",neutral
"Personally, I absolutely love this product .",positive
"For me, The website is currently available #twitter",neutral
"After trying it, I really disliked this experience .",negative
Such a horrible day .,negative
What a horrible experience today .,negative
"In my opinion, The service was awful in my opinion.",negative
"Personally, The event starts at 6 PM in my opinion.",neutral
"Today, This made my day so much better .",positive
"For me, I received the package this morning .",neutral
"Personally, I am satisfied with the results #twitter",positive
"For me, Everything worked perfectly #twitter",positive
"Right now, The company released a new announcement",neutral
"For me, The team did a terrible job .",negative
I received the package this morning .,neutral
"Overall, This update is terrible .",negative
The event starts at 6 PM .,neutral
"Right now, Feeling frustrated and disappointed today after trying it.",negative
"Honestly, Absolutely awful experience today.",negative
"Right now, The new features are useless today.",negative
"Just saying, Feeling great and positive today today.",positive
"Overall, The meeting is scheduled for tomorrow .",neutral
"Right now, Absolutely awful experience in my opinion.",negative
"Personally, I am very happy with the results .",positive
"Just saying, This update is awesome after trying it.",positive
"Honestly, This is terrible and does not work .",negative
"Honestly, Such a horrible day after trying it.",negative
"Personally, Everything went completely wrong .",negative
"Right now, The new features are useless honestly.",negative
"Right now, I am checking the latest information .",neutral
"In my opinion, I am unhappy with the results after trying it.",negative
"After trying it, Such a beautiful day .",positive
"Today, I am very happy with the results today.",positive
"Overall, I really disliked this experience .",negative
"After trying it, Everything worked perfectly .",positive
This update is terrible right now.,negative
"For me, Everything went completely wrong #twitter",negative
"Honestly, I absolutely love this product right now.",positive
"Personally, I am very disappointed with the results .",negative
"In my opinion, I absolutely hate this product .",negative
"Overall, The report was published today .",neutral
"Today, The team did a terrible job in my opinion.",negative
"After trying it, This update is terrible honestly.",negative
"Just saying, Such a beautiful day #review",positive
"For me, I am very happy with the results #twitter",positive
"Just saying, The new features are useless .",negative
"For me, The website is currently available .",neutral
"Just saying, This made my day much worse .",negative
"Just saying, The report was published today .",neutral
"For me, The team will meet next week #review",neutral
"Overall, Feeling great and positive today in my opinion.",positive
"In my opinion, The class begins at 10 AM honestly.",neutral
"For me, I am checking the latest information honestly.",neutral
"For me, I received the package this morning .",neutral
"Right now, I am very disappointed with the results .",negative
The team did a terrible job .,negative
"Today, The weather is cloudy today .",neutral
"Right now, This is terrible and does not work honestly.",negative
"For me, I am reading the news right now in my opinion.",neutral
"Right now, Absolutely fantastic experience .",positive
"Honestly, The service was excellent .",positive
"Right now, What a wonderful experience today #twitter",positive
"Today, The weather is cloudy today .",neutral
"Overall, The meeting is scheduled for tomorrow",neutral
"Just saying, The service was excellent after trying it.",positive
"Today, The temperature is around 25 degrees .",neutral
"Today, The temperature is around 25 degrees",neutral
"After trying it, The team did an amazing job .",positive
"Today, I am impressed with the quality",positive
"Honestly, Absolutely fantastic experience .",positive
"Just saying, The store opens at 9 AM .",neutral
"Personally, I received the package this morning .",neutral
"In my opinion, I am very disappointed with the results after trying it.",negative
"For me, I am satisfied with the results .",positive
"In my opinion, The train arrived at the station honestly.",neutral
"In my opinion, I would not recommend this after trying it.",negative
"Just saying, This made my day much worse .",negative
"Right now, This is not what I wanted after trying it.",negative
"For me, The meeting is scheduled for tomorrow #twitter",neutral
"Personally, I absolutely hate this product .",negative
"Honestly, I would not recommend this honestly.",negative
"Personally, What a horrible experience today .",negative
"After trying it, This movie was extremely boring right now.",negative
"Personally, This movie was fantastic .",positive
"For me, Everything went completely wrong right now.",negative
"In my opinion, The weather is cloudy today",neutral
"For me, The report was published today #review",neutral
"In my opinion, This made my day much worse .",negative
"Honestly, Absolutely fantastic experience .",positive
"Right now, The application has been updated",neutral
"Overall, Feeling great and positive today .",positive
"Today, The company released a new announcement after trying it.",neutral
"Personally, This update is awesome .",positive
"Today, What a horrible experience today #twitter",negative
"Overall, I received the package this morning #twitter",neutral
"Right now, The service was excellent .",positive
I would not recommend this honestly.,negative
"In my opinion, I am satisfied with the results .",positive
"For me, The new features are brilliant .",positive
"Overall, This is amazing and works perfectly right now.",positive
"Right now, I watched the latest episode .",neutral
"Today, This update is awesome right now.",positive
"For me, The class begins at 10 AM .",neutral
"Honestly, Absolutely awful experience honestly.",negative
"Overall, The train arrived at the station .",neutral
"Today, I watched the latest episode .",neutral
"In my opinion, I received the package this morning #twitter",neutral
"In my opinion, The service was excellent .",positive
"For me, I am checking the latest information right now.",neutral
"After trying it, I would not recommend this .",negative
"Honestly, The team did an amazing job .",positive
"After trying it, Everything worked perfectly",positive
"Personally, I watched the latest episode right now.",neutral
"Personally, I am very disappointed with the results after trying it.",negative
I am very disappointed with the results .,negative
"Honestly, This is amazing and works perfectly .",positive
"After trying it, I am disappointed with the quality in my opinion.",negative
"Today, This is terrible and does not work after trying it.",negative
"Honestly, The new features are brilliant right now.",positive
"Just saying, I watched the latest episode .",neutral
"Right now, I absolutely love this product .",positive
"Personally, I am checking the latest information honestly.",neutral
"Personally, Everything went completely wrong after trying it.",negative
"In my opinion, The new features are useless .",negative
"For me, This is not what I wanted .",negative
"In my opinion, This movie was extremely boring .",negative
"For me, The company released a new announcement after trying it.",neutral
"In my opinion, The train arrived at the station right now.",neutral
"Overall, Absolutely fantastic experience today.",positive
"Honestly, I really disliked this experience .",negative
"Honestly, The results will be announced later .",neutral
"For me, The website is currently available #review",neutral
"Right now, The results will be announced later #twitter",neutral
"Overall, Feeling frustrated and disappointed today .",negative
"Overall, I would not recommend this #review",negative
"Honestly, The team did a terrible job .",negative
"Overall, The product is available in three colors #review",neutral
"Personally, The package contains two items #twitter",neutral
"Right now, I absolutely love this product #twitter",positive
"Just saying, This is exactly what I wanted .",positive
"Personally, I am satisfied with the results #review",positive
The event starts at 6 PM .,neutral
"Personally, I am very happy with the results in my opinion.",positive
I really disliked this experience .,negative
"Honestly, The weather is cloudy today right now.",neutral
"Just saying, This movie was extremely boring .",negative
"Personally, The team will meet next week .",neutral
"In my opinion, The package contains two items",neutral
"Just saying, I am checking the latest information",neutral
Feeling frustrated and disappointed today .,negative
Best purchase I have made in a long time #twitter,positive
"Just saying, I am very disappointed with the results",negative
"In my opinion, I am unhappy with the results after trying it.",negative
"For me, I would not recommend this .",negative
"In my opinion, The team did an amazing job .",positive
"Personally, The flight is scheduled for Monday in my opinion.",neutral
"Right now, This is amazing and works perfectly .",positive
"Right now, This is terrible and does not work honestly.",negative
"Overall, Feeling frustrated and disappointed today .",negative
"After trying it, I am disappointed with the quality .",negative
"Right now, Everything worked perfectly in my opinion.",positive
"Today, Everything worked perfectly .",positive
"Honestly, The temperature is around 25 degrees",neutral
"Overall, I highly recommend this today.",positive
"Today, The team did a terrible job today.",negative
"After trying it, This is amazing and works perfectly .",positive
"After trying it, Such a horrible day in my opinion.",negative
"Just saying, The website is currently available in my opinion.",neutral
"In my opinion, I am very happy with the results .",positive
"After trying it, Worst purchase I have made today.",negative
"In my opinion, The company released a new announcement .",neutral
"Personally, Such a beautiful day #twitter",positive
"In my opinion, Everything went completely wrong .",negative
"Right now, This movie was extremely boring .",negative
The new features are brilliant .,positive
"Just saying, I received the package this morning #twitter",neutral
"Today, This update is terrible .",negative
"Personally, I absolutely love this product",positive
"After trying it, The service was awful right now.",negative
"Right now, The team will meet next week #review",neutral
"For me, I am unhappy with the results .",negative
"Just saying, I received the package this morning #review",neutral
"Personally, I absolutely hate this product .",negative
"Today, The new features are brilliant #twitter",positive
"Right now, This is not what I wanted .",negative
"Overall, This movie was fantastic honestly.",positive
"In my opinion, I really enjoyed this experience honestly.",positive
"After trying it, I would not recommend this .",negative
"Today, This update is awesome #twitter",positive
"Honestly, This made my day so much better today.",positive
I am impressed with the quality right now.,positive
"Personally, Such a horrible day today.",negative
"Personally, The store opens at 9 AM .",neutral
"After trying it, This is amazing and works perfectly .",positive
"Personally, Feeling frustrated and disappointed today after trying it.",negative
The package contains two items .,neutral
"After trying it, This is exactly what I wanted .",positive
"Just saying, I am checking the latest information after trying it.",neutral
"Just saying, The package contains two items .",neutral
The train arrived at the station honestly.,neutral
"Today, The package contains two items .",neutral
"Right now, The service was awful in my opinion.",negative
"In my opinion, The store opens at 9 AM .",neutral
Absolutely awful experience .,negative
"Honestly, What a wonderful experience today after trying it.",positive
"Personally, Feeling frustrated and disappointed today .",negative
"In my opinion, The package contains two items",neutral
"After trying it, I really disliked this experience .",negative
"Just saying, Worst purchase I have made .",negative
"Right now, Absolutely fantastic experience right now.",positive
"Just saying, This is exactly what I wanted .",positive
"Overall, This is terrible and does not work honestly.",negative
"Just saying, I absolutely love this product",positive
"Just saying, This is not what I wanted honestly.",negative
"After trying it, The meeting is scheduled for tomorrow #twitter",neutral
I absolutely hate this product in my opinion.,negative
The train arrived at the station .,neutral
"Right now, I absolutely love this product #twitter",positive
"Just saying, The weather is cloudy today .",neutral
"Honestly, I am satisfied with the results honestly.",positive
"After trying it, Feeling great and positive today honestly.",positive
"Just saying, This update is terrible .",negative
"Today, The team did a terrible job",negative
"Just saying, Such a horrible day in my opinion.",negative
"After trying it, Feeling frustrated and disappointed today .",negative
"Just saying, This is not what I wanted .",negative
"Overall, The application has been updated right now.",neutral
"In my opinion, The report was published today .",neutral
"Just saying, The new features are useless right now.",negative
"Personally, The weather is cloudy today .",neutral
"Today, I am very happy with the results today.",positive
The event starts at 6 PM .,neutral
"Right now, This made my day so much better after trying it.",positive
What a wonderful experience today .,positive
"After trying it, Absolutely awful experience honestly.",negative
"After trying it, The team did a terrible job #twitter",negative
"Right now, I absolutely hate this product .",negative
"For me, Such a beautiful day today.",positive
The service was excellent after trying it.,positive
"Just saying, The service was excellent after trying it.",positive
"After trying it, The service was excellent in my opinion.",positive
"After trying it, I am unhappy with the results .",negative
"For me, The event starts at 6 PM .",neutral
"Overall, I absolutely love this product today.",positive
"Overall, I received the package this morning #twitter",neutral
"Overall, The product is available in three colors .",neutral
"Overall, I highly recommend this today.",positive
"After trying it, This update is awesome .",positive
"Personally, The store opens at 9 AM .",neutral
"Right now, What a wonderful experience today .",positive
"In my opinion, The event starts at 6 PM honestly.",neutral
"In my opinion, The weather is cloudy today .",neutral
"Today, I watched the latest episode #twitter",neutral
"In my opinion, I really disliked this experience after trying it.",negative
"In my opinion, The company released a new announcement .",neutral
"For me, This is exactly what I wanted after trying it.",positive
"Honestly, This is exactly what I wanted #review",positive
The product is available in three colors after trying it.,neutral
"Just saying, The team did an amazing job honestly.",positive
"In my opinion, This is amazing and works perfectly #review",positive
"After trying it, The company released a new announcement .",neutral
"Right now, I am satisfied with the results honestly.",positive
The team will meet next week .,neutral
"Today, This update is terrible honestly.",negative
"Overall, The report was published today honestly.",neutral
"Today, This update is terrible .",negative
I am very disappointed with the results .,negative
"Today, The flight is scheduled for Monday in my opinion.",neutral
This is exactly what I wanted #twitter,positive
"Overall, I am unhappy with the results .",negative
"Overall, I highly recommend this .",positive
"Personally, I really disliked this experience .",negative
"Overall, Such a beautiful day .",positive
"Right now, The weather is cloudy today .",neutral
"Personally, I highly recommend this #review",positive
"Personally, Feeling frustrated and disappointed today .",negative
"For me, Everything worked perfectly honestly.",positive
"Honestly, Feeling frustrated and disappointed today .",negative
"After trying it, I am very happy with the results",positive
"Honestly, This is exactly what I wanted today.",positive
"Honestly, The temperature is around 25 degrees .",neutral
"Just saying, Worst purchase I have made right now.",negative
"Today, Everything went completely wrong #review",negative
"Just saying, Feeling frustrated and disappointed today .",negative
"Personally, The weather is cloudy today .",neutral
Absolutely awful experience in my opinion.,negative
"Right now, This update is terrible in my opinion.",negative
"Right now, The results will be announced later .",neutral
"After trying it, I really enjoyed this experience .",positive
"Today, Absolutely awful experience",negative
"Today, I watched the latest episode .",neutral
"For me, The results will be announced later .",neutral
"For me, The team did an amazing job in my opinion.",positive
"Overall, The application has been updated .",neutral
"Just saying, Absolutely awful experience right now.",negative
"After trying it, I absolutely love this product #twitter",positive
The results will be announced later right now.,neutral
I would not recommend this .,negative
The store opens at 9 AM right now.,neutral
"In my opinion, I really disliked this experience .",negative
"Just saying, The event starts at 6 PM today.",neutral
"Just saying, I am very disappointed with the results in my opinion.",negative
"Just saying, I watched the latest episode right now.",neutral
"Personally, I would not recommend this right now.",negative
Best purchase I have made in a long time right now.,positive
"Right now, The temperature is around 25 degrees #twitter",neutral
"Personally, I absolutely love this product .",positive
"Overall, I received the package this morning after trying it.",neutral
"In my opinion, Everything worked perfectly .",positive
"Just saying, I really enjoyed this experience honestly.",positive
"Personally, The service was excellent in my opinion.",positive
Worst purchase I have made .,negative
"Right now, I am checking the latest information #review",neutral
"Honestly, The temperature is around 25 degrees .",neutral
"Personally, The results will be announced later honestly.",neutral
"Overall, The weather is cloudy today .",neutral
I would not recommend this after trying it.,negative
"Just saying, Absolutely fantastic experience today.",positive
"Personally, This is terrible and does not work .",negative
"Today, The new features are useless",negative
"For me, The train arrived at the station .",neutral
"Right now, I am satisfied with the results right now.",positive
"In my opinion, The temperature is around 25 degrees .",neutral
"Honestly, Everything went completely wrong .",negative
"Overall, The weather is cloudy today honestly.",neutral
"Today, I absolutely hate this product .",negative
What a horrible experience today today.,negative
"Just saying, Such a beautiful day .",positive
"Personally, I absolutely hate this product in my opinion.",negative
"Honestly, I would not recommend this #twitter",negative
"Personally, Such a beautiful day .",positive
I would not recommend this .,negative
"Honestly, I am satisfied with the results",positive
"Today, I am checking the latest information #twitter",neutral
The website is currently available #review,neutral
"Honestly, Such a horrible day right now.",negative
The service was excellent,positive
"Right now, This is amazing and works perfectly after trying it.",positive
"Today, This movie was fantastic .",positive
"After trying it, I am satisfied with the results #review",positive
"Just saying, The website is currently available #twitter",neutral
"In my opinion, The service was awful after trying it.",negative
"Today, I am disappointed with the quality .",negative
"Honestly, I am checking the latest information .",neutral
"Right now, I am checking the latest information",neutral
"Overall, The service was excellent .",positive
"Honestly, The weather is cloudy today .",neutral
"Just saying, The application has been updated .",neutral
"Today, This is exactly what I wanted .",positive
"Just saying, The new features are useless in my opinion.",negative
"Just saying, The weather is cloudy today today.",neutral
"In my opinion, Worst purchase I have made today.",negative
"Personally, The store opens at 9 AM in my opinion.",neutral
"Overall, Everything worked perfectly today.",positive
"Personally, Absolutely awful experience",negative
"Overall, This update is awesome .",positive
I highly recommend this #review,positive
"Right now, I am checking the latest information .",neutral
"In my opinion, Absolutely fantastic experience right now.",positive
"For me, This made my day much worse #twitter",negative
"Honestly, The service was excellent .",positive
"For me, This is terrible and does not work #review",negative
"Just saying, The team did a terrible job after trying it.",negative
"Personally, The application has been updated today.",neutral
"Right now, I am checking the latest information right now.",neutral
"Personally, The website is currently available right now.",neutral
"In my opinion, The weather is cloudy today .",neutral
"For me, The service was awful in my opinion.",negative
"Just saying, Worst purchase I have made",negative
"In my opinion, This is exactly what I wanted today.",positive
"Right now, This is amazing and works perfectly honestly.",positive
"Right now, This movie was fantastic #twitter",positive
"For me, I am very disappointed with the results .",negative
"After trying it, The service was awful .",negative
The class begins at 10 AM .,neutral
"In my opinion, I am impressed with the quality today.",positive
"For me, What a wonderful experience today .",positive
I am very disappointed with the results today.,negative
"In my opinion, I am reading the news right now today.",neutral
"Honestly, This movie was extremely boring after trying it.",negative
The temperature is around 25 degrees honestly.,neutral
"Overall, I absolutely hate this product .",negative
"In my opinion, I highly recommend this .",positive
"Overall, Absolutely awful experience #twitter",negative
"In my opinion, Feeling great and positive today in my opinion.",positive
"For me, Absolutely fantastic experience right now.",positive
"In my opinion, The application has been updated today.",neutral
"Just saying, The store opens at 9 AM honestly.",neutral
"After trying it, The new features are brilliant right now.",positive
"For me, I am satisfied with the results .",positive
"After trying it, Absolutely awful experience in my opinion.",negative
"After trying it, I am disappointed with the quality #review",negative
"Personally, What a wonderful experience today honestly.",positive
"For me, This is amazing and works perfectly .",positive
"Right now, The new features are brilliant .",positive
Everything worked perfectly,positive
I really disliked this experience .,negative
"For me, The temperature is around 25 degrees honestly.",neutral
"Today, The website is currently available after trying it.",neutral
"Personally, This made my day so much better right now.",positive
"In my opinion, I am satisfied with the results .",positive
"Overall, I am impressed with the quality .",positive
"For me, This made my day so much better .",positive
Best purchase I have made in a long time,positive
"Today, This made my day much worse .",negative
"Personally, I am satisfied with the results #twitter",positive
"In my opinion, I am very happy with the results today.",positive
"After trying it, This is not what I wanted #review",negative
The service was awful #twitter,negative
"After trying it, This movie was fantastic",positive
"Just saying, I would not recommend this .",negative
"Right now, The service was excellent in my opinion.",positive
"After trying it, This made my day so much better .",positive
"Right now, The team did an amazing job right now.",positive
This made my day so much better #twitter,positive
I received the package this morning .,neutral
"Overall, I really enjoyed this experience .",positive
"For me, Worst purchase I have made .",negative
"Right now, The new features are brilliant #review",positive
"Just saying, The team did a terrible job",negative
"Overall, The service was awful .",negative
"Personally, This update is awesome today.",positive
"Just saying, The new features are brilliant .",positive
"Personally, Best purchase I have made in a long time #review",positive
"Honestly, I really enjoyed this experience today.",positive
"After trying it, I am unhappy with the results in my opinion.",negative
"Personally, I am checking the latest information in my opinion.",neutral
"For me, I am checking the latest information after trying it.",neutral
"After trying it, The store opens at 9 AM today.",neutral
"Just saying, I would not recommend this .",negative
"Right now, The service was excellent .",positive
What a horrible experience today,negative
"Right now, Everything worked perfectly today.",positive
"In my opinion, The temperature is around 25 degrees right now.",neutral
"In my opinion, Worst purchase I have made .",negative
"Right now, I would not recommend this .",negative
"In my opinion, This is not what I wanted in my opinion.",negative
I really disliked this experience .,negative
"Today, I am reading the news right now after trying it.",neutral
"Just saying, This is terrible and does not work today.",negative
"Overall, I received the package this morning .",neutral
"In my opinion, I absolutely hate this product .",negative
"Honestly, Such a beautiful day #review",positive
"For me, The new features are useless .",negative
"For me, Everything went completely wrong today.",negative
"In my opinion, The flight is scheduled for Monday #review",neutral
"After trying it, Such a beautiful day today.",positive
"After trying it, I absolutely love this product",positive
Absolutely awful experience honestly.,negative
"After trying it, The class begins at 10 AM .",neutral
"Honestly, This movie was fantastic",positive
"In my opinion, I am disappointed with the quality .",negative
"Just saying, This update is awesome .",positive
"Today, I would not recommend this in my opinion.",negative
Everything went completely wrong .,negative
"Honestly, I would not recommend this .",negative
"Honestly, What a wonderful experience today .",positive
"For me, I really disliked this experience #twitter",negative
"Today, Such a horrible day",negative
"Overall, The website is currently available honestly.",neutral
"In my opinion, The results will be announced later in my opinion.",neutral
"Honestly, The website is currently available in my opinion.",neutral
"After trying it, The weather is cloudy today .",neutral
"Today, I absolutely hate this product .",negative
"Just saying, This made my day much worse #twitter",negative
"Just saying, The new features are useless today.",negative
"After trying it, The weather is cloudy today honestly.",neutral
"After trying it, Everything worked perfectly today.",positive
"Honestly, Everything went completely wrong right now.",negative
"Right now, Everything worked perfectly",positive
"Right now, This made my day much worse .",negative
"For me, This movie was fantastic .",positive
"Just saying, The weather is cloudy today after trying it.",neutral
"Personally, I really disliked this experience .",negative
The event starts at 6 PM honestly.,neutral
"For me, I am impressed with the quality .",positive
"Today, The new features are useless .",negative
"Honestly, What a wonderful experience today in my opinion.",positive
"For me, I am impressed with the quality .",positive
"Personally, What a horrible experience today #twitter",negative
"Honestly, This update is awesome honestly.",positive
"Just saying, Best purchase I have made in a long time #twitter",positive
"For me, I am very happy with the results .",positive
"Today, I watched the latest episode .",neutral
"Just saying, Such a horrible day .",negative
"Personally, This made my day so much better .",positive
"For me, The website is currently available .",neutral
"Right now, The store opens at 9 AM after trying it.",neutral
"Right now, The temperature is around 25 degrees .",neutral
"Honestly, Absolutely awful experience after trying it.",negative
"Overall, Such a beautiful day",positive
"Just saying, This made my day much worse .",negative
"Honestly, Everything worked perfectly .",positive
"In my opinion, I really enjoyed this experience honestly.",positive
"Honestly, This movie was extremely boring .",negative
"Personally, I received the package this morning .",neutral
"Overall, I am disappointed with the quality .",negative
"Personally, This update is awesome .",positive
"Personally, The store opens at 9 AM .",neutral
"Right now, I highly recommend this #twitter",positive
"Today, This is amazing and works perfectly .",positive
"For me, The package contains two items .",neutral
I am very disappointed with the results .,negative
"Personally, I really enjoyed this experience .",positive
"Personally, This movie was extremely boring",negative
"Overall, The weather is cloudy today today.",neutral
"Right now, This made my day much worse #twitter",negative
"Overall, I am very disappointed with the results #review",negative
"Honestly, The service was excellent honestly.",positive
"For me, This made my day so much better",positive
"After trying it, Everything went completely wrong in my opinion.",negative
"Honestly, This made my day so much better after trying it.",positive
Feeling frustrated and disappointed today .,negative
"Just saying, This is not what I wanted",negative
"After trying it, This made my day much worse",negative
"Overall, The train arrived at the station .",neutral
"In my opinion, I really enjoyed this experience .",positive
"Honestly, I received the package this morning today.",neutral
"For me, I absolutely hate this product .",negative
"After trying it, The meeting is scheduled for tomorrow .",neutral
"Today, Such a horrible day in my opinion.",negative
"Personally, This update is terrible after trying it.",negative
"For me, I absolutely hate this product .",negative
"Honestly, This made my day so much better .",positive
"Right now, This movie was extremely boring today.",negative
"In my opinion, Everything went completely wrong after trying it.",negative
"Right now, This made my day much worse honestly.",negative
"For me, I really disliked this experience #review",negative
"For me, This made my day so much better right now.",positive
"Today, The service was excellent #twitter",positive
I am satisfied with the results .,positive
"Just saying, Such a horrible day right now.",negative
"Today, This update is awesome .",positive
"In my opinion, This is amazing and works perfectly",positive
"In my opinion, I am unhappy with the results #review",negative
"Personally, The new features are brilliant",positive
"Personally, Everything went completely wrong #twitter",negative
"After trying it, I absolutely love this product .",positive
I highly recommend this right now.,positive
"Honestly, What a horrible experience today .",negative
"Right now, I really enjoyed this experience .",positive
"Overall, I received the package this morning today.",neutral
"For me, I am impressed with the quality .",positive
"Personally, The report was published today today.",neutral
"After trying it, This movie was extremely boring .",negative
"Just saying, This update is awesome #review",positive
"Honestly, Everything worked perfectly #twitter",positive
"Honestly, I am very disappointed with the results in my opinion.",negative
"After trying it, Best purchase I have made in a long time .",positive
"Overall, This made my day so much better in my opinion.",positive
"Today, I really enjoyed this experience .",positive
"Personally, Feeling great and positive today .",positive
"Just saying, I highly recommend this after trying it.",positive
"After trying it, The team did a terrible job .",negative
Worst purchase I have made .,negative
"Personally, The flight is scheduled for Monday today.",neutral
"In my opinion, The package contains two items",neutral
"After trying it, I am reading the news right now honestly.",neutral
"Just saying, This update is terrible honestly.",negative
This movie was fantastic right now.,positive
"Honestly, The service was awful honestly.",negative
Best purchase I have made in a long time .,positive
"Honestly, The application has been updated right now.",neutral
"For me, The package contains two items .",neutral
"Just saying, I am unhappy with the results .",negative
"Right now, Absolutely fantastic experience #twitter",positive
The results will be announced later .,neutral
"Honestly, This is amazing and works perfectly .",positive
"Honestly, Everything went completely wrong #twitter",negative
"Today, I am very disappointed with the results today.",negative
"For me, Worst purchase I have made #review",negative
"Honestly, The new features are useless #twitter",negative
The class begins at 10 AM .,neutral
"In my opinion, The team did an amazing job after trying it.",positive
"For me, I would not recommend this after trying it.",negative
This made my day so much better .,positive
"Honestly, Absolutely awful experience in my opinion.",negative
"Right now, This update is awesome .",positive
"After trying it, I am unhappy with the results .",negative
"Honestly, Absolutely awful experience today.",negative
"Just saying, The meeting is scheduled for tomorrow honestly.",neutral
"Today, Everything worked perfectly .",positive
"For me, I am very happy with the results .",positive
"Right now, The new features are useless .",negative
"Honestly, The product is available in three colors .",neutral
"Overall, I am checking the latest information .",neutral
"After trying it, The results will be announced later right now.",neutral
"Personally, Everything went completely wrong in my opinion.",negative
"In my opinion, Feeling great and positive today in my opinion.",positive
The team did a terrible job after trying it.,negative
"Just saying, Feeling frustrated and disappointed today after trying it.",negative
"After trying it, I am unhappy with the results in my opinion.",negative
"For me, The package contains two items",neutral
"Today, I am unhappy with the results today.",negative
"Honestly, The flight is scheduled for Monday .",neutral
"For me, Worst purchase I have made .",negative
"Just saying, Worst purchase I have made after trying it.",negative
"After trying it, Worst purchase I have made .",negative
"Overall, I received the package this morning .",neutral
"Overall, I am satisfied with the results #twitter",positive
"After trying it, The event starts at 6 PM right now.",neutral
"Overall, The class begins at 10 AM today.",neutral
"Today, Feeling great and positive today .",positive
"Overall, Everything went completely wrong .",negative
I absolutely love this product honestly.,positive
This made my day so much better .,positive
"After trying it, The new features are useless today.",negative
"Right now, I received the package this morning .",neutral
"In my opinion, This update is terrible .",negative
"For me, I received the package this morning in my opinion.",neutral
"Overall, The service was awful after trying it.",negative
"After trying it, This made my day much worse .",negative
What a horrible experience today right now.,negative
"Right now, Worst purchase I have made right now.",negative
"Right now, The product is available in three colors today.",neutral
"For me, I am very happy with the results .",positive
The temperature is around 25 degrees .,neutral
"Just saying, This is amazing and works perfectly #review",positive
"In my opinion, The class begins at 10 AM right now.",neutral
"Personally, Feeling great and positive today .",positive
I watched the latest episode .,neutral
"Today, I am reading the news right now .",neutral
"Right now, I am very happy with the results .",positive
"Right now, The service was excellent right now.",positive
"Today, The meeting is scheduled for tomorrow in my opinion.",neutral
"Today, Absolutely fantastic experience .",positive
This made my day so much better in my opinion.,positive
"Personally, Such a horrible day after trying it.",negative
This movie was fantastic in my opinion.,positive
"After trying it, The event starts at 6 PM .",neutral
"Personally, This is terrible and does not work honestly.",negative
"Personally, Best purchase I have made in a long time in my opinion.",positive
"For me, What a horrible experience today today.",negative
"In my opinion, I received the package this morning .",neutral
"Personally, The application has been updated right now.",neutral
"Right now, The meeting is scheduled for tomorrow .",neutral
"Overall, The team did an amazing job .",positive
"After trying it, Feeling great and positive today right now.",positive
"Just saying, The website is currently available .",neutral
I really disliked this experience .,negative
"Overall, The service was awful after trying it.",negative
I am impressed with the quality .,positive
"Overall, This update is terrible honestly.",negative
The flight is scheduled for Monday in my opinion.,neutral
"After trying it, I highly recommend this honestly.",positive
The website is currently available .,neutral
"In my opinion, Such a horrible day .",negative
"Today, I absolutely love this product .",positive
"Today, I absolutely hate this product .",negative
The service was excellent honestly.,positive
"In my opinion, The train arrived at the station right now.",neutral
"In my opinion, Feeling frustrated and disappointed today .",negative
"For me, Worst purchase I have made honestly.",negative
"Just saying, This made my day much worse today.",negative
"Personally, The temperature is around 25 degrees #review",neutral
"Honestly, Everything went completely wrong #review",negative
"Just saying, The application has been updated",neutral
"Overall, The class begins at 10 AM .",neutral
"Right now, I am very disappointed with the results right now.",negative
"Today, The class begins at 10 AM .",neutral
"Honestly, This is not what I wanted .",negative
"After trying it, Worst purchase I have made .",negative
"Right now, I am impressed with the quality #review",positive
The service was awful after trying it.,negative
"For me, I would not recommend this .",negative
"After trying it, Everything worked perfectly after trying it.",positive
"Overall, The new features are brilliant after trying it.",positive
What a wonderful experience today today.,positive
"In my opinion, This update is awesome .",positive
"Right now, The flight is scheduled for Monday #review",neutral
"Just saying, I am very disappointed with the results #review",negative
"Today, I would not recommend this honestly.",negative
"Today, The team will meet next week after trying it.",neutral
"Honestly, I am impressed with the quality right now.",positive
"Honestly, This movie was extremely boring .",negative
"Honestly, The train arrived at the station .",neutral
"Today, The company released a new announcement #twitter",neutral
"Today, The class begins at 10 AM after trying it.",neutral
"Honestly, Absolutely awful experience #review",negative
The report was published today right now.,neutral
"After trying it, This made my day much worse right now.",negative
"Right now, The service was awful",negative
"For me, This made my day so much better right now.",positive
"For me, I really disliked this experience #review",negative
"Honestly, This update is awesome today.",positive
"Right now, The results will be announced later after trying it.",neutral
I watched the latest episode .,neutral
The application has been updated .,neutral
"Just saying, I really disliked this experience .",negative
"Personally, Best purchase I have made in a long time .",positive
"In my opinion, The flight is scheduled for Monday right now.",neutral
"Today, This is amazing and works perfectly .",positive
"Just saying, I watched the latest episode .",neutral
"Overall, Worst purchase I have made .",negative
"Honestly, Everything worked perfectly .",positive
"Overall, Absolutely awful experience .",negative
"Personally, Worst purchase I have made .",negative
"Right now, The results will be announced later .",neutral
"Overall, I am very happy with the results .",positive
"Overall, The results will be announced later after trying it.",neutral
"In my opinion, Feeling great and positive today today.",positive
This movie was extremely boring .,negative
"Today, The flight is scheduled for Monday .",neutral
"Today, I would not recommend this .",negative
"After trying it, I would not recommend this .",negative
This is terrible and does not work in my opinion.,negative
"Personally, The weather is cloudy today .",neutral
The new features are brilliant honestly.,positive
"For me, I watched the latest episode honestly.",neutral
"For me, I highly recommend this right now.",positive
"In my opinion, The meeting is scheduled for tomorrow right now.",neutral
"Just saying, I received the package this morning today.",neutral
I absolutely love this product .,positive
"For me, Feeling frustrated and disappointed today .",negative
"Today, The new features are useless .",negative
"Today, The results will be announced later .",neutral
"Personally, The meeting is scheduled for tomorrow .",neutral
"After trying it, I am unhappy with the results right now.",negative
"After trying it, I absolutely love this product .",positive
"Personally, This is terrible and does not work honestly.",negative
"Today, Everything went completely wrong .",negative
"Right now, I am reading the news right now .",neutral
"Personally, The new features are useless",negative
"For me, Everything went completely wrong after trying it.",negative
"Overall, What a horrible experience today right now.",negative
"Today, This is not what I wanted today.",negative
"Just saying, This is exactly what I wanted #twitter",positive
"Just saying, The package contains two items honestly.",neutral
"Personally, The service was awful #twitter",negative
"In my opinion, The temperature is around 25 degrees right now.",neutral
"Right now, I am reading the news right now in my opinion.",neutral
"Overall, The website is currently available .",neutral
"Honestly, I watched the latest episode in my opinion.",neutral
"After trying it, The package contains two items .",neutral
"For me, This update is terrible .",negative
"In my opinion, The weather is cloudy today #twitter",neutral
"Just saying, The website is currently available .",neutral
"After trying it, The service was awful .",negative
"In my opinion, Best purchase I have made in a long time",positive
"Honestly, I am very disappointed with the results .",negative
"After trying it, The store opens at 9 AM .",neutral
"Personally, I really disliked this experience honestly.",negative
"Overall, This is amazing and works perfectly right now.",positive
"Just saying, The temperature is around 25 degrees .",neutral
"Just saying, Everything went completely wrong",negative
"Just saying, Everything went completely wrong .",negative
"Just saying, Feeling frustrated and disappointed today today.",negative
"Just saying, Best purchase I have made in a long time honestly.",positive
"Personally, Feeling great and positive today right now.",positive
"For me, The results will be announced later .",neutral
"Personally, The service was excellent .",positive
"For me, Best purchase I have made in a long time #twitter",positive
This made my day much worse after trying it.,negative
"Just saying, The new features are useless right now.",negative
"Today, The new features are brilliant right now.",positive
"For me, Feeling frustrated and disappointed today .",negative
"Just saying, I am unhappy with the results .",negative
"In my opinion, I am very disappointed with the results .",negative
"Personally, I highly recommend this .",positive
"After trying it, I highly recommend this after trying it.",positive
"After trying it, This is amazing and works perfectly honestly.",positive
"In my opinion, What a wonderful experience today #twitter",positive
"After trying it, I absolutely love this product today.",positive
"For me, I am reading the news right now in my opinion.",neutral
"For me, I watched the latest episode .",neutral
"For me, The product is available in three colors #review",neutral
"Just saying, Such a beautiful day",positive
"Personally, The service was awful in my opinion.",negative
"In my opinion, The service was awful",negative
"In my opinion, I really enjoyed this experience #twitter",positive
"After trying it, I watched the latest episode .",neutral
"Honestly, I really disliked this experience .",negative
"Today, I am checking the latest information honestly.",neutral
"In my opinion, I am very disappointed with the results .",negative
"Right now, I really enjoyed this experience .",positive
"After trying it, The company released a new announcement .",neutral
"Honestly, This update is awesome #twitter",positive
"In my opinion, I really enjoyed this experience #review",positive
Best purchase I have made in a long time #twitter,positive
"Personally, I absolutely hate this product .",negative
"Honestly, I received the package this morning honestly.",neutral
"Just saying, The team will meet next week .",neutral
I absolutely love this product .,positive
"Overall, The team will meet next week .",neutral
"For me, The service was awful .",negative
"Right now, Absolutely awful experience .",negative
"Today, Feeling frustrated and disappointed today .",negative
"Today, The flight is scheduled for Monday .",neutral
"In my opinion, The company released a new announcement in my opinion.",neutral
"Today, Such a beautiful day .",positive
"Right now, I absolutely hate this product in my opinion.",negative
"Today, The service was awful in my opinion.",negative
"After trying it, Everything went completely wrong .",negative
"Personally, This is exactly what I wanted in my opinion.",positive
"Just saying, This made my day so much better .",positive
"After trying it, Feeling great and positive today .",positive
Worst purchase I have made .,negative
"Honestly, The website is currently available",neutral
"In my opinion, The new features are brilliant .",positive
"In my opinion, The flight is scheduled for Monday #review",neutral
"For me, The new features are brilliant .",positive
"For me, Best purchase I have made in a long time in my opinion.",positive
"Today, The new features are brilliant right now.",positive
"For me, This made my day much worse .",negative
"In my opinion, The class begins at 10 AM .",neutral
"After trying it, I am impressed with the quality .",positive
"Honestly, The event starts at 6 PM .",neutral
"Just saying, The report was published today honestly.",neutral
"In my opinion, I am unhappy with the results today.",negative
The store opens at 9 AM .,neutral
"For me, This update is awesome after trying it.",positive
"Just saying, I am very happy with the results honestly.",positive
"Just saying, The weather is cloudy today in my opinion.",neutral
"After trying it, The team did an amazing job .",positive
"Overall, This is amazing and works perfectly in my opinion.",positive
"Honestly, The new features are useless #twitter",negative
"Personally, Such a horrible day today.",negative
"After trying it, I am impressed with the quality honestly.",positive
I highly recommend this .,positive
"For me, What a horrible experience today #review",negative
"Personally, I am disappointed with the quality #twitter",negative
"Right now, The temperature is around 25 degrees .",neutral
"Overall, I am very happy with the results #review",positive
"Right now, The new features are useless #twitter",negative
"Honestly, I am very disappointed with the results .",negative
"Right now, The service was awful .",negative
"Personally, Feeling frustrated and disappointed today .",negative
"Personally, The flight is scheduled for Monday",neutral
The team did an amazing job .,positive
"After trying it, This movie was extremely boring .",negative
I am reading the news right now honestly.,neutral
Such a horrible day honestly.,negative
"Overall, Feeling frustrated and disappointed today honestly.",negative
"Just saying, The team will meet next week #twitter",neutral
"Overall, Absolutely awful experience in my opinion.",negative
I absolutely hate this product today.,negative
"After trying it, The weather is cloudy today #review",neutral
"In my opinion, This is not what I wanted",negative
"In my opinion, This made my day much worse .",negative
"Overall, I highly recommend this .",positive
"Overall, I absolutely hate this product .",negative
"Just saying, I am very disappointed with the results .",negative
"Honestly, The service was excellent .",positive
"After trying it, I am impressed with the quality honestly.",positive
"For me, I would not recommend this right now.",negative
"Just saying, I am very disappointed with the results #twitter",negative
"Personally, The company released a new announcement .",neutral
Everything went completely wrong in my opinion.,negative
"Just saying, I would not recommend this in my opinion.",negative
"Personally, Feeling frustrated and disappointed today today.",negative
"Right now, The flight is scheduled for Monday",neutral
"Right now, I really enjoyed this experience right now.",positive
I am disappointed with the quality .,negative
"In my opinion, Worst purchase I have made #review",negative
"Right now, Feeling frustrated and disappointed today .",negative
"Honestly, The service was awful .",negative
This is not what I wanted .,negative
"For me, This update is terrible in my opinion.",negative
"Personally, The website is currently available .",neutral
"Overall, I am unhappy with the results .",negative
"For me, This update is terrible honestly.",negative
"Honestly, This is exactly what I wanted",positive
"After trying it, What a horrible experience today honestly.",negative
"Just saying, I would not recommend this .",negative
"Right now, The weather is cloudy today #review",neutral
I am disappointed with the quality #twitter,negative
"For me, The package contains two items .",neutral
What a horrible experience today honestly.,negative
"Honestly, The team will meet next week",neutral
"After trying it, I am satisfied with the results .",positive
"Right now, Feeling frustrated and disappointed today honestly.",negative
"In my opinion, I absolutely love this product .",positive
"Personally, I am unhappy with the results after trying it.",negative
"For me, I received the package this morning .",neutral
"In my opinion, I highly recommend this #twitter",positive
"In my opinion, I really enjoyed this experience .",positive
"After trying it, The service was awful honestly.",negative
Absolutely awful experience #review,negative
"Personally, The flight is scheduled for Monday .",neutral
"After trying it, The event starts at 6 PM .",neutral
"After trying it, Absolutely fantastic experience .",positive
"Honestly, The store opens at 9 AM today.",neutral
This update is awesome .,positive
"Just saying, I would not recommend this .",negative
"Right now, I highly recommend this after trying it.",positive
"Overall, The meeting is scheduled for tomorrow #review",neutral
"Today, Feeling frustrated and disappointed today .",negative
"Personally, Worst purchase I have made .",negative
"After trying it, Such a beautiful day after trying it.",positive
"Honestly, The team will meet next week .",neutral
"Honestly, This movie was extremely boring .",negative
"For me, I absolutely hate this product .",negative
"Just saying, The package contains two items in my opinion.",neutral
"Just saying, Absolutely awful experience .",negative
"Personally, Best purchase I have made in a long time .",positive
"For me, The train arrived at the station #review",neutral
"In my opinion, What a wonderful experience today today.",positive
"Overall, I absolutely hate this product .",negative
"Today, I received the package this morning right now.",neutral
"Personally, Feeling great and positive today .",positive
"For me, Absolutely fantastic experience after trying it.",positive
"In my opinion, This is amazing and works perfectly .",positive
"Today, The team did an amazing job in my opinion.",positive
"Personally, I received the package this morning .",neutral
"Honestly, I absolutely love this product",positive
"Honestly, What a wonderful experience today in my opinion.",positive
"Just saying, I am satisfied with the results today.",positive
"In my opinion, I am unhappy with the results",negative
"Personally, The event starts at 6 PM .",neutral
"For me, This made my day so much better .",positive
"Just saying, Absolutely awful experience in my opinion.",negative
"Just saying, I would not recommend this today.",negative
The new features are brilliant #review,positive
"Honestly, This is amazing and works perfectly .",positive
"After trying it, I really enjoyed this experience .",positive
The product is available in three colors honestly.,neutral
"Overall, The flight is scheduled for Monday",neutral
"Right now, This is exactly what I wanted .",positive
"Right now, This is amazing and works perfectly .",positive
"Today, The meeting is scheduled for tomorrow #twitter",neutral
What a wonderful experience today #twitter,positive
"Right now, The website is currently available .",neutral
"In my opinion, I absolutely love this product honestly.",positive
This is amazing and works perfectly .,positive
"For me, The event starts at 6 PM",neutral
"In my opinion, The train arrived at the station .",neutral
"Personally, Absolutely awful experience",negative
Absolutely fantastic experience .,positive
"After trying it, I absolutely love this product .",positive
"Today, The class begins at 10 AM .",neutral
"Honestly, This movie was fantastic today.",positive
"Personally, Best purchase I have made in a long time #twitter",positive
"Honestly, I absolutely hate this product .",negative
"Honestly, This made my day so much better .",positive
"Today, Everything went completely wrong",negative
"For me, I am unhappy with the results .",negative
"Today, I am unhappy with the results honestly.",negative
"Personally, This movie was fantastic",positive
"Right now, What a wonderful experience today honestly.",positive
"After trying it, The weather is cloudy today .",neutral
Worst purchase I have made .,negative
"Honestly, I am very disappointed with the results .",negative
"In my opinion, The new features are useless .",negative
Such a horrible day .,negative
"After trying it, I am unhappy with the results .",negative
"Personally, Absolutely fantastic experience #review",positive
"Today, I am unhappy with the results .",negative
"Honestly, Best purchase I have made in a long time after trying it.",positive
"Honestly, Feeling great and positive today in my opinion.",positive
"Right now, This made my day much worse .",negative
I received the package this morning #review,neutral
I received the package this morning #review,neutral
"For me, This update is awesome .",positive
"For me, I am very disappointed with the results #twitter",negative
"Overall, The new features are useless in my opinion.",negative
"After trying it, This is amazing and works perfectly #twitter",positive
"Just saying, This made my day so much better .",positive
"Today, Worst purchase I have made .",negative
"Today, This is exactly what I wanted #twitter",positive
"Personally, I am very happy with the results",positive
"For me, I watched the latest episode #review",neutral
"In my opinion, The team did an amazing job honestly.",positive
"Personally, The team did a terrible job #twitter",negative
"Honestly, The service was awful .",negative
"After trying it, This movie was extremely boring #twitter",negative
"Right now, Such a horrible day .",negative
"After trying it, The team did a terrible job right now.",negative
The new features are useless .,negative
"Overall, The team will meet next week #review",neutral
"Overall, This update is awesome #twitter",positive
"Today, Best purchase I have made in a long time .",positive
"Right now, Worst purchase I have made .",negative
"After trying it, I am disappointed with the quality honestly.",negative
"In my opinion, This is amazing and works perfectly honestly.",positive
"After trying it, The service was awful .",negative
"Honestly, This made my day so much better .",positive
"After trying it, Best purchase I have made in a long time #twitter",positive
"Just saying, Feeling frustrated and disappointed today after trying it.",negative
"In my opinion, I am disappointed with the quality #twitter",negative
"For me, What a horrible experience today right now.",negative
"Right now, The results will be announced later #twitter",neutral
"In my opinion, I am satisfied with the results #review",positive
"Right now, The team did a terrible job today.",negative
"For me, This update is awesome .",positive
"Overall, The report was published today right now.",neutral
"Today, This made my day so much better .",positive
"Personally, The weather is cloudy today .",neutral
"After trying it, I am satisfied with the results right now.",positive
"Overall, The website is currently available .",neutral
This movie was extremely boring #review,negative
I would not recommend this .,negative
"Personally, What a horrible experience today #review",negative
"Just saying, The team will meet next week honestly.",neutral
"After trying it, This is amazing and works perfectly #review",positive
"After trying it, Absolutely awful experience",negative
"Right now, I really disliked this experience .",negative
"In my opinion, I am very disappointed with the results",negative
"Today, This is terrible and does not work .",negative
"Right now, This made my day so much better .",positive
I watched the latest episode #review,neutral
"After trying it, I watched the latest episode .",neutral
"Personally, The team will meet next week",neutral
I absolutely love this product .,positive
"Just saying, The new features are useless #twitter",negative
"Overall, I am disappointed with the quality #review",negative
"Personally, The new features are useless .",negative
"Today, This update is awesome #review",positive
"Personally, Absolutely fantastic experience #twitter",positive
"Right now, Everything worked perfectly after trying it.",positive
"In my opinion, Feeling frustrated and disappointed today .",negative
"Personally, The train arrived at the station .",neutral
"Overall, The product is available in three colors .",neutral
"Just saying, Such a horrible day today.",negative
"Honestly, I would not recommend this after trying it.",negative
"Overall, I absolutely hate this product #twitter",negative
"Overall, This made my day so much better .",positive
"Honestly, I am impressed with the quality .",positive
"After trying it, The application has been updated #twitter",neutral
"Right now, Worst purchase I have made in my opinion.",negative
"Today, Absolutely awful experience #twitter",negative
The team did a terrible job honestly.,negative
"Today, Absolutely fantastic experience .",positive
This movie was fantastic .,positive
"For me, Feeling frustrated and disappointed today .",negative
"For me, Such a beautiful day .",positive
"Right now, I am satisfied with the results .",positive
"After trying it, The service was excellent #review",positive
"Just saying, This is terrible and does not work after trying it.",negative
"Personally, The class begins at 10 AM",neutral
"After trying it, Such a horrible day .",negative
"After trying it, The report was published today #twitter",neutral
"In my opinion, I am very happy with the results #twitter",positive
I am checking the latest information .,neutral
"In my opinion, This movie was extremely boring today.",negative
"Overall, This is amazing and works perfectly honestly.",positive
"Today, Everything went completely wrong .",negative
"After trying it, The event starts at 6 PM .",neutral
"Honestly, The store opens at 9 AM in my opinion.",neutral
"In my opinion, Absolutely fantastic experience #review",positive
I highly recommend this .,positive
"After trying it, I am very happy with the results .",positive
"Just saying, I would not recommend this .",negative
"Right now, The product is available in three colors .",neutral
"Today, The meeting is scheduled for tomorrow .",neutral
"Today, The flight is scheduled for Monday .",neutral
Absolutely fantastic experience .,positive
"Right now, I am satisfied with the results honestly.",positive
"In my opinion, I really enjoyed this experience #twitter",positive
"For me, I am very disappointed with the results right now.",negative
"Right now, This is terrible and does not work .",negative
"In my opinion, The package contains two items .",neutral
"In my opinion, The service was excellent .",positive
"After trying it, This made my day so much better .",positive
"Personally, I would not recommend this honestly.",negative
"Personally, The report was published today #review",neutral
"Personally, The team will meet next week .",neutral
"Right now, The package contains two items after trying it.",neutral
"In my opinion, I absolutely hate this product after trying it.",negative
"In my opinion, The company released a new announcement .",neutral
"Honestly, I am very happy with the results .",positive
"Today, I absolutely hate this product right now.",negative
"Personally, I am unhappy with the results right now.",negative
"Just saying, Absolutely fantastic experience honestly.",positive
"After trying it, Such a beautiful day .",positive
"Just saying, Everything worked perfectly .",positive
"Overall, The application has been updated today.",neutral
"Overall, Best purchase I have made in a long time honestly.",positive
"Personally, I am unhappy with the results",negative
"For me, The application has been updated today.",neutral
"Personally, The meeting is scheduled for tomorrow .",neutral
"Right now, Worst purchase I have made #review",negative
"For me, The service was excellent #twitter",positive
The flight is scheduled for Monday,neutral
"Honestly, Everything went completely wrong .",negative
"For me, I am impressed with the quality .",positive
"For me, I am reading the news right now .",neutral
"Right now, This update is terrible #review",negative
"Right now, This movie was fantastic today.",positive
The service was awful .,negative
"In my opinion, This made my day so much better in my opinion.",positive
"Personally, Such a beautiful day #twitter",positive
"Right now, What a wonderful experience today .",positive
"In my opinion, This update is awesome #review",positive
This made my day so much better in my opinion.,positive
"Just saying, Everything went completely wrong .",negative
"In my opinion, This is not what I wanted #twitter",negative
"Right now, What a wonderful experience today #twitter",positive
"Just saying, Feeling great and positive today .",positive
"Honestly, This is exactly what I wanted after trying it.",positive
"Personally, Everything worked perfectly .",positive
"In my opinion, I received the package this morning #twitter",neutral
"Just saying, The new features are useless .",negative
"For me, The new features are useless .",negative
"Right now, I watched the latest episode right now.",neutral
"Today, I highly recommend this .",positive
This movie was extremely boring .,negative
"Today, The new features are brilliant .",positive
"Today, The weather is cloudy today #review",neutral
"For me, I am very disappointed with the results .",negative
"After trying it, I am reading the news right now .",neutral
"After trying it, The event starts at 6 PM right now.",neutral
"Overall, The new features are useless .",negative
"Overall, The temperature is around 25 degrees .",neutral
"Today, I highly recommend this #twitter",positive
"Today, The store opens at 9 AM #review",neutral
"After trying it, I received the package this morning #review",neutral
"For me, The service was excellent honestly.",positive
"Right now, The results will be announced later after trying it.",neutral
Best purchase I have made in a long time .,positive
Such a horrible day .,negative
"Overall, I highly recommend this .",positive
"After trying it, What a wonderful experience today .",positive
"For me, This made my day much worse .",negative
"Overall, Worst purchase I have made today.",negative
"Personally, The flight is scheduled for Monday .",neutral
"For me, Such a beautiful day .",positive
"Overall, This movie was fantastic today.",positive
"Right now, Absolutely fantastic experience",positive
"In my opinion, The report was published today",neutral
The event starts at 6 PM,neutral
"Right now, I am very happy with the results after trying it.",positive
"After trying it, The temperature is around 25 degrees .",neutral
"For me, Such a horrible day .",negative
"After trying it, This is terrible and does not work right now.",negative
"Personally, This is amazing and works perfectly .",positive
"Just saying, The temperature is around 25 degrees .",neutral
"Honestly, This is amazing and works perfectly",positive
"Personally, This is terrible and does not work .",negative
"Just saying, The service was awful today.",negative
"Just saying, This made my day much worse in my opinion.",negative
Best purchase I have made in a long time today.,positive
"Right now, The flight is scheduled for Monday in my opinion.",neutral
"In my opinion, The team did a terrible job #twitter",negative
"In my opinion, This is exactly what I wanted #twitter",positive
"Overall, The new features are useless .",negative
"For me, I absolutely love this product honestly.",positive
"Overall, This is exactly what I wanted today.",positive
"After trying it, I received the package this morning right now.",neutral
"Today, What a wonderful experience today .",positive
"In my opinion, This made my day much worse after trying it.",negative
"For me, The flight is scheduled for Monday .",neutral
"After trying it, The product is available in three colors .",neutral
"Personally, What a horrible experience today .",negative
"Honestly, This update is awesome today.",positive
"Right now, This movie was extremely boring .",negative
"Overall, I am satisfied with the results #review",positive
"Right now, I absolutely love this product today.",positive
"After trying it, The new features are useless .",negative
"Just saying, I highly recommend this .",positive
"In my opinion, The team will meet next week in my opinion.",neutral
"After trying it, Everything went completely wrong .",negative
"Right now, The train arrived at the station right now.",neutral
"Overall, Worst purchase I have made .",negative
"Personally, I absolutely hate this product right now.",negative
This is amazing and works perfectly honestly.,positive
"For me, I watched the latest episode right now.",neutral
"Right now, The event starts at 6 PM .",neutral
"For me, The package contains two items .",neutral
"Honestly, The weather is cloudy today in my opinion.",neutral
"Honestly, I am reading the news right now .",neutral
"Honestly, I am satisfied with the results .",positive
"For me, I am impressed with the quality right now.",positive
"For me, This update is terrible",negative
"After trying it, The team will meet next week .",neutral
What a wonderful experience today today.,positive
"Today, This made my day so much better after trying it.",positive
"Today, The temperature is around 25 degrees #review",neutral
"Personally, I am reading the news right now .",neutral
"Just saying, The train arrived at the station after trying it.",neutral
"Just saying, Feeling frustrated and disappointed today .",negative
"Overall, This made my day so much better after trying it.",positive
"After trying it, Everything worked perfectly after trying it.",positive
"Right now, The company released a new announcement .",neutral
"Honestly, The new features are useless .",negative
I absolutely love this product .,positive
"Overall, I watched the latest episode .",neutral
"Personally, I watched the latest episode #review",neutral
What a wonderful experience today today.,positive
"Personally, This is exactly what I wanted .",positive
"Personally, Worst purchase I have made .",negative
"Honestly, The product is available in three colors .",neutral
"For me, I really disliked this experience .",negative
"Personally, I absolutely hate this product #review",negative
"Overall, I am impressed with the quality .",positive
"For me, I would not recommend this .",negative
The new features are brilliant .,positive
"Personally, I absolutely hate this product today.",negative
"Overall, I am very disappointed with the results honestly.",negative
"Personally, The package contains two items #review",neutral
"In my opinion, The website is currently available .",neutral
"Right now, This update is awesome .",positive
"In my opinion, I absolutely love this product honestly.",positive
"Today, Everything went completely wrong #twitter",negative
"After trying it, The service was awful in my opinion.",negative
"In my opinion, The results will be announced later .",neutral
"After trying it, The team did an amazing job .",positive
"Just saying, The package contains two items .",neutral
This made my day much worse in my opinion.,negative
"Just saying, I am checking the latest information after trying it.",neutral
"After trying it, Such a beautiful day .",positive
"Overall, I am satisfied with the results #twitter",positive
"Today, The new features are brilliant #review",positive
"Today, The report was published today in my opinion.",neutral
"Honestly, This made my day so much better .",positive
"Overall, The team did a terrible job .",negative
"Honestly, Everything worked perfectly #twitter",positive
"Personally, I absolutely love this product #twitter",positive
"Right now, Such a beautiful day .",positive
"Right now, Such a beautiful day .",positive
"Just saying, The report was published today .",neutral
"Right now, Worst purchase I have made in my opinion.",negative
"After trying it, I highly recommend this #review",positive
"Right now, This movie was fantastic .",positive
"Today, I am very disappointed with the results .",negative
"Personally, The company released a new announcement .",neutral
"Personally, This update is awesome .",positive
"Right now, I am very disappointed with the results honestly.",negative
"Personally, The team did an amazing job .",positive
"Personally, Best purchase I have made in a long time .",positive
"For me, I highly recommend this .",positive
"In my opinion, I received the package this morning",neutral
"Just saying, Everything worked perfectly right now.",positive
"In my opinion, The results will be announced later .",neutral
"Overall, This movie was fantastic .",positive
"Honestly, The results will be announced later today.",neutral
"In my opinion, I am satisfied with the results .",positive
"For me, The team did a terrible job #twitter",negative
"Personally, I am unhappy with the results .",negative
"Right now, Such a horrible day .",negative
"In my opinion, Best purchase I have made in a long time .",positive
"Personally, The event starts at 6 PM honestly.",neutral
"Just saying, Everything went completely wrong .",negative
"In my opinion, I received the package this morning .",neutral
"Just saying, I am impressed with the quality today.",positive
"Honestly, Everything worked perfectly .",positive
"Just saying, The team will meet next week .",neutral
"Just saying, The company released a new announcement right now.",neutral
"Today, This is not what I wanted right now.",negative
"For me, I am unhappy with the results .",negative
"Honestly, The company released a new announcement .",neutral
"In my opinion, The meeting is scheduled for tomorrow right now.",neutral
I really disliked this experience .,negative
"Personally, What a horrible experience today after trying it.",negative
"Today, This update is awesome .",positive
"Today, I am unhappy with the results .",negative
"In my opinion, I really disliked this experience .",negative
"In my opinion, Feeling frustrated and disappointed today .",negative
"After trying it, This update is awesome right now.",positive
The event starts at 6 PM honestly.,neutral
"Overall, The team will meet next week #twitter",neutral
"Just saying, The report was published today .",neutral
"Overall, I absolutely love this product right now.",positive
"Honestly, I absolutely hate this product after trying it.",negative
"For me, Such a beautiful day honestly.",positive
I am very happy with the results in my opinion.,positive
"Right now, Absolutely awful experience #twitter",negative
"Just saying, This is amazing and works perfectly #review",positive
"For me, I am unhappy with the results",negative
I received the package this morning honestly.,neutral
"In my opinion, Feeling great and positive today .",positive
"For me, The website is currently available honestly.",neutral
"For me, What a wonderful experience today",positive
"In my opinion, This movie was fantastic right now.",positive
"For me, This is terrible and does not work honestly.",negative
"Today, Best purchase I have made in a long time .",positive
"Honestly, I am disappointed with the quality #twitter",negative
"Honestly, Absolutely awful experience .",negative
"Right now, What a wonderful experience today",positive
"Just saying, I am very disappointed with the results .",negative
"Honestly, Absolutely fantastic experience right now.",positive
"Honestly, This movie was fantastic .",positive
"After trying it, Absolutely fantastic experience .",positive
"After trying it, Worst purchase I have made after trying it.",negative
"Personally, Feeling frustrated and disappointed today .",negative
"Overall, I received the package this morning .",neutral
"After trying it, The store opens at 9 AM .",neutral
"Honestly, This update is terrible .",negative
"After trying it, I am satisfied with the results .",positive
"Just saying, The new features are brilliant after trying it.",positive
"Overall, The company released a new announcement .",neutral
"Personally, This is amazing and works perfectly .",positive
"For me, Feeling great and positive today in my opinion.",positive
"Today, I am very disappointed with the results .",negative
"For me, This is not what I wanted .",negative
The team will meet next week,neutral
"After trying it, I watched the latest episode right now.",neutral
"Honestly, The train arrived at the station honestly.",neutral
"Today, I would not recommend this #twitter",negative
"In my opinion, I really disliked this experience honestly.",negative
"Overall, The meeting is scheduled for tomorrow .",neutral
"Overall, I am unhappy with the results .",negative
"Today, The team did an amazing job .",positive
"Honestly, I am impressed with the quality .",positive
"In my opinion, I highly recommend this .",positive
"For me, I really disliked this experience",negative
"Just saying, I absolutely love this product in my opinion.",positive
"Overall, I watched the latest episode #review",neutral
"Today, Absolutely fantastic experience in my opinion.",positive
"Right now, The temperature is around 25 degrees .",neutral
"In my opinion, Absolutely fantastic experience .",positive
"Honestly, I received the package this morning after trying it.",neutral
"Honestly, This update is terrible .",negative
"After trying it, The new features are useless after trying it.",negative
"After trying it, The application has been updated .",neutral
"For me, This update is awesome honestly.",positive
"In my opinion, This is not what I wanted #review",negative
"Personally, This movie was fantastic .",positive
"Overall, I received the package this morning .",neutral
"Right now, Everything worked perfectly .",positive
"Just saying, I am satisfied with the results #twitter",positive
"For me, I am satisfied with the results in my opinion.",positive
"After trying it, The weather is cloudy today .",neutral
"Today, The application has been updated",neutral
"In my opinion, The flight is scheduled for Monday in my opinion.",neutral
"Personally, The temperature is around 25 degrees .",neutral
"For me, I am disappointed with the quality #twitter",negative
"Overall, Such a horrible day .",negative
Such a horrible day .,negative
"After trying it, Everything went completely wrong .",negative
"In my opinion, The train arrived at the station honestly.",neutral
"Personally, I highly recommend this .",positive
"Personally, The weather is cloudy today .",neutral
"Honestly, I am very disappointed with the results",negative
"Just saying, This update is awesome .",positive
"For me, The application has been updated .",neutral
"In my opinion, Such a horrible day .",negative
"For me, Such a beautiful day #twitter",positive
"Personally, The weather is cloudy today right now.",neutral
"Right now, What a horrible experience today .",negative
"Personally, The weather is cloudy today",neutral
"For me, I am unhappy with the results .",negative
"Just saying, I am impressed with the quality .",positive
"Right now, Worst purchase I have made #review",negative
"Honestly, Worst purchase I have made #twitter",negative
"Right now, The meeting is scheduled for tomorrow .",neutral
"Honestly, The team will meet next week .",neutral
"Personally, This is amazing and works perfectly .",positive
"Overall, This is amazing and works perfectly .",positive
This is terrible and does not work today.,negative
"In my opinion, The new features are useless .",negative
"Right now, This movie was fantastic honestly.",positive
"In my opinion, The store opens at 9 AM .",neutral
"For me, What a horrible experience today #review",negative
"After trying it, Feeling frustrated and disappointed today .",negative
"For me, Such a beautiful day #twitter",positive
"In my opinion, This movie was extremely boring right now.",negative
"Personally, What a wonderful experience today in my opinion.",positive
Feeling frustrated and disappointed today in my opinion.,negative
"After trying it, I received the package this morning #review",neutral
"After trying it, I absolutely hate this product #review",negative
"Just saying, I am checking the latest information .",neutral
"Overall, Everything went completely wrong in my opinion.",negative
"Just saying, I am checking the latest information honestly.",neutral
"Personally, The service was awful .",negative
"Overall, I am very happy with the results right now.",positive
"Overall, This update is terrible #review",negative
"Overall, The new features are useless in my opinion.",negative
"Today, Absolutely awful experience .",negative
The product is available in three colors .,neutral
"In my opinion, Best purchase I have made in a long time after trying it.",positive
"Personally, The application has been updated .",neutral
"Honestly, Everything went completely wrong in my opinion.",negative
"Overall, The package contains two items .",neutral
The event starts at 6 PM,neutral
"Honestly, Everything worked perfectly #review",positive
"After trying it, I am very disappointed with the results .",negative
"For me, I received the package this morning .",neutral
"In my opinion, This is terrible and does not work .",negative
"Just saying, I watched the latest episode #twitter",neutral
"For me, Everything worked perfectly right now.",positive
"Personally, This made my day so much better today.",positive
"In my opinion, Best purchase I have made in a long time .",positive
"After trying it, The team will meet next week right now.",neutral
"After trying it, The report was published today #twitter",neutral
"For me, I am very disappointed with the results",negative
I am impressed with the quality .,positive
"Personally, This update is terrible #twitter",negative
"Honestly, This update is awesome #twitter",positive
"Overall, The class begins at 10 AM .",neutral
"Today, The results will be announced later #twitter",neutral
"In my opinion, The flight is scheduled for Monday #twitter",neutral
"After trying it, Everything went completely wrong .",negative
"Personally, The product is available in three colors in my opinion.",neutral
"Overall, The team did a terrible job .",negative
"After trying it, The report was published today .",neutral
"For me, The team did a terrible job in my opinion.",negative
"Personally, I am reading the news right now honestly.",neutral
"Personally, I am checking the latest information #review",neutral
"In my opinion, Such a beautiful day .",positive
"Today, The package contains two items .",neutral
"Right now, I am satisfied with the results .",positive
"Just saying, Absolutely awful experience .",negative
"Today, I am very happy with the results",positive
"Today, What a horrible experience today .",negative
"For me, I am very disappointed with the results honestly.",negative
"Personally, The package contains two items after trying it.",neutral
"After trying it, This movie was fantastic in my opinion.",positive
"Honestly, I am very happy with the results .",positive
"In my opinion, I watched the latest episode .",neutral
"In my opinion, The service was excellent",positive
"Today, I absolutely hate this product .",negative
"Honestly, This is terrible and does not work .",negative
"For me, I would not recommend this .",negative
"Overall, The class begins at 10 AM #twitter",neutral
This update is terrible .,negative
The team did a terrible job right now.,negative
"In my opinion, I absolutely hate this product #review",negative
"After trying it, Absolutely awful experience honestly.",negative
"Overall, I would not recommend this in my opinion.",negative
"After trying it, Such a beautiful day after trying it.",positive
"After trying it, I am checking the latest information .",neutral
"For me, The package contains two items today.",neutral
"In my opinion, Such a beautiful day .",positive
I highly recommend this .,positive
"Honestly, The store opens at 9 AM .",neutral
"Right now, The team did a terrible job .",negative
"Just saying, Such a horrible day .",negative
"For me, Feeling frustrated and disappointed today in my opinion.",negative
Feeling great and positive today #twitter,positive
"Overall, I really enjoyed this experience honestly.",positive
"Right now, This is exactly what I wanted",positive
"Just saying, I received the package this morning #review",neutral
"Honestly, The team will meet next week",neutral
"Right now, The weather is cloudy today .",neutral
"For me, The application has been updated .",neutral
"Today, The meeting is scheduled for tomorrow .",neutral
"Personally, I would not recommend this .",negative
"Overall, The new features are useless .",negative
"After trying it, The team did a terrible job honestly.",negative
"Today, I am checking the latest information .",neutral
"Just saying, This made my day much worse .",negative
"Personally, This is not what I wanted honestly.",negative
"After trying it, I highly recommend this .",positive
"For me, Worst purchase I have made .",negative
"Today, This update is terrible .",negative
"Today, I really disliked this experience .",negative
"Right now, The report was published today .",neutral
"In my opinion, The flight is scheduled for Monday in my opinion.",neutral
"Honestly, I highly recommend this .",positive
"Right now, This made my day much worse today.",negative
"Honestly, The new features are brilliant .",positive
"Overall, This is terrible and does not work .",negative
"For me, I am disappointed with the quality #review",negative
"Overall, The temperature is around 25 degrees #twitter",neutral
"Right now, The store opens at 9 AM .",neutral
"Just saying, I watched the latest episode .",neutral
"Right now, Such a beautiful day honestly.",positive
"In my opinion, This movie was fantastic .",positive
"In my opinion, Absolutely awful experience in my opinion.",negative
"After trying it, Absolutely awful experience .",negative
"For me, The store opens at 9 AM honestly.",neutral
"After trying it, The flight is scheduled for Monday #twitter",neutral
Such a beautiful day .,positive
"In my opinion, The website is currently available",neutral
"Right now, The flight is scheduled for Monday right now.",neutral
"Overall, I really disliked this experience .",negative
"Just saying, The package contains two items today.",neutral
The team did an amazing job .,positive
"Just saying, I absolutely hate this product today.",negative
Feeling frustrated and disappointed today honestly.,negative
"Just saying, This movie was fantastic #review",positive
"Today, Such a beautiful day after trying it.",positive
"Personally, I really disliked this experience #twitter",negative
"Overall, Worst purchase I have made right now.",negative
"Today, I am very disappointed with the results .",negative
"Honestly, I am impressed with the quality after trying it.",positive
"Today, I really disliked this experience after trying it.",negative
"Personally, The new features are useless .",negative
"Just saying, The website is currently available .",neutral
"In my opinion, Everything went completely wrong .",negative
"Right now, I am checking the latest information .",neutral
"Right now, I am disappointed with the quality .",negative
"For me, I am checking the latest information",neutral
"After trying it, I absolutely hate this product #twitter",negative
"Just saying, I absolutely love this product right now.",positive
"Personally, I am very happy with the results #review",positive
"For me, This update is awesome today.",positive
"Right now, Absolutely awful experience .",negative
"Today, Worst purchase I have made after trying it.",negative
"Just saying, I am satisfied with the results right now.",positive
"In my opinion, The package contains two items .",neutral
"Honestly, I highly recommend this .",positive
"After trying it, The new features are brilliant today.",positive
I am disappointed with the quality #twitter,negative
"Just saying, Absolutely fantastic experience",positive
"Personally, Absolutely fantastic experience .",positive
"Personally, This is exactly what I wanted right now.",positive
"In my opinion, The meeting is scheduled for tomorrow #twitter",neutral
"In my opinion, I really disliked this experience .",negative
"Just saying, The meeting is scheduled for tomorrow after trying it.",neutral
"Overall, The package contains two items",neutral
This update is awesome .,positive
"Personally, The new features are useless .",negative
"Today, The package contains two items",neutral
"After trying it, Worst purchase I have made right now.",negative
"Today, This is amazing and works perfectly .",positive
Feeling great and positive today .,positive
"Right now, This is terrible and does not work #review",negative
"Overall, This made my day so much better .",positive
"In my opinion, I am disappointed with the quality .",negative
"For me, I highly recommend this",positive
"Just saying, I absolutely hate this product .",negative
"In my opinion, Such a horrible day .",negative
"Today, What a wonderful experience today right now.",positive
This movie was extremely boring .,negative
"Overall, The weather is cloudy today .",neutral
"Today, I really disliked this experience after trying it.",negative
"Just saying, Feeling great and positive today right now.",positive
"Overall, The event starts at 6 PM honestly.",neutral
"Right now, The new features are useless .",negative
I watched the latest episode .,neutral
"Overall, The product is available in three colors after trying it.",neutral
"In my opinion, I am disappointed with the quality .",negative
"In my opinion, The service was excellent .",positive
"After trying it, Absolutely awful experience after trying it.",negative
"Personally, I am very happy with the results .",positive
The package contains two items #twitter,neutral
"Just saying, This movie was extremely boring right now.",negative
"Personally, The service was excellent .",positive
Best purchase I have made in a long time,positive
"Just saying, I am disappointed with the quality after trying it.",negative
"For me, I highly recommend this .",positive
"Overall, I received the package this morning .",neutral
"Overall, The product is available in three colors .",neutral
"Just saying, This update is awesome in my opinion.",positive
"In my opinion, I absolutely hate this product #review",negative
"Honestly, I am reading the news right now after trying it.",neutral
"For me, I am impressed with the quality #review",positive
"After trying it, The application has been updated .",neutral
"Honestly, Everything worked perfectly .",positive
"Honestly, I am very disappointed with the results",negative
"Personally, The temperature is around 25 degrees .",neutral
"For me, The team did an amazing job right now.",positive
"Today, I watched the latest episode .",neutral
"For me, This made my day so much better .",positive
"In my opinion, I am unhappy with the results honestly.",negative
"Personally, Feeling frustrated and disappointed today today.",negative
This movie was extremely boring .,negative
"Right now, The results will be announced later .",neutral
"Right now, Best purchase I have made in a long time after trying it.",positive
"For me, The service was excellent right now.",positive
"Right now, Feeling great and positive today in my opinion.",positive
"Overall, The company released a new announcement honestly.",neutral
This is terrible and does not work #twitter,negative
"For me, I am very disappointed with the results #twitter",negative
"Just saying, I am very happy with the results #twitter",positive
"Today, The report was published today .",neutral
"Honestly, The new features are brilliant today.",positive
"For me, The class begins at 10 AM .",neutral
"For me, I am disappointed with the quality .",negative
"Overall, The weather is cloudy today .",neutral
"Personally, The company released a new announcement",neutral
"After trying it, This made my day so much better in my opinion.",positive
"For me, Absolutely awful experience .",negative
"Personally, Best purchase I have made in a long time today.",positive
This movie was fantastic .,positive
"Personally, The new features are useless right now.",negative
"For me, I am unhappy with the results #review",negative
"Overall, The company released a new announcement right now.",neutral
"After trying it, The team did an amazing job .",positive
"Honestly, What a horrible experience today",negative
"For me, I am unhappy with the results .",negative
"Right now, Best purchase I have made in a long time .",positive
I am impressed with the quality .,positive
"Honestly, What a wonderful experience today #review",positive
"In my opinion, What a horrible experience today #review",negative
This movie was fantastic .,positive
"Honestly, I am disappointed with the quality after trying it.",negative
This update is awesome honestly.,positive
"Today, This is amazing and works perfectly .",positive
"In my opinion, This is amazing and works perfectly .",positive
"Honestly, The new features are brilliant today.",positive
"Just saying, The new features are useless .",negative
"For me, The package contains two items .",neutral
"Personally, Best purchase I have made in a long time right now.",positive
"Honestly, I absolutely love this product",positive
"Honestly, I absolutely love this product .",positive
"Today, This update is awesome .",positive
"Honestly, This made my day so much better #review",positive
"For me, The company released a new announcement .",neutral
"Honestly, The website is currently available .",neutral
"Honestly, The team did an amazing job after trying it.",positive
"Today, Feeling great and positive today .",positive
"Just saying, I received the package this morning .",neutral
I absolutely love this product right now.,positive
"Right now, I am impressed with the quality .",positive
"Right now, This is exactly what I wanted .",positive
"Overall, The team did a terrible job .",negative
"Right now, This is exactly what I wanted today.",positive
The train arrived at the station,neutral
"Right now, This is amazing and works perfectly",positive
"In my opinion, The temperature is around 25 degrees .",neutral
"In my opinion, Such a beautiful day #review",positive
"For me, Such a beautiful day right now.",positive
"Honestly, The results will be announced later #twitter",neutral
"Today, The team did a terrible job right now.",negative
The team did an amazing job .,positive
"In my opinion, This update is terrible right now.",negative
"Personally, The team will meet next week .",neutral
"Right now, Such a beautiful day in my opinion.",positive
"For me, I am unhappy with the results #review",negative
"Overall, Everything went completely wrong #review",negative
"In my opinion, What a horrible experience today .",negative
"In my opinion, The report was published today right now.",neutral
"Just saying, The application has been updated #twitter",neutral
"In my opinion, The team did an amazing job .",positive
"Today, The application has been updated right now.",neutral
"Today, The results will be announced later .",neutral
"Right now, I absolutely love this product .",positive
"For me, The train arrived at the station #twitter",neutral
"Today, I am impressed with the quality .",positive
"Honestly, Absolutely awful experience #twitter",negative
"Right now, The team did a terrible job #twitter",negative
"Just saying, What a wonderful experience today honestly.",positive
"Honestly, I really enjoyed this experience #twitter",positive
"Honestly, This is terrible and does not work #twitter",negative
"For me, I absolutely hate this product #twitter",negative
"In my opinion, I am very disappointed with the results .",negative
"Personally, This is exactly what I wanted after trying it.",positive
"Honestly, What a horrible experience today .",negative
"Today, The application has been updated #twitter",neutral
"Today, This is not what I wanted honestly.",negative
"Overall, I received the package this morning #review",neutral
"Honestly, Everything worked perfectly #twitter",positive
"Overall, I am satisfied with the results .",positive
"Honestly, Feeling frustrated and disappointed today right now.",negative
This is not what I wanted #twitter,negative
"In my opinion, The new features are brilliant today.",positive
"Right now, Everything went completely wrong .",negative
"In my opinion, Absolutely awful experience in my opinion.",negative
"In my opinion, This is exactly what I wanted .",positive
"For me, I am disappointed with the quality .",negative
"In my opinion, This is not what I wanted .",negative
"Personally, The service was excellent .",positive
"Right now, The service was awful after trying it.",negative
"Today, Feeling great and positive today .",positive
"Overall, I am impressed with the quality .",positive
"Right now, This update is awesome .",positive
"Honestly, Such a horrible day right now.",negative
"In my opinion, This made my day so much better today.",positive
"After trying it, I absolutely hate this product after trying it.",negative
"In my opinion, The application has been updated after trying it.",neutral
"Right now, Everything went completely wrong",negative
"In my opinion, I am impressed with the quality .",positive
"Today, I am checking the latest information .",neutral
"Personally, I am very happy with the results .",positive
I am satisfied with the results,positive
"For me, The company released a new announcement .",neutral
The event starts at 6 PM right now.,neutral
"Just saying, I am unhappy with the results .",negative
"Just saying, Best purchase I have made in a long time #twitter",positive
"In my opinion, Feeling frustrated and disappointed today .",negative
"Personally, This is amazing and works perfectly right now.",positive
"Just saying, This movie was fantastic .",positive
"In my opinion, I am disappointed with the quality #twitter",negative
"Personally, Everything worked perfectly .",positive
"Just saying, The class begins at 10 AM honestly.",neutral
"Overall, The package contains two items in my opinion.",neutral
"For me, The package contains two items .",neutral
"Overall, What a horrible experience today .",negative
"Today, I am very happy with the results .",positive
"After trying it, I watched the latest episode .",neutral
"Honestly, Best purchase I have made in a long time #twitter",positive
Feeling frustrated and disappointed today .,negative
"Right now, What a horrible experience today .",negative
"Honestly, I really disliked this experience after trying it.",negative
"Personally, This made my day so much better .",positive
"After trying it, The meeting is scheduled for tomorrow today.",neutral
"Overall, The class begins at 10 AM today.",neutral
"Honestly, I am very happy with the results .",positive
The flight is scheduled for Monday today.,neutral
"In my opinion, What a horrible experience today right now.",negative
"Honestly, I am unhappy with the results today.",negative
This movie was fantastic .,positive
"For me, The class begins at 10 AM honestly.",neutral
"Overall, Feeling great and positive today .",positive
"Today, I really enjoyed this experience .",positive
Such a horrible day .,negative
"After trying it, The application has been updated .",neutral
"Just saying, The service was excellent honestly.",positive
"Just saying, Best purchase I have made in a long time after trying it.",positive
"In my opinion, The service was awful",negative
"Today, The weather is cloudy today .",neutral
"After trying it, This is amazing and works perfectly #twitter",positive
Feeling frustrated and disappointed today #review,negative
"After trying it, I am reading the news right now .",neutral
"Just saying, I watched the latest episode .",neutral
This movie was fantastic honestly.,positive
"Honestly, This is exactly what I wanted today.",positive
"Just saying, The service was excellent .",positive
I highly recommend this .,positive
"Today, The package contains two items .",neutral
"Today, What a wonderful experience today .",positive
The team did an amazing job .,positive
"Overall, The train arrived at the station after trying it.",neutral
"For me, The store opens at 9 AM .",neutral
"Right now, The results will be announced later #twitter",neutral
"Overall, The team did an amazing job #twitter",positive
"In my opinion, I am impressed with the quality .",positive
"Overall, The weather is cloudy today .",neutral
"After trying it, Such a beautiful day .",positive
"For me, The new features are useless after trying it.",negative
"Personally, Worst purchase I have made after trying it.",negative
"Right now, I really enjoyed this experience honestly.",positive
"Personally, I am checking the latest information .",neutral
"In my opinion, The new features are brilliant",positive
"Honestly, This movie was extremely boring .",negative
"Honestly, I am very disappointed with the results",negative
"Honestly, Absolutely fantastic experience .",positive
"Honestly, I really disliked this experience",negative
"After trying it, I really enjoyed this experience in my opinion.",positive
"In my opinion, The product is available in three colors after trying it.",neutral
"After trying it, The company released a new announcement .",neutral
"In my opinion, The service was awful today.",negative
"In my opinion, I am satisfied with the results today.",positive
"Honestly, This movie was extremely boring #twitter",negative
"For me, This is exactly what I wanted #review",positive
"In my opinion, What a wonderful experience today",positive
"Overall, I watched the latest episode #twitter",neutral
"In my opinion, This made my day much worse",negative
"Overall, The product is available in three colors",neutral
"Just saying, I am checking the latest information",neutral
The weather is cloudy today today.,neutral
"Honestly, I watched the latest episode .",neutral
"Personally, Such a horrible day today.",negative
"Just saying, The service was excellent in my opinion.",positive
"For me, I am impressed with the quality .",positive
"For me, I am unhappy with the results today.",negative
"Right now, The new features are brilliant .",positive
"Honestly, The company released a new announcement in my opinion.",neutral
"After trying it, The team did an amazing job after trying it.",positive
The report was published today .,neutral
"Overall, I am satisfied with the results .",positive
"In my opinion, The team will meet next week .",neutral
"Overall, I am unhappy with the results .",negative
"After trying it, I am disappointed with the quality",negative
"Honestly, This update is awesome .",positive
"Personally, The new features are useless .",negative
"Personally, The new features are useless .",negative
"Personally, I am impressed with the quality",positive
"Right now, Feeling frustrated and disappointed today .",negative
"For me, The team will meet next week .",neutral
"Honestly, Absolutely fantastic experience",positive
"After trying it, The team did an amazing job .",positive
"Honestly, The new features are brilliant right now.",positive
Everything worked perfectly .,positive
"In my opinion, The team did a terrible job .",negative
"Overall, I am very happy with the results .",positive
"Overall, The service was excellent .",positive
"For me, I absolutely love this product .",positive
"For me, Everything went completely wrong after trying it.",negative
"In my opinion, I absolutely love this product honestly.",positive
"Personally, The store opens at 9 AM .",neutral
"Honestly, Feeling great and positive today #review",positive
"In my opinion, The weather is cloudy today .",neutral
"Right now, I absolutely love this product .",positive
"Today, The weather is cloudy today after trying it.",neutral
"For me, This is not what I wanted in my opinion.",negative
"Just saying, This is terrible and does not work",negative
"Overall, Everything worked perfectly .",positive
The service was awful .,negative
"Honestly, I highly recommend this .",positive
"In my opinion, I really enjoyed this experience .",positive
Everything worked perfectly honestly.,positive
"In my opinion, The weather is cloudy today after trying it.",neutral
"Personally, Such a beautiful day after trying it.",positive
"For me, The website is currently available",neutral
"In my opinion, I absolutely hate this product in my opinion.",negative
"Right now, The service was excellent honestly.",positive
"After trying it, Worst purchase I have made .",negative
"Today, The company released a new announcement .",neutral
I am unhappy with the results .,negative
"Overall, I am disappointed with the quality .",negative
"Today, What a horrible experience today .",negative
"Overall, I highly recommend this right now.",positive
"Personally, The train arrived at the station .",neutral
The product is available in three colors after trying it.,neutral
"Personally, I am disappointed with the quality today.",negative
"In my opinion, The product is available in three colors .",neutral
"For me, Everything worked perfectly right now.",positive
"Just saying, I am disappointed with the quality .",negative
The class begins at 10 AM right now.,neutral
"Honestly, The report was published today right now.",neutral
"Honestly, This is exactly what I wanted .",positive
"Right now, The store opens at 9 AM .",neutral
"Right now, Such a horrible day #review",negative
"Right now, The report was published today",neutral
"Today, The event starts at 6 PM .",neutral
"For me, Such a beautiful day honestly.",positive
"Right now, The website is currently available .",neutral
"Today, This update is terrible #review",negative
"Today, The new features are brilliant",positive
"Just saying, This is exactly what I wanted",positive
"Personally, I would not recommend this honestly.",negative
"Today, This is terrible and does not work",negative
"Overall, What a horrible experience today .",negative
"Right now, This is terrible and does not work .",negative
"In my opinion, I highly recommend this .",positive
"Just saying, Such a horrible day .",negative
"Just saying, The company released a new announcement in my opinion.",neutral
"Personally, I am disappointed with the quality .",negative
"Honestly, What a horrible experience today .",negative
"After trying it, The meeting is scheduled for tomorrow in my opinion.",neutral
"Right now, The meeting is scheduled for tomorrow #review",neutral
"Just saying, This is exactly what I wanted honestly.",positive
"After trying it, I am reading the news right now #review",neutral
"In my opinion, I received the package this morning honestly.",neutral
"For me, This movie was extremely boring #review",negative
"Personally, This update is terrible .",negative
"Just saying, The weather is cloudy today honestly.",neutral
"Right now, The website is currently available .",neutral
"After trying it, The company released a new announcement",neutral
This made my day much worse in my opinion.,negative
"Right now, This is terrible and does not work honestly.",negative
"Honestly, The meeting is scheduled for tomorrow #twitter",neutral
"Right now, The event starts at 6 PM honestly.",neutral
"Personally, The results will be announced later .",neutral
Best purchase I have made in a long time .,positive
"For me, Worst purchase I have made right now.",negative
"After trying it, I really enjoyed this experience #review",positive
"In my opinion, I am very happy with the results",positive
"Personally, The company released a new announcement #twitter",neutral
"In my opinion, The weather is cloudy today honestly.",neutral
"Today, This update is awesome after trying it.",positive
"Honestly, What a horrible experience today today.",negative
"Personally, Worst purchase I have made .",negative
"Today, This made my day much worse",negative
"After trying it, The service was awful honestly.",negative
"Personally, This made my day much worse .",negative
"Just saying, Feeling great and positive today .",positive
"Honestly, I am very disappointed with the results .",negative
"After trying it, Absolutely awful experience .",negative
"For me, This made my day much worse #twitter",negative
"Honestly, I am impressed with the quality .",positive
"After trying it, I really enjoyed this experience right now.",positive
This made my day much worse after trying it.,negative
"Today, I am impressed with the quality .",positive
"Right now, Feeling frustrated and disappointed today .",negative
"After trying it, I am disappointed with the quality .",negative
"Today, I really enjoyed this experience .",positive
"Right now, I am unhappy with the results .",negative
"Just saying, Feeling great and positive today in my opinion.",positive
"Just saying, What a horrible experience today .",negative
"Just saying, Everything went completely wrong",negative
"Just saying, The team will meet next week .",neutral
"Personally, The team will meet next week .",neutral
"Honestly, Absolutely awful experience #review",negative
"Today, I am satisfied with the results in my opinion.",positive
"Personally, Such a horrible day",negative
"After trying it, I am unhappy with the results honestly.",negative
"After trying it, The service was excellent .",positive
"For me, The team did a terrible job today.",negative
"For me, Best purchase I have made in a long time .",positive
"Today, The flight is scheduled for Monday today.",neutral
"For me, The team did a terrible job .",negative
"Personally, The train arrived at the station #review",neutral
"Just saying, I am reading the news right now #review",neutral
"In my opinion, Best purchase I have made in a long time .",positive
"Honestly, The new features are brilliant #twitter",positive
"Overall, Feeling frustrated and disappointed today .",negative
"After trying it, Everything worked perfectly #twitter",positive
"Honestly, I received the package this morning .",neutral
"Overall, The new features are useless in my opinion.",negative
I am unhappy with the results,negative
"In my opinion, The train arrived at the station .",neutral
"After trying it, The team will meet next week .",neutral
"Right now, This is exactly what I wanted .",positive
"Overall, Feeling great and positive today #twitter",positive
"Overall, The team will meet next week today.",neutral
"In my opinion, The service was awful .",negative
I am satisfied with the results .,positive
"Honestly, The team will meet next week #review",neutral
"Right now, I highly recommend this .",positive
"After trying it, The temperature is around 25 degrees .",neutral
"In my opinion, The results will be announced later .",neutral
"Honestly, Everything went completely wrong",negative
"Overall, The company released a new announcement today.",neutral
"In my opinion, The results will be announced later right now.",neutral
"After trying it, What a wonderful experience today .",positive
"Honestly, Worst purchase I have made .",negative
"After trying it, This is exactly what I wanted after trying it.",positive
"Today, The results will be announced later .",neutral
"Personally, This is exactly what I wanted .",positive
"Personally, This made my day so much better .",positive
"Just saying, This is not what I wanted",negative
"After trying it, The service was excellent today.",positive
"After trying it, The service was excellent honestly.",positive
What a horrible experience today .,negative
"Right now, This update is awesome in my opinion.",positive
What a wonderful experience today #review,positive
"Overall, Worst purchase I have made honestly.",negative
"Right now, I highly recommend this .",positive
"Today, Everything went completely wrong",negative
"Personally, The event starts at 6 PM in my opinion.",neutral
"After trying it, The application has been updated .",neutral
"After trying it, Worst purchase I have made after trying it.",negative
"For me, I would not recommend this after trying it.",negative
"Honestly, This is exactly what I wanted after trying it.",positive
"For me, The team will meet next week .",neutral
"Just saying, The event starts at 6 PM .",neutral
"Today, The service was excellent today.",positive
"Personally, The new features are brilliant .",positive
"In my opinion, The temperature is around 25 degrees .",neutral
"In my opinion, Such a horrible day #review",negative
"Overall, The service was excellent right now.",positive
"Personally, Absolutely awful experience in my opinion.",negative
"Today, Everything went completely wrong .",negative
"In my opinion, I am unhappy with the results after trying it.",negative
"Overall, I am disappointed with the quality .",negative
"Just saying, The application has been updated .",neutral
"For me, The team did an amazing job honestly.",positive
"In my opinion, This movie was extremely boring today.",negative
"Personally, This movie was extremely boring .",negative
"Personally, I am satisfied with the results right now.",positive
"Personally, This is terrible and does not work after trying it.",negative
"Today, I am checking the latest information after trying it.",neutral
"Overall, The service was awful honestly.",negative
"After trying it, What a horrible experience today .",negative
"Honestly, The report was published today honestly.",neutral
"After trying it, I am disappointed with the quality .",negative
"Right now, Best purchase I have made in a long time .",positive
"In my opinion, Everything worked perfectly .",positive
"Personally, Such a beautiful day .",positive
"Personally, The team did a terrible job right now.",negative
"Overall, I am satisfied with the results .",positive
"Personally, I highly recommend this right now.",positive
"Personally, The website is currently available .",neutral
"In my opinion, Everything went completely wrong .",negative
"Honestly, I am very happy with the results after trying it.",positive
"Right now, The new features are useless today.",negative
"In my opinion, The temperature is around 25 degrees .",neutral
"In my opinion, The weather is cloudy today in my opinion.",neutral
"Overall, I am satisfied with the results #review",positive
"Overall, Absolutely awful experience #review",negative
"For me, I watched the latest episode in my opinion.",neutral
"Right now, I watched the latest episode .",neutral
The team did an amazing job .,positive
"Honestly, The service was excellent .",positive
"Today, The service was excellent .",positive
"Personally, I am checking the latest information today.",neutral
This update is terrible .,negative
Such a horrible day honestly.,negative
"For me, Such a horrible day today.",negative
"Right now, I am checking the latest information .",neutral
The service was awful .,negative
"For me, This is not what I wanted in my opinion.",negative
"Just saying, I am checking the latest information",neutral
"Right now, This movie was fantastic .",positive
"Overall, Such a horrible day right now.",negative
I highly recommend this today.,positive
"Today, The flight is scheduled for Monday .",neutral
"Honestly, The service was excellent .",positive
"Today, This made my day so much better #twitter",positive
"Today, This is exactly what I wanted .",positive
"Today, This movie was extremely boring honestly.",negative
"For me, This made my day so much better today.",positive
"Honestly, I am impressed with the quality .",positive
"Just saying, I would not recommend this .",negative
"Right now, I really enjoyed this experience after trying it.",positive
"Right now, I received the package this morning honestly.",neutral
"Just saying, I am satisfied with the results .",positive
"Right now, The train arrived at the station after trying it.",neutral
"Personally, The event starts at 6 PM .",neutral
"Honestly, This is terrible and does not work .",negative
"In my opinion, The company released a new announcement after trying it.",neutral
"For me, I am very happy with the results #review",positive
"In my opinion, Such a beautiful day today.",positive
"For me, The class begins at 10 AM .",neutral
"Right now, Everything went completely wrong .",negative
"For me, The store opens at 9 AM .",neutral
"Overall, The package contains two items in my opinion.",neutral
"Overall, The train arrived at the station .",neutral
"Personally, This made my day so much better .",positive
"Honestly, The event starts at 6 PM .",neutral
"Right now, Everything worked perfectly .",positive
"Overall, This movie was extremely boring .",negative
"In my opinion, The team did a terrible job .",negative
"Right now, The application has been updated .",neutral
"Honestly, The website is currently available .",neutral
"Personally, The event starts at 6 PM today.",neutral
"Honestly, This is exactly what I wanted .",positive
"For me, The team did an amazing job in my opinion.",positive
"Overall, Absolutely awful experience .",negative
"Just saying, I would not recommend this right now.",negative
"Honestly, I absolutely hate this product .",negative
"Personally, The event starts at 6 PM .",neutral
"Just saying, The weather is cloudy today .",neutral
"Personally, Everything went completely wrong .",negative
"Overall, I am very happy with the results .",positive
"Just saying, What a horrible experience today today.",negative
"Overall, The store opens at 9 AM honestly.",neutral
"Personally, I am very disappointed with the results .",negative
"Personally, The new features are useless #twitter",negative
"Today, What a horrible experience today .",negative
"For me, The report was published today .",neutral
"Today, I am impressed with the quality .",positive
"After trying it, I received the package this morning #twitter",neutral
"In my opinion, I am satisfied with the results .",positive
"In my opinion, This is not what I wanted today.",negative
"Right now, Such a horrible day in my opinion.",negative
"Honestly, The meeting is scheduled for tomorrow .",neutral
"Overall, The class begins at 10 AM .",neutral
"In my opinion, The package contains two items right now.",neutral
"For me, The application has been updated .",neutral
"Today, The results will be announced later right now.",neutral
"In my opinion, The team did a terrible job after trying it.",negative
What a wonderful experience today,positive
"Just saying, I absolutely love this product #review",positive
"Just saying, The application has been updated in my opinion.",neutral
This is amazing and works perfectly .,positive
"Today, Everything worked perfectly after trying it.",positive
This is amazing and works perfectly in my opinion.,positive
"Today, Everything went completely wrong in my opinion.",negative
"In my opinion, The service was awful .",negative
"Just saying, I am reading the news right now right now.",neutral
"Just saying, This update is terrible after trying it.",negative
"Today, The results will be announced later .",neutral
"Honestly, I am unhappy with the results",negative
"Right now, I really enjoyed this experience after trying it.",positive
"Personally, Absolutely awful experience",negative
Feeling frustrated and disappointed today .,negative
"Right now, I highly recommend this .",positive
"Overall, This movie was extremely boring .",negative
"Right now, I am satisfied with the results .",positive
"Just saying, The company released a new announcement honestly.",neutral
"For me, What a horrible experience today .",negative
"In my opinion, The store opens at 9 AM .",neutral
"In my opinion, The team will meet next week",neutral
"In my opinion, The class begins at 10 AM #review",neutral
This update is terrible right now.,negative
"In my opinion, I am unhappy with the results .",negative
"For me, The company released a new announcement .",neutral
"Right now, I am disappointed with the quality honestly.",negative
"Personally, The store opens at 9 AM .",neutral
"In my opinion, I am very happy with the results #twitter",positive
"For me, The store opens at 9 AM honestly.",neutral
"After trying it, I really enjoyed this experience in my opinion.",positive
"For me, Feeling frustrated and disappointed today .",negative
"Right now, I am checking the latest information today.",neutral
"Just saying, The event starts at 6 PM today.",neutral
"Today, The temperature is around 25 degrees today.",neutral
"Personally, This movie was extremely boring .",negative
"Today, I absolutely hate this product #review",negative
"For me, The new features are useless right now.",negative
"Overall, This movie was extremely boring .",negative
"After trying it, The temperature is around 25 degrees .",neutral
"Today, I really disliked this experience .",negative
"Just saying, This made my day much worse .",negative
"Just saying, The new features are brilliant after trying it.",positive
"In my opinion, Best purchase I have made in a long time .",positive
I would not recommend this .,negative
"Overall, This update is terrible honestly.",negative
"Honestly, I am impressed with the quality",positive
"Personally, The website is currently available .",neutral
"After trying it, Worst purchase I have made .",negative
"After trying it, Absolutely fantastic experience .",positive
"Personally, The train arrived at the station today.",neutral
"Just saying, I am impressed with the quality today.",positive
"After trying it, The report was published today .",neutral
"Today, The results will be announced later right now.",neutral
"Overall, The train arrived at the station honestly.",neutral
"Just saying, This update is terrible .",negative
"In my opinion, The website is currently available #twitter",neutral
"Overall, Such a horrible day .",negative
"Honestly, The service was awful #review",negative
"After trying it, The application has been updated .",neutral
"Honestly, The service was awful honestly.",negative
"Honestly, Feeling frustrated and disappointed today",negative
"Personally, This is not what I wanted after trying it.",negative
"For me, The team will meet next week .",neutral
"For me, I am unhappy with the results",negative
"Today, I would not recommend this in my opinion.",negative
"Honestly, I watched the latest episode .",neutral
"Personally, The new features are brilliant honestly.",positive
"Just saying, This is terrible and does not work .",negative
"Honestly, I am very disappointed with the results in my opinion.",negative
"Honestly, This is exactly what I wanted .",positive
"For me, The service was awful #review",negative
"Overall, I absolutely hate this product honestly.",negative
"Right now, Everything went completely wrong #twitter",negative
"Today, I am satisfied with the results today.",positive
"In my opinion, I received the package this morning #twitter",neutral
"Today, This is not what I wanted .",negative
"Personally, I received the package this morning .",neutral
"Today, The application has been updated #review",neutral
Everything went completely wrong after trying it.,negative
"Honestly, This made my day so much better after trying it.",positive
"After trying it, Feeling great and positive today #twitter",positive
"For me, I am checking the latest information .",neutral
"Personally, What a horrible experience today .",negative
"After trying it, I am disappointed with the quality in my opinion.",negative
Feeling frustrated and disappointed today today.,negative
"Honestly, I am disappointed with the quality today.",negative
"Overall, The weather is cloudy today in my opinion.",neutral
"Honestly, This is terrible and does not work .",negative
"Honestly, This movie was extremely boring in my opinion.",negative
"Personally, This is amazing and works perfectly .",positive
"Honestly, The package contains two items #twitter",neutral
"Today, The class begins at 10 AM honestly.",neutral
"For me, This movie was fantastic after trying it.",positive
"Overall, This made my day much worse .",negative
"Today, This is not what I wanted in my opinion.",negative
"Overall, Such a beautiful day .",positive
"Overall, I watched the latest episode .",neutral
"Just saying, The team will meet next week .",neutral
"After trying it, I highly recommend this .",positive
"Personally, Everything went completely wrong honestly.",negative
"For me, The team did an amazing job today.",positive
"In my opinion, Such a horrible day",negative
"After trying it, Best purchase I have made in a long time #twitter",positive
"Personally, I highly recommend this #review",positive
"For me, What a wonderful experience today .",positive
"In my opinion, The application has been updated .",neutral
"Today, Feeling frustrated and disappointed today after trying it.",negative
"Personally, Best purchase I have made in a long time .",positive
"Overall, What a horrible experience today #twitter",negative
Everything worked perfectly .,positive
The weather is cloudy today in my opinion.,neutral
"Overall, This update is awesome in my opinion.",positive
"Personally, Such a horrible day .",negative
"For me, This made my day much worse .",negative
Feeling great and positive today honestly.,positive
"After trying it, The team did a terrible job in my opinion.",negative
"In my opinion, This update is terrible .",negative
"Overall, The meeting is scheduled for tomorrow .",neutral
I really enjoyed this experience right now.,positive
"For me, The team will meet next week .",neutral
Such a beautiful day after trying it.,positive
"Personally, Feeling frustrated and disappointed today .",negative
"In my opinion, What a horrible experience today honestly.",negative
"Just saying, I highly recommend this .",positive
The package contains two items .,neutral
"After trying it, This is amazing and works perfectly .",positive
"For me, I absolutely hate this product .",negative
"In my opinion, I am unhappy with the results in my opinion.",negative
"In my opinion, Feeling frustrated and disappointed today right now.",negative
"Personally, I am disappointed with the quality .",negative
"Honestly, The store opens at 9 AM .",neutral
"In my opinion, Such a horrible day .",negative
"In my opinion, I am impressed with the quality .",positive
"After trying it, The company released a new announcement right now.",neutral
"In my opinion, I really disliked this experience .",negative
"In my opinion, This is not what I wanted honestly.",negative
"Today, This is terrible and does not work .",negative
"Overall, Such a horrible day today.",negative
"In my opinion, I absolutely love this product",positive
"Just saying, I am checking the latest information .",neutral
"After trying it, The company released a new announcement after trying it.",neutral
"For me, I am very disappointed with the results .",negative
This update is terrible in my opinion.,negative
"In my opinion, The package contains two items",neutral
"Honestly, Everything worked perfectly today.",positive
I absolutely love this product in my opinion.,positive
"Right now, I am very disappointed with the results .",negative
"In my opinion, Feeling great and positive today #twitter",positive
"In my opinion, The temperature is around 25 degrees",neutral
"Overall, This update is awesome .",positive
"Personally, I am very happy with the results",positive
"Right now, The class begins at 10 AM .",neutral
Everything went completely wrong .,negative
"Personally, I absolutely hate this product .",negative
"Just saying, Absolutely fantastic experience .",positive
"Personally, Feeling frustrated and disappointed today .",negative
"Honestly, Feeling frustrated and disappointed today .",negative
"Today, I am satisfied with the results today.",positive
"In my opinion, Such a horrible day .",negative
"Just saying, The new features are brilliant .",positive
"For me, This made my day much worse #review",negative
"After trying it, I would not recommend this #review",negative
"Honestly, The meeting is scheduled for tomorrow .",neutral
"Overall, This is amazing and works perfectly right now.",positive
"Personally, What a wonderful experience today .",positive
"Today, I am very disappointed with the results right now.",negative
"Personally, This is terrible and does not work",negative
"After trying it, Such a horrible day after trying it.",negative
The team will meet next week .,neutral
"Overall, I am disappointed with the quality #review",negative
"After trying it, This is terrible and does not work .",negative
This is terrible and does not work honestly.,negative
"Honestly, The service was awful .",negative
"Just saying, I really disliked this experience",negative
"In my opinion, The product is available in three colors .",neutral
"For me, This is amazing and works perfectly .",positive
"Personally, This is not what I wanted in my opinion.",negative
"Today, Best purchase I have made in a long time #twitter",positive
"Today, Feeling great and positive today",positive
"In my opinion, Feeling frustrated and disappointed today .",negative
"In my opinion, I am disappointed with the quality #twitter",negative
The event starts at 6 PM .,neutral
"For me, This is not what I wanted .",negative
"Just saying, I am impressed with the quality .",positive
The train arrived at the station honestly.,neutral
"After trying it, This is amazing and works perfectly .",positive
"Today, The flight is scheduled for Monday .",neutral
"For me, Such a horrible day honestly.",negative
I am impressed with the quality after trying it.,positive
"After trying it, This update is awesome .",positive
"Personally, This movie was fantastic #review",positive
"Just saying, The application has been updated .",neutral
"After trying it, I am disappointed with the quality #twitter",negative
"Just saying, The report was published today .",neutral
"Overall, The store opens at 9 AM .",neutral
"In my opinion, This is terrible and does not work honestly.",negative
"Just saying, I watched the latest episode .",neutral
"Just saying, The application has been updated after trying it.",neutral
"Just saying, The results will be announced later #twitter",neutral
"After trying it, I really enjoyed this experience .",positive
"Personally, What a horrible experience today .",negative
"In my opinion, The temperature is around 25 degrees in my opinion.",neutral
"Personally, This is terrible and does not work today.",negative
"Overall, I absolutely love this product .",positive
"Today, This is terrible and does not work #review",negative
"After trying it, What a wonderful experience today #twitter",positive
"Just saying, Everything went completely wrong .",negative
"Just saying, I am reading the news right now",neutral
"In my opinion, Feeling frustrated and disappointed today #review",negative
"Personally, I absolutely hate this product .",negative
"In my opinion, Everything went completely wrong in my opinion.",negative
"In my opinion, This movie was extremely boring .",negative
Feeling frustrated and disappointed today honestly.,negative
"After trying it, The event starts at 6 PM .",neutral
"Today, I am reading the news right now .",neutral
"Overall, The new features are brilliant .",positive
"In my opinion, I am unhappy with the results .",negative
"Today, I highly recommend this today.",positive
Best purchase I have made in a long time,positive
"Right now, Such a horrible day .",negative
"Overall, The package contains two items .",neutral
"Just saying, The service was awful .",negative
"Honestly, What a horrible experience today .",negative
"Today, The website is currently available today.",neutral
"Just saying, This made my day much worse",negative
"In my opinion, The class begins at 10 AM after trying it.",neutral
This is exactly what I wanted .,positive
I would not recommend this .,negative
"For me, The train arrived at the station .",neutral
"Right now, This is exactly what I wanted .",positive
"Personally, What a horrible experience today .",negative
"Personally, Feeling great and positive today .",positive
"Right now, The event starts at 6 PM after trying it.",neutral
"Honestly, The company released a new announcement today.",neutral
"After trying it, I really enjoyed this experience #twitter",positive
"In my opinion, The website is currently available #review",neutral
"Overall, I absolutely hate this product",negative
"For me, The new features are brilliant #twitter",positive
"Overall, Worst purchase I have made #twitter",negative
"Overall, I am very happy with the results .",positive
"Personally, Best purchase I have made in a long time .",positive
"For me, The temperature is around 25 degrees honestly.",neutral
I am checking the latest information .,neutral
"Honestly, The results will be announced later .",neutral
"Right now, Absolutely fantastic experience .",positive
"Just saying, The weather is cloudy today right now.",neutral
"After trying it, What a horrible experience today .",negative
"Right now, The service was awful honestly.",negative
"Just saying, This is amazing and works perfectly .",positive
"Today, The event starts at 6 PM honestly.",neutral
"Right now, I highly recommend this honestly.",positive
"For me, The service was awful #twitter",negative
"In my opinion, The team did an amazing job .",positive
"After trying it, Feeling frustrated and disappointed today .",negative
"Personally, Worst purchase I have made .",negative
"Personally, The train arrived at the station .",neutral
"Right now, This update is terrible .",negative
"Today, I am very happy with the results .",positive
"Honestly, The new features are brilliant right now.",positive
"Overall, The new features are brilliant .",positive
"Overall, The package contains two items in my opinion.",neutral
"In my opinion, I am very happy with the results #review",positive
"Honestly, The new features are brilliant .",positive
"In my opinion, I am very disappointed with the results .",negative
"Honestly, I really enjoyed this experience right now.",positive
"Just saying, This update is terrible today.",negative
"Honestly, This is amazing and works perfectly .",positive
"Right now, The service was excellent .",positive
"Just saying, I would not recommend this .",negative
"Right now, I highly recommend this",positive
"For me, The store opens at 9 AM .",neutral
"Right now, Absolutely awful experience honestly.",negative
"For me, I absolutely hate this product .",negative
"Personally, What a wonderful experience today .",positive
"Right now, The service was excellent .",positive
The website is currently available #twitter,neutral
"Right now, This is not what I wanted today.",negative
"Personally, The company released a new announcement .",neutral
The event starts at 6 PM #twitter,neutral
"Personally, The company released a new announcement honestly.",neutral
"In my opinion, This is amazing and works perfectly .",positive
"Overall, The report was published today .",neutral
"Overall, The website is currently available honestly.",neutral
"Right now, I absolutely love this product today.",positive
"Just saying, This is terrible and does not work .",negative
"Today, This made my day so much better honestly.",positive
"For me, This is amazing and works perfectly right now.",positive
"Right now, The results will be announced later .",neutral
"For me, This is amazing and works perfectly .",positive
"Overall, Everything worked perfectly honestly.",positive
"Personally, This is not what I wanted .",negative
"Right now, Feeling great and positive today .",positive
"For me, Feeling frustrated and disappointed today in my opinion.",negative
I received the package this morning today.,neutral
The train arrived at the station .,neutral
"Just saying, This made my day much worse .",negative
"Right now, The service was excellent #review",positive
"Personally, The team did a terrible job .",negative
"Overall, Everything went completely wrong #review",negative
"Overall, I absolutely hate this product .",negative
"Today, The new features are brilliant honestly.",positive
"Today, The new features are brilliant after trying it.",positive
"Overall, Such a horrible day #twitter",negative
"After trying it, I am unhappy with the results .",negative
"Personally, Worst purchase I have made",negative
"For me, I really disliked this experience",negative
I would not recommend this .,negative
"Just saying, This is terrible and does not work today.",negative
"Personally, I am unhappy with the results .",negative
"Personally, I am disappointed with the quality honestly.",negative
"Just saying, The service was excellent #twitter",positive
"Overall, Such a horrible day honestly.",negative
This movie was extremely boring .,negative
"Today, The service was excellent",positive
"In my opinion, I really enjoyed this experience honestly.",positive
"After trying it, I absolutely love this product right now.",positive
"Right now, I absolutely love this product",positive
"Honestly, This movie was fantastic in my opinion.",positive
"For me, What a wonderful experience today .",positive
I am satisfied with the results #twitter,positive
"Honestly, Everything worked perfectly after trying it.",positive
"For me, Such a beautiful day .",positive
"Right now, The report was published today .",neutral
"Overall, This update is terrible",negative
"Right now, Absolutely fantastic experience .",positive
"Today, This made my day much worse .",negative
"Personally, I am very disappointed with the results .",negative
"Today, I am disappointed with the quality",negative
"Honestly, I am satisfied with the results .",positive
"For me, I am very happy with the results .",positive
"For me, I highly recommend this",positive
"Honestly, Such a beautiful day right now.",positive
"In my opinion, The report was published today right now.",neutral
"Personally, I watched the latest episode .",neutral
"Overall, I am impressed with the quality",positive
"Personally, The team will meet next week #twitter",neutral
"Just saying, The product is available in three colors in my opinion.",neutral
"Today, The report was published today",neutral
"Personally, Worst purchase I have made in my opinion.",negative
"Right now, I really disliked this experience .",negative
"Personally, The class begins at 10 AM .",neutral
"Today, Feeling great and positive today #twitter",positive
"Today, Everything worked perfectly #twitter",positive
"Honestly, I absolutely love this product .",positive
"Overall, The report was published today #twitter",neutral
"In my opinion, The team will meet next week today.",neutral
"Overall, The product is available in three colors after trying it.",neutral
"Personally, Feeling frustrated and disappointed today .",negative
"Personally, The results will be announced later",neutral
"For me, This made my day so much better after trying it.",positive
"In my opinion, The service was awful .",negative
"After trying it, Everything went completely wrong .",negative
"For me, The class begins at 10 AM .",neutral
"For me, The event starts at 6 PM .",neutral
"After trying it, The report was published today",neutral
"In my opinion, I am unhappy with the results #twitter",negative
"After trying it, The new features are useless today.",negative
I really disliked this experience .,negative
"Today, The website is currently available right now.",neutral
"Today, I would not recommend this right now.",negative
"For me, The package contains two items .",neutral
I would not recommend this .,negative
"Honestly, The service was excellent .",positive
"Honestly, This update is terrible .",negative
The service was excellent #twitter,positive
"Right now, I am checking the latest information right now.",neutral
"Right now, I am unhappy with the results #review",negative
"Just saying, The temperature is around 25 degrees #review",neutral
"For me, This made my day much worse today.",negative
"Personally, The team did an amazing job #twitter",positive
"Overall, The product is available in three colors in my opinion.",neutral
"After trying it, Such a beautiful day",positive
"Today, The weather is cloudy today .",neutral
"Just saying, The team will meet next week today.",neutral
"Right now, Feeling frustrated and disappointed today .",negative
"Personally, This is exactly what I wanted .",positive
"Right now, What a wonderful experience today",positive
"For me, The team did an amazing job #twitter",positive
"Honestly, I absolutely hate this product",negative
"Personally, I am satisfied with the results today.",positive
"Today, This made my day so much better .",positive
"Right now, I would not recommend this honestly.",negative
"Honestly, The service was awful right now.",negative
"Overall, Everything worked perfectly .",positive
"Overall, Such a horrible day in my opinion.",negative
"Right now, The website is currently available right now.",neutral
The flight is scheduled for Monday #twitter,neutral
"After trying it, The train arrived at the station #twitter",neutral
"Overall, I am unhappy with the results #review",negative
"After trying it, This is terrible and does not work .",negative
"For me, The flight is scheduled for Monday .",neutral
"Overall, The weather is cloudy today .",neutral
The new features are useless .,negative
"Personally, I am unhappy with the results #twitter",negative
"In my opinion, The class begins at 10 AM .",neutral
"Just saying, The weather is cloudy today after trying it.",neutral
"In my opinion, I absolutely love this product .",positive
"After trying it, This update is terrible .",negative
"For me, Best purchase I have made in a long time",positive
"For me, This update is terrible .",negative
"After trying it, Everything worked perfectly after trying it.",positive
"Honestly, The application has been updated .",neutral
"Personally, The new features are useless .",negative
"Today, The application has been updated .",neutral
"Just saying, I absolutely hate this product .",negative
"In my opinion, Everything worked perfectly .",positive
"After trying it, The application has been updated .",neutral
"Overall, I watched the latest episode .",neutral
"After trying it, The team did a terrible job #twitter",negative
"In my opinion, I received the package this morning honestly.",neutral
"Today, Absolutely awful experience .",negative
"For me, I watched the latest episode after trying it.",neutral
"Overall, The weather is cloudy today .",neutral
"In my opinion, The event starts at 6 PM .",neutral
"Overall, Best purchase I have made in a long time right now.",positive
I am disappointed with the quality honestly.,negative
"After trying it, This is terrible and does not work .",negative
"For me, The meeting is scheduled for tomorrow .",neutral
"Just saying, Feeling frustrated and disappointed today .",negative
"After trying it, This update is terrible .",negative
"After trying it, This is amazing and works perfectly after trying it.",positive
"In my opinion, The flight is scheduled for Monday right now.",neutral
"For me, This is terrible and does not work #twitter",negative
"Just saying, The results will be announced later .",neutral
"Honestly, The class begins at 10 AM in my opinion.",neutral
"Right now, What a horrible experience today .",negative
"For me, The weather is cloudy today today.",neutral
"Honestly, The meeting is scheduled for tomorrow .",neutral
"Personally, The results will be announced later in my opinion.",neutral
"Just saying, I really enjoyed this experience today.",positive
"After trying it, The team did an amazing job #review",positive
"For me, I am impressed with the quality .",positive
"Today, I highly recommend this honestly.",positive
"Honestly, The website is currently available in my opinion.",neutral
"Today, The flight is scheduled for Monday honestly.",neutral
The product is available in three colors .,neutral
This is not what I wanted .,negative
"Just saying, I am disappointed with the quality .",negative
"Today, This is exactly what I wanted after trying it.",positive
"Right now, Everything worked perfectly .",positive
"Right now, The weather is cloudy today today.",neutral
"After trying it, I absolutely hate this product .",negative
"Right now, The temperature is around 25 degrees",neutral
"Today, What a wonderful experience today today.",positive
"Just saying, The train arrived at the station .",neutral
"Honestly, What a horrible experience today right now.",negative
"After trying it, The new features are useless .",negative
"Personally, I am impressed with the quality #review",positive
"Just saying, The service was awful .",negative
"After trying it, The team did an amazing job after trying it.",positive
"For me, This update is terrible .",negative
"Honestly, I received the package this morning in my opinion.",neutral
"Honestly, The meeting is scheduled for tomorrow today.",neutral
"Right now, I am checking the latest information .",neutral
"Overall, This is terrible and does not work .",negative
"Today, I am disappointed with the quality right now.",negative
"In my opinion, I am disappointed with the quality .",negative
"Today, I am unhappy with the results #twitter",negative
"Today, This made my day so much better after trying it.",positive
"Today, Such a beautiful day right now.",positive
"In my opinion, I highly recommend this .",positive
"After trying it, The new features are useless .",negative
"Right now, I am unhappy with the results #twitter",negative
"Just saying, Feeling great and positive today .",positive
"Today, The weather is cloudy today .",neutral
"Just saying, Feeling frustrated and disappointed today #twitter",negative
"Overall, Feeling great and positive today .",positive
Absolutely fantastic experience honestly.,positive
"In my opinion, The team did an amazing job #review",positive
"Overall, The meeting is scheduled for tomorrow .",neutral
"Honestly, The class begins at 10 AM today.",neutral
"Right now, Absolutely awful experience #review",negative
"In my opinion, The weather is cloudy today honestly.",neutral
"For me, Feeling frustrated and disappointed today .",negative
"For me, Everything went completely wrong .",negative
"Overall, This made my day so much better .",positive
"In my opinion, I am reading the news right now today.",neutral
"Overall, I am very happy with the results honestly.",positive
"Today, Everything went completely wrong after trying it.",negative
"Just saying, The application has been updated #twitter",neutral
"Right now, Such a beautiful day .",positive
"Just saying, I received the package this morning .",neutral
This update is awesome .,positive
This is exactly what I wanted .,positive
"Today, Feeling frustrated and disappointed today honestly.",negative
"Honestly, The application has been updated .",neutral
"Right now, Such a beautiful day .",positive
The new features are useless .,negative
"For me, The flight is scheduled for Monday",neutral
"Personally, The service was awful in my opinion.",negative
"Just saying, The service was excellent .",positive
"Today, This is terrible and does not work #twitter",negative
"Honestly, This is terrible and does not work today.",negative
"Today, The flight is scheduled for Monday",neutral
"For me, The new features are brilliant .",positive
"Right now, This movie was fantastic today.",positive
"After trying it, I really enjoyed this experience .",positive
"Honestly, The package contains two items .",neutral
"For me, The flight is scheduled for Monday .",neutral
"Today, I absolutely love this product after trying it.",positive
"For me, The train arrived at the station today.",neutral
"Just saying, The package contains two items .",neutral
"Overall, The website is currently available today.",neutral
"Today, The train arrived at the station honestly.",neutral
"Overall, The team did a terrible job .",negative
"For me, This is amazing and works perfectly #review",positive
"Just saying, This is exactly what I wanted .",positive
"Personally, Worst purchase I have made .",negative
"Today, This made my day much worse in my opinion.",negative
"Just saying, The temperature is around 25 degrees .",neutral
"For me, The new features are useless #twitter",negative
"Right now, I am satisfied with the results #review",positive
"Right now, Absolutely fantastic experience today.",positive
"Just saying, The team did an amazing job",positive
"Honestly, The product is available in three colors .",neutral
"After trying it, The product is available in three colors today.",neutral
"Right now, What a horrible experience today .",negative
"Honestly, This movie was extremely boring in my opinion.",negative
"For me, I really disliked this experience #twitter",negative
"Overall, I am impressed with the quality .",positive
"Overall, This movie was fantastic .",positive
"Right now, I watched the latest episode .",neutral
"In my opinion, Everything went completely wrong #review",negative
"Personally, I am unhappy with the results #twitter",negative
"Just saying, I absolutely love this product .",positive
"Just saying, This movie was extremely boring after trying it.",negative
"For me, Everything went completely wrong #review",negative
"Today, I really enjoyed this experience .",positive
"For me, The meeting is scheduled for tomorrow .",neutral
"Honestly, The team did an amazing job #review",positive
"Right now, This is terrible and does not work .",negative
"Personally, I absolutely hate this product",negative
The website is currently available .,neutral
"In my opinion, I am unhappy with the results",negative
"For me, The weather is cloudy today .",neutral
"Personally, The service was awful .",negative
"Overall, The flight is scheduled for Monday .",neutral
"Personally, I received the package this morning right now.",neutral
"In my opinion, I would not recommend this .",negative
"Personally, The team did a terrible job .",negative
"Just saying, The report was published today .",neutral
"In my opinion, This is exactly what I wanted .",positive
"For me, This made my day so much better right now.",positive
"Just saying, Best purchase I have made in a long time .",positive
"Just saying, The class begins at 10 AM after trying it.",neutral
Such a horrible day today.,negative
"For me, I really enjoyed this experience #twitter",positive
"Just saying, This is amazing and works perfectly today.",positive
I am very disappointed with the results #review,negative
"Today, I would not recommend this .",negative
I watched the latest episode .,neutral
"Honestly, Everything went completely wrong #twitter",negative
"Personally, The store opens at 9 AM .",neutral
The team did an amazing job .,positive
"Personally, The report was published today .",neutral
"Just saying, I absolutely hate this product honestly.",negative
The service was awful .,negative
"Right now, What a horrible experience today in my opinion.",negative
"Personally, The service was excellent .",positive
"Today, I really disliked this experience #review",negative
"Today, The train arrived at the station honestly.",neutral
"Honestly, This made my day so much better .",positive
"Honestly, The team did a terrible job .",negative
"Overall, What a wonderful experience today .",positive
"Today, The team did an amazing job #review",positive
"Right now, The service was excellent .",positive
"After trying it, The new features are brilliant honestly.",positive
"Just saying, Feeling frustrated and disappointed today #twitter",negative
"Today, I am very disappointed with the results .",negative
"Right now, The team did a terrible job",negative
"In my opinion, The package contains two items .",neutral
I am checking the latest information .,neutral
"After trying it, The report was published today",neutral
"Overall, This is not what I wanted #twitter",negative
"In my opinion, I watched the latest episode .",neutral
"After trying it, I would not recommend this .",negative
"Personally, Feeling great and positive today #twitter",positive
"Right now, Such a beautiful day #review",positive
"Personally, The temperature is around 25 degrees #review",neutral
"Today, What a wonderful experience today after trying it.",positive
"Just saying, This made my day so much better #review",positive
"After trying it, This is terrible and does not work",negative
"Overall, I really disliked this experience today.",negative
"Overall, This is terrible and does not work .",negative
"Overall, This update is awesome .",positive
"Overall, Such a horrible day after trying it.",negative
"Personally, This update is awesome after trying it.",positive
Everything went completely wrong,negative
"After trying it, I am disappointed with the quality right now.",negative
"For me, This is terrible and does not work .",negative
"After trying it, The package contains two items .",neutral
This is exactly what I wanted .,positive
"Right now, I am very disappointed with the results right now.",negative
"For me, The service was awful #twitter",negative
"Just saying, I absolutely love this product .",positive
Best purchase I have made in a long time .,positive
"Personally, I really disliked this experience .",negative
"Honestly, This is not what I wanted .",negative
"Honestly, I watched the latest episode #review",neutral
"Overall, Absolutely fantastic experience after trying it.",positive
"Right now, The results will be announced later honestly.",neutral
"After trying it, Everything went completely wrong honestly.",negative
"For me, I watched the latest episode .",neutral
"Just saying, The new features are brilliant .",positive
"After trying it, The flight is scheduled for Monday today.",neutral
"Honestly, I am disappointed with the quality .",negative
"For me, This movie was extremely boring .",negative
"In my opinion, I am very disappointed with the results .",negative
"Honestly, Everything worked perfectly #twitter",positive
"Honestly, The store opens at 9 AM in my opinion.",neutral
"Just saying, The package contains two items today.",neutral
"Just saying, Absolutely awful experience honestly.",negative
"Just saying, I am satisfied with the results honestly.",positive
"For me, Feeling great and positive today honestly.",positive
"Overall, The report was published today .",neutral
"Just saying, Absolutely awful experience .",negative
"For me, The results will be announced later #twitter",neutral
"Just saying, I am very happy with the results .",positive
I am very happy with the results #review,positive
"Personally, I absolutely love this product right now.",positive
"For me, This update is terrible after trying it.",negative
"In my opinion, What a horrible experience today #review",negative
"For me, I am satisfied with the results honestly.",positive
"Personally, The weather is cloudy today #review",neutral
"Overall, The new features are useless #twitter",negative
"Right now, I am satisfied with the results #twitter",positive
"Right now, The product is available in three colors",neutral
"Today, This update is terrible today.",negative
"Right now, I really enjoyed this experience #review",positive
"In my opinion, Feeling frustrated and disappointed today .",negative
"Today, The service was awful .",negative
"For me, The flight is scheduled for Monday .",neutral
"Right now, The new features are useless in my opinion.",negative
"Personally, The new features are useless right now.",negative
"Personally, Everything went completely wrong .",negative
"In my opinion, The weather is cloudy today right now.",neutral
"For me, This made my day so much better .",positive
"After trying it, The website is currently available today.",neutral
"In my opinion, This is amazing and works perfectly .",positive
"Today, The store opens at 9 AM right now.",neutral
"In my opinion, The website is currently available right now.",neutral
"For me, The team did an amazing job after trying it.",positive
"In my opinion, The store opens at 9 AM today.",neutral
"In my opinion, This is terrible and does not work #twitter",negative
Worst purchase I have made today.,negative
"Honestly, I am disappointed with the quality in my opinion.",negative
The temperature is around 25 degrees #twitter,neutral
"For me, The temperature is around 25 degrees .",neutral
"After trying it, I am disappointed with the quality #twitter",negative
"In my opinion, Absolutely fantastic experience today.",positive
"Just saying, This update is terrible honestly.",negative
"Right now, The team did a terrible job #twitter",negative
"Just saying, The weather is cloudy today",neutral
"Right now, The new features are useless .",negative
"After trying it, This movie was extremely boring .",negative
"Personally, The results will be announced later .",neutral
"Right now, I really disliked this experience honestly.",negative
"Overall, I would not recommend this .",negative
This update is awesome honestly.,positive
"In my opinion, I am very disappointed with the results #twitter",negative
"Today, I am impressed with the quality .",positive
"Just saying, This made my day so much better in my opinion.",positive
"For me, Worst purchase I have made .",negative
"Just saying, Such a horrible day .",negative
"For me, I am very happy with the results .",positive
"Just saying, The new features are brilliant",positive
"For me, I highly recommend this #review",positive
"Just saying, Feeling frustrated and disappointed today .",negative
"In my opinion, The team did a terrible job right now.",negative
Worst purchase I have made after trying it.,negative
"After trying it, This made my day much worse .",negative
"In my opinion, The team will meet next week #review",neutral
"Right now, The class begins at 10 AM after trying it.",neutral
The website is currently available #twitter,neutral
"Today, The new features are useless .",negative
"Honestly, Everything worked perfectly .",positive
"Just saying, Absolutely awful experience .",negative
I am very happy with the results #twitter,positive
"Personally, Feeling great and positive today .",positive
"Right now, The temperature is around 25 degrees today.",neutral
"Right now, Best purchase I have made in a long time #twitter",positive
"In my opinion, The results will be announced later after trying it.",neutral
"For me, The report was published today in my opinion.",neutral
"Overall, What a wonderful experience today",positive
The train arrived at the station,neutral
"After trying it, The store opens at 9 AM #review",neutral
"Just saying, The weather is cloudy today today.",neutral
"Overall, This is amazing and works perfectly #review",positive
"Today, This is exactly what I wanted in my opinion.",positive
"Just saying, This is amazing and works perfectly .",positive
"Just saying, This update is awesome today.",positive
"Today, This is amazing and works perfectly in my opinion.",positive
"After trying it, I am checking the latest information today.",neutral
"Today, The service was awful today.",negative
"Personally, Best purchase I have made in a long time right now.",positive
"Honestly, Feeling frustrated and disappointed today .",negative
"After trying it, This update is awesome .",positive
"Personally, This made my day much worse .",negative
Absolutely awful experience,negative
"Honestly, The temperature is around 25 degrees honestly.",neutral
"For me, Absolutely awful experience honestly.",negative
"Right now, I really enjoyed this experience .",positive
"After trying it, The store opens at 9 AM after trying it.",neutral
"Just saying, I am very disappointed with the results #twitter",negative
"After trying it, The temperature is around 25 degrees .",neutral
"Overall, I received the package this morning #review",neutral
I am satisfied with the results .,positive
"Honestly, I really disliked this experience right now.",negative
"Just saying, I received the package this morning .",neutral
"Overall, I am satisfied with the results right now.",positive
"Right now, I am disappointed with the quality today.",negative
"In my opinion, The team did an amazing job .",positive
"After trying it, Such a horrible day .",negative
"For me, I am satisfied with the results right now.",positive
"In my opinion, The service was excellent .",positive
"Today, The company released a new announcement right now.",neutral
"In my opinion, Everything worked perfectly #review",positive
"Honestly, I really enjoyed this experience right now.",positive
"Today, I am impressed with the quality .",positive
"Honestly, The weather is cloudy today .",neutral
"Right now, The package contains two items after trying it.",neutral
"Overall, The team did a terrible job right now.",negative
Feeling great and positive today,positive
"Personally, I am unhappy with the results in my opinion.",negative
"Honestly, I absolutely love this product #twitter",positive
"Honestly, I am very happy with the results .",positive
"Just saying, Feeling great and positive today #review",positive
"Personally, This update is awesome #twitter",positive
"Today, The service was excellent .",positive
"For me, I really disliked this experience after trying it.",negative
"Overall, The class begins at 10 AM after trying it.",neutral
"For me, The temperature is around 25 degrees .",neutral
"Overall, The package contains two items today.",neutral
"Overall, The application has been updated #twitter",neutral
"Today, The results will be announced later in my opinion.",neutral
"Personally, I am unhappy with the results in my opinion.",negative
"Today, I am checking the latest information #review",neutral
"Just saying, This is exactly what I wanted #review",positive
"For me, Absolutely awful experience .",negative
"Personally, I would not recommend this .",negative
"Today, I am disappointed with the quality honestly.",negative
"For me, I really enjoyed this experience .",positive
"After trying it, The event starts at 6 PM .",neutral
"In my opinion, Best purchase I have made in a long time .",positive
"Right now, This made my day so much better honestly.",positive
"Personally, I really enjoyed this experience .",positive
"Overall, The report was published today .",neutral
"In my opinion, Absolutely awful experience right now.",negative
"Today, The service was excellent .",positive
"Just saying, What a horrible experience today .",negative
"Personally, This made my day much worse #review",negative
"Honestly, I am impressed with the quality today.",positive
"Personally, Absolutely fantastic experience right now.",positive
"Personally, This made my day much worse .",negative
"Just saying, This is amazing and works perfectly .",positive
"After trying it, The train arrived at the station honestly.",neutral
I really disliked this experience honestly.,negative
"For me, I am very happy with the results today.",positive
"After trying it, The flight is scheduled for Monday .",neutral
"Overall, This is exactly what I wanted .",positive
"Honestly, Feeling great and positive today",positive
"Just saying, The meeting is scheduled for tomorrow .",neutral
"Right now, The team did an amazing job in my opinion.",positive
"In my opinion, This movie was extremely boring in my opinion.",negative
"For me, The service was excellent #review",positive
"Personally, The report was published today .",neutral
"Overall, The train arrived at the station #twitter",neutral
Worst purchase I have made .,negative
"For me, I am checking the latest information .",neutral
"After trying it, I am reading the news right now #review",neutral
The report was published today,neutral
"Honestly, The product is available in three colors .",neutral
"Personally, I am satisfied with the results in my opinion.",positive
"Honestly, This movie was fantastic",positive
"For me, Such a horrible day right now.",negative
Feeling great and positive today .,positive
"In my opinion, I watched the latest episode in my opinion.",neutral
"Today, This is exactly what I wanted .",positive
"Right now, What a wonderful experience today .",positive
"Overall, This update is awesome .",positive
"In my opinion, I received the package this morning .",neutral
"Just saying, I am very disappointed with the results honestly.",negative
"Just saying, This is exactly what I wanted .",positive
"Right now, This is not what I wanted #twitter",negative
"Overall, The website is currently available .",neutral
"After trying it, I am very disappointed with the results in my opinion.",negative
"For me, I watched the latest episode in my opinion.",neutral
This is exactly what I wanted honestly.,positive
"In my opinion, I am satisfied with the results today.",positive
"Just saying, I am impressed with the quality .",positive
Such a beautiful day today.,positive
"Today, I watched the latest episode #twitter",neutral
Absolutely awful experience .,negative
"Personally, The results will be announced later #review",neutral
"Today, This movie was extremely boring .",negative
"Right now, I received the package this morning #review",neutral
"Today, I absolutely hate this product",negative
"Right now, This made my day much worse .",negative
I would not recommend this in my opinion.,negative
"Overall, I am disappointed with the quality today.",negative
"For me, This update is terrible in my opinion.",negative
"Personally, I am checking the latest information .",neutral
"Honestly, The report was published today .",neutral
"In my opinion, The temperature is around 25 degrees honestly.",neutral
"Just saying, I watched the latest episode .",neutral
"After trying it, This is not what I wanted .",negative
"After trying it, I absolutely love this product .",positive
"Just saying, I am checking the latest information .",neutral
"Honestly, Worst purchase I have made honestly.",negative
"Personally, The report was published today .",neutral
"Today, This movie was extremely boring today.",negative
"Today, I absolutely hate this product #review",negative
"Right now, I am disappointed with the quality today.",negative
"After trying it, This is amazing and works perfectly #review",positive
"Just saying, The website is currently available #review",neutral
"In my opinion, The package contains two items #review",neutral
"Just saying, The new features are useless in my opinion.",negative
"Personally, This update is awesome .",positive
"Honestly, The meeting is scheduled for tomorrow #twitter",neutral
"For me, The product is available in three colors .",neutral
"Honestly, This made my day much worse .",negative
"Personally, Best purchase I have made in a long time .",positive
"Overall, The train arrived at the station after trying it.",neutral
"Today, What a horrible experience today in my opinion.",negative
"Just saying, Worst purchase I have made .",negative
"After trying it, The service was awful today.",negative
"In my opinion, I am checking the latest information #review",neutral
"Just saying, The package contains two items honestly.",neutral
"Right now, Feeling great and positive today in my opinion.",positive
"Honestly, I would not recommend this .",negative
"Just saying, The new features are brilliant right now.",positive
"Overall, The team did an amazing job today.",positive
"Right now, I really enjoyed this experience",positive
"Overall, What a wonderful experience today .",positive
"For me, I absolutely love this product in my opinion.",positive
"For me, Absolutely awful experience today.",negative
"Personally, This update is awesome .",positive
"For me, What a horrible experience today honestly.",negative
"Personally, The team did an amazing job .",positive
"In my opinion, This made my day much worse honestly.",negative
"Right now, This is exactly what I wanted .",positive
The package contains two items .,neutral
"Just saying, This update is terrible .",negative
"In my opinion, This is amazing and works perfectly .",positive
"For me, Worst purchase I have made",negative
"Personally, This update is terrible after trying it.",negative
"Overall, The flight is scheduled for Monday #review",neutral
"Personally, I absolutely hate this product in my opinion.",negative
"In my opinion, The new features are useless #twitter",negative
"Personally, The company released a new announcement in my opinion.",neutral
"Personally, This made my day so much better #twitter",positive
"Overall, Everything went completely wrong",negative
"Personally, I am unhappy with the results #twitter",negative
"Overall, The meeting is scheduled for tomorrow .",neutral
"For me, I am satisfied with the results .",positive
"In my opinion, The event starts at 6 PM .",neutral
Absolutely awful experience #review,negative
"Overall, The new features are brilliant .",positive
"Right now, The event starts at 6 PM #twitter",neutral
The new features are useless in my opinion.,negative
"For me, I received the package this morning #review",neutral
"For me, What a wonderful experience today",positive
"Today, Absolutely awful experience after trying it.",negative
"Personally, The company released a new announcement today.",neutral
"Right now, Everything went completely wrong .",negative
"Personally, I am disappointed with the quality",negative
"Honestly, This made my day much worse #twitter",negative
"Right now, The event starts at 6 PM",neutral
"Right now, Everything went completely wrong .",negative
"Honestly, The product is available in three colors in my opinion.",neutral
"Today, This made my day much worse .",negative
"In my opinion, The weather is cloudy today .",neutral
"For me, What a horrible experience today .",negative
"Honestly, This is exactly what I wanted after trying it.",positive
"Today, I am unhappy with the results .",negative
"Today, The meeting is scheduled for tomorrow .",neutral
"In my opinion, I absolutely hate this product after trying it.",negative
"Just saying, The event starts at 6 PM after trying it.",neutral
"Overall, The store opens at 9 AM today.",neutral
"For me, I watched the latest episode .",neutral
"Honestly, The team did an amazing job",positive
"Today, I am checking the latest information honestly.",neutral
"Right now, The event starts at 6 PM .",neutral
"Honestly, Such a horrible day honestly.",negative
"After trying it, The product is available in three colors .",neutral
"In my opinion, I am disappointed with the quality .",negative
Feeling frustrated and disappointed today .,negative
"Just saying, The team did a terrible job .",negative
"Today, This update is awesome #twitter",positive
"Right now, The application has been updated",neutral
I am very disappointed with the results .,negative
"Honestly, The company released a new announcement right now.",neutral
"Personally, This made my day so much better .",positive
"Overall, I am impressed with the quality #review",positive
"For me, The weather is cloudy today right now.",neutral
"After trying it, Absolutely awful experience honestly.",negative
"Just saying, The service was excellent",positive
"Overall, Best purchase I have made in a long time .",positive
"After trying it, The package contains two items",neutral
"Just saying, The service was excellent in my opinion.",positive
I absolutely love this product right now.,positive
"After trying it, Feeling frustrated and disappointed today .",negative
"Overall, The team will meet next week in my opinion.",neutral
"After trying it, The flight is scheduled for Monday after trying it.",neutral
"Right now, Such a horrible day #review",negative
"Right now, The results will be announced later #twitter",neutral
"Today, Feeling frustrated and disappointed today .",negative
"Just saying, What a horrible experience today .",negative
"For me, This movie was extremely boring .",negative
"In my opinion, The new features are brilliant after trying it.",positive
"Today, This made my day much worse .",negative
"Right now, The flight is scheduled for Monday .",neutral
"Today, I really enjoyed this experience .",positive
"Honestly, This is amazing and works perfectly .",positive
"After trying it, The weather is cloudy today",neutral
"Honestly, Feeling frustrated and disappointed today .",negative
"Today, I am impressed with the quality right now.",positive
"Just saying, The weather is cloudy today .",neutral
"After trying it, The weather is cloudy today after trying it.",neutral
"Just saying, What a horrible experience today after trying it.",negative
"After trying it, I absolutely hate this product .",negative
"For me, This update is terrible .",negative
"Personally, The meeting is scheduled for tomorrow .",neutral
"Just saying, The temperature is around 25 degrees #twitter",neutral
"Honestly, This movie was extremely boring #twitter",negative
"Honestly, Everything worked perfectly right now.",positive
"Today, This is exactly what I wanted .",positive
"Just saying, I absolutely hate this product right now.",negative
"After trying it, What a horrible experience today .",negative
"Honestly, I am very disappointed with the results .",negative
"For me, The team did a terrible job .",negative
"Overall, The team did an amazing job #review",positive
"Just saying, I am very disappointed with the results .",negative
"In my opinion, Such a horrible day",negative
"Just saying, I absolutely hate this product after trying it.",negative
"Right now, I absolutely love this product .",positive
"In my opinion, Such a beautiful day honestly.",positive
"Today, Feeling great and positive today after trying it.",positive
"Just saying, Feeling frustrated and disappointed today #twitter",negative
"Honestly, The weather is cloudy today .",neutral
"In my opinion, This is amazing and works perfectly .",positive
The product is available in three colors,neutral
"In my opinion, What a horrible experience today .",negative
"After trying it, The report was published today",neutral
"Today, This made my day so much better in my opinion.",positive
"For me, This update is awesome #review",positive
"In my opinion, I highly recommend this .",positive
"In my opinion, The service was awful .",negative
"Today, Absolutely awful experience .",negative
"For me, I am very disappointed with the results #twitter",negative
"Overall, This is amazing and works perfectly .",positive
"For me, What a horrible experience today",negative
"Overall, The company released a new announcement .",neutral
"Honestly, The team will meet next week .",neutral
"In my opinion, The product is available in three colors honestly.",neutral
"Personally, What a wonderful experience today .",positive
"For me, I am checking the latest information .",neutral
"Personally, The new features are useless .",negative
"In my opinion, The product is available in three colors honestly.",neutral
"In my opinion, The store opens at 9 AM .",neutral
"In my opinion, I am impressed with the quality .",positive
"Today, What a wonderful experience today .",positive
"Just saying, This is exactly what I wanted",positive
"For me, I absolutely love this product .",positive
"Overall, Best purchase I have made in a long time .",positive
"Today, The application has been updated .",neutral
"For me, What a horrible experience today #review",negative
"Today, I really enjoyed this experience honestly.",positive
The train arrived at the station,neutral
"Personally, I am very disappointed with the results #review",negative
"Today, The team did a terrible job .",negative
"Just saying, This made my day much worse",negative
"Honestly, The meeting is scheduled for tomorrow .",neutral
"Just saying, The product is available in three colors .",neutral
"Honestly, Everything went completely wrong .",negative
"Honestly, The new features are brilliant .",positive
"Just saying, The service was awful .",negative
"After trying it, The team will meet next week today.",neutral
"Overall, The team will meet next week .",neutral
I am very happy with the results .,positive
"Honestly, I really disliked this experience .",negative
"Right now, The product is available in three colors in my opinion.",neutral
"Today, Such a horrible day #review",negative
"After trying it, The weather is cloudy today .",neutral
"After trying it, The product is available in three colors .",neutral
"Just saying, This movie was fantastic #review",positive
"Right now, The application has been updated .",neutral
"After trying it, I really enjoyed this experience right now.",positive
"Just saying, Best purchase I have made in a long time in my opinion.",positive
"After trying it, This made my day so much better .",positive
"Honestly, Absolutely awful experience .",negative
"Today, Best purchase I have made in a long time honestly.",positive
"Personally, This update is awesome after trying it.",positive
"Honestly, I watched the latest episode .",neutral
"For me, The results will be announced later .",neutral
"Today, Feeling frustrated and disappointed today right now.",negative
"Just saying, The application has been updated right now.",neutral
"For me, The team will meet next week #twitter",neutral
"Personally, What a horrible experience today .",negative
"In my opinion, Such a beautiful day .",positive
"After trying it, I am satisfied with the results #review",positive
"Personally, The service was excellent .",positive
"For me, The train arrived at the station .",neutral
"Personally, The service was excellent .",positive
The website is currently available .,neutral
"Overall, This movie was fantastic .",positive
"Overall, What a horrible experience today .",negative
"In my opinion, The product is available in three colors .",neutral
"Personally, I received the package this morning .",neutral
"Personally, I highly recommend this",positive
This movie was extremely boring .,negative
What a wonderful experience today .,positive
"Just saying, Feeling great and positive today .",positive
"Honestly, Such a beautiful day #review",positive
"Today, The new features are brilliant in my opinion.",positive
"After trying it, This movie was extremely boring .",negative
"Just saying, The weather is cloudy today .",neutral
"Just saying, Everything worked perfectly .",positive
"Today, I am unhappy with the results .",negative
"Just saying, This movie was fantastic #review",positive
"Honestly, The application has been updated honestly.",neutral
"Today, What a wonderful experience today .",positive
"In my opinion, I highly recommend this #review",positive
"For me, I am disappointed with the quality right now.",negative
"After trying it, The team did a terrible job .",negative
"For me, I absolutely hate this product in my opinion.",negative
"Overall, Worst purchase I have made #twitter",negative
"Today, This made my day much worse .",negative
I really disliked this experience .,negative
"For me, This movie was fantastic .",positive
"Honestly, This is terrible and does not work .",negative
"Overall, I am unhappy with the results #twitter",negative
"Right now, Feeling frustrated and disappointed today .",negative
"Right now, The new features are useless",negative
"Honestly, Absolutely awful experience #twitter",negative
"Personally, This update is awesome after trying it.",positive
"Personally, The new features are brilliant today.",positive
"For me, I absolutely hate this product in my opinion.",negative
"In my opinion, This is exactly what I wanted .",positive
"Right now, What a horrible experience today honestly.",negative
"In my opinion, The team did an amazing job in my opinion.",positive
"After trying it, I am impressed with the quality #twitter",positive
"Today, The service was excellent .",positive
"Honestly, The new features are useless .",negative
The team did an amazing job today.,positive
"Personally, I am unhappy with the results",negative
"Right now, Worst purchase I have made today.",negative
The temperature is around 25 degrees .,neutral
"Honestly, I am impressed with the quality .",positive
"After trying it, The results will be announced later #twitter",neutral
"Today, The product is available in three colors .",neutral
"Right now, The team did an amazing job .",positive
This movie was fantastic honestly.,positive
"In my opinion, This made my day so much better .",positive
"Personally, The company released a new announcement right now.",neutral
"Honestly, This made my day much worse right now.",negative
"In my opinion, What a wonderful experience today in my opinion.",positive
"For me, I really enjoyed this experience .",positive
"For me, Absolutely awful experience after trying it.",negative
I am checking the latest information #twitter,neutral
"After trying it, I am unhappy with the results #review",negative
"Today, Absolutely awful experience today.",negative
This update is awesome #twitter,positive
"Right now, The temperature is around 25 degrees",neutral
"After trying it, Best purchase I have made in a long time .",positive
"Just saying, I am impressed with the quality after trying it.",positive
"Personally, The company released a new announcement .",neutral
"For me, The package contains two items #twitter",neutral
"Overall, The meeting is scheduled for tomorrow #review",neutral
"After trying it, This is exactly what I wanted .",positive
I am very disappointed with the results today.,negative
"In my opinion, The team will meet next week .",neutral
"Right now, The flight is scheduled for Monday .",neutral
"Personally, The service was awful .",negative
"For me, Best purchase I have made in a long time .",positive
"Personally, What a horrible experience today #twitter",negative
"Just saying, This is not what I wanted honestly.",negative
"For me, Worst purchase I have made today.",negative
"Personally, Such a horrible day .",negative
"Personally, Best purchase I have made in a long time right now.",positive
"Today, The application has been updated in my opinion.",neutral
This update is awesome .,positive
"Honestly, I am impressed with the quality in my opinion.",positive
"For me, This update is terrible in my opinion.",negative
"After trying it, This update is awesome .",positive
"In my opinion, The product is available in three colors .",neutral
"Honestly, The team did an amazing job honestly.",positive
"For me, I am satisfied with the results .",positive
I absolutely love this product after trying it.,positive
"Just saying, The event starts at 6 PM .",neutral
"Personally, The meeting is scheduled for tomorrow today.",neutral
"Right now, I absolutely hate this product right now.",negative
"After trying it, The new features are brilliant #review",positive
"After trying it, The event starts at 6 PM .",neutral
"After trying it, I really disliked this experience .",negative
"Honestly, Such a beautiful day honestly.",positive
"Today, The team will meet next week .",neutral
"Right now, The team did an amazing job .",positive
I highly recommend this .,positive
I would not recommend this #twitter,negative
"After trying it, The new features are brilliant after trying it.",positive
"After trying it, Absolutely awful experience .",negative
"For me, The team did a terrible job",negative
"Overall, This update is awesome .",positive
"Today, What a wonderful experience today .",positive
"Just saying, This made my day so much better .",positive
I watched the latest episode .,neutral
"Honestly, I am checking the latest information .",neutral
"Just saying, Feeling great and positive today after trying it.",positive
"Honestly, I am checking the latest information #twitter",neutral
"After trying it, The flight is scheduled for Monday .",neutral
"Right now, I absolutely hate this product after trying it.",negative
"Overall, I am very disappointed with the results .",negative
"In my opinion, The product is available in three colors .",neutral
"After trying it, The website is currently available .",neutral
"Just saying, The service was excellent .",positive
"Today, I am disappointed with the quality .",negative
"In my opinion, I am impressed with the quality in my opinion.",positive
"Overall, I am unhappy with the results .",negative
"For me, I am checking the latest information #twitter",neutral
"Overall, This made my day so much better .",positive
"For me, I would not recommend this .",negative
"In my opinion, The service was awful #review",negative
"Today, Everything went completely wrong .",negative
"Honestly, The website is currently available today.",neutral
"Overall, The team did a terrible job .",negative
"For me, This movie was fantastic in my opinion.",positive
"Today, Such a horrible day",negative
"After trying it, I absolutely hate this product .",negative
"Right now, The temperature is around 25 degrees .",neutral
"Personally, The team will meet next week honestly.",neutral
"Today, Feeling great and positive today after trying it.",positive
"Honestly, This is amazing and works perfectly in my opinion.",positive
"Today, The event starts at 6 PM .",neutral
"After trying it, The flight is scheduled for Monday .",neutral
This update is awesome #twitter,positive
"Personally, The results will be announced later",neutral
"After trying it, I would not recommend this .",negative
"In my opinion, What a horrible experience today .",negative
"Right now, I am unhappy with the results .",negative
"Overall, The team will meet next week #review",neutral
"Just saying, Such a beautiful day today.",positive
"Just saying, I am very happy with the results",positive
"Honestly, The application has been updated after trying it.",neutral
"Overall, This is not what I wanted .",negative
This update is awesome .,positive
"Overall, This made my day so much better .",positive
I absolutely love this product .,positive
"Personally, The new features are brilliant in my opinion.",positive
"Just saying, I am satisfied with the results today.",positive
"Overall, I am disappointed with the quality .",negative
Such a horrible day .,negative
"For me, The weather is cloudy today after trying it.",neutral
"After trying it, I highly recommend this .",positive
"Just saying, I really enjoyed this experience .",positive
"Personally, This made my day so much better .",positive
"Personally, Worst purchase I have made .",negative
"After trying it, What a horrible experience today .",negative
"Personally, Absolutely fantastic experience .",positive
"Honestly, This update is awesome",positive
"Right now, This made my day so much better .",positive
"After trying it, Worst purchase I have made",negative
"After trying it, I really disliked this experience after trying it.",negative
I am impressed with the quality .,positive
"In my opinion, The flight is scheduled for Monday .",neutral
"Overall, What a horrible experience today .",negative
"After trying it, Feeling great and positive today .",positive
"Just saying, What a wonderful experience today .",positive
"For me, I really disliked this experience",negative
"Overall, This update is terrible .",negative
"Right now, Such a beautiful day .",positive
"For me, This made my day so much better right now.",positive
"Today, The temperature is around 25 degrees after trying it.",neutral
"Overall, Such a beautiful day .",positive
Worst purchase I have made right now.,negative
"Honestly, This made my day so much better #review",positive
"In my opinion, Everything went completely wrong #review",negative
"After trying it, This made my day so much better after trying it.",positive
"Personally, I really enjoyed this experience #review",positive
"Overall, The class begins at 10 AM honestly.",neutral
"Personally, The product is available in three colors today.",neutral
"Today, This update is terrible .",negative
"In my opinion, This is terrible and does not work right now.",negative
"After trying it, The weather is cloudy today .",neutral
"Honestly, The service was excellent .",positive
The store opens at 9 AM #review,neutral
"Overall, This is exactly what I wanted honestly.",positive
"Personally, The application has been updated .",neutral
"Honestly, The package contains two items .",neutral
"Right now, I am very happy with the results .",positive
"Personally, The flight is scheduled for Monday .",neutral
"For me, I watched the latest episode #review",neutral
"Personally, I am very happy with the results #review",positive
"For me, Such a beautiful day .",positive
"Personally, This movie was extremely boring right now.",negative
"For me, I am impressed with the quality .",positive
Best purchase I have made in a long time #review,positive
"Right now, This is not what I wanted today.",negative
"In my opinion, This is exactly what I wanted honestly.",positive
"Honestly, The product is available in three colors .",neutral
"Honestly, The weather is cloudy today .",neutral
"Personally, Feeling great and positive today .",positive
The train arrived at the station,neutral
"Just saying, I am disappointed with the quality in my opinion.",negative
The meeting is scheduled for tomorrow #review,neutral
"In my opinion, I absolutely love this product .",positive
"Today, Worst purchase I have made in my opinion.",negative
"Personally, Worst purchase I have made in my opinion.",negative
"Honestly, Such a beautiful day .",positive
"After trying it, This update is awesome .",positive
"Right now, I am very happy with the results after trying it.",positive
"In my opinion, I absolutely love this product .",positive
"Today, The package contains two items right now.",neutral
"Overall, The new features are brilliant #twitter",positive
"Just saying, This update is awesome",positive
"For me, The package contains two items",neutral
"Today, I am disappointed with the quality .",negative
"After trying it, I would not recommend this #twitter",negative
"In my opinion, The new features are useless .",negative
"Honestly, I am impressed with the quality honestly.",positive
"Personally, I received the package this morning right now.",neutral
"Overall, Absolutely fantastic experience right now.",positive
"Today, The weather is cloudy today #twitter",neutral
"Honestly, This is amazing and works perfectly today.",positive
"For me, I really disliked this experience .",negative
"Right now, I absolutely love this product honestly.",positive
"Just saying, The service was excellent .",positive
Feeling frustrated and disappointed today in my opinion.,negative
I am reading the news right now after trying it.,neutral
"Overall, The class begins at 10 AM .",neutral
"For me, The weather is cloudy today .",neutral
"For me, I am satisfied with the results right now.",positive
"For me, The package contains two items .",neutral
"Right now, The application has been updated in my opinion.",neutral
"In my opinion, This is amazing and works perfectly .",positive
"Just saying, The meeting is scheduled for tomorrow .",neutral
"Just saying, The company released a new announcement .",neutral
"Today, The meeting is scheduled for tomorrow .",neutral
"For me, The report was published today #twitter",neutral
"In my opinion, Absolutely fantastic experience .",positive
"Just saying, I am very happy with the results #twitter",positive
"Today, The product is available in three colors #review",neutral
"For me, I am satisfied with the results after trying it.",positive
"Honestly, Such a horrible day right now.",negative
"After trying it, What a wonderful experience today .",positive
"Today, The package contains two items .",neutral
"Today, I really disliked this experience right now.",negative
"Overall, The application has been updated .",neutral
"Just saying, Absolutely fantastic experience",positive
"Honestly, The train arrived at the station .",neutral
The product is available in three colors after trying it.,neutral
"In my opinion, Such a horrible day in my opinion.",negative
"Overall, Such a beautiful day .",positive
"In my opinion, Worst purchase I have made right now.",negative
"Today, I am very happy with the results",positive
"Honestly, I really enjoyed this experience .",positive
"Today, This made my day much worse after trying it.",negative
"Just saying, The train arrived at the station honestly.",neutral
"Today, Everything worked perfectly #twitter",positive
"Overall, Everything worked perfectly .",positive
"In my opinion, The package contains two items after trying it.",neutral
"Just saying, This is amazing and works perfectly in my opinion.",positive
"Overall, This movie was extremely boring .",negative
"For me, I absolutely love this product .",positive
"Right now, Such a horrible day",negative
"Honestly, The new features are useless .",negative
"Personally, The service was awful",negative
"Overall, The store opens at 9 AM .",neutral
"After trying it, Best purchase I have made in a long time",positive
The team did an amazing job #twitter,positive
"In my opinion, The train arrived at the station",neutral
"Right now, The product is available in three colors honestly.",neutral
This is not what I wanted honestly.,negative
"Right now, This is exactly what I wanted .",positive
"For me, The website is currently available .",neutral
"Overall, The application has been updated right now.",neutral
"For me, Such a beautiful day in my opinion.",positive
"For me, I am disappointed with the quality .",negative
"Today, The package contains two items .",neutral
"Honestly, I received the package this morning in my opinion.",neutral
"Overall, I absolutely love this product honestly.",positive
"For me, I am impressed with the quality #twitter",positive
"Honestly, Such a beautiful day .",positive
"Just saying, The team will meet next week",neutral
"Personally, The report was published today .",neutral
"In my opinion, The report was published today right now.",neutral
"Overall, I absolutely hate this product .",negative
The new features are useless honestly.,negative
"In my opinion, I am impressed with the quality right now.",positive
"Today, I am impressed with the quality .",positive
"Right now, The service was awful #review",negative
"Right now, I am very disappointed with the results .",negative
"Today, The service was excellent .",positive
"After trying it, What a horrible experience today .",negative
"Just saying, What a horrible experience today .",negative
"Honestly, I am satisfied with the results #twitter",positive
"Right now, The new features are brilliant #twitter",positive
"For me, The temperature is around 25 degrees .",neutral
"In my opinion, Such a horrible day",negative
"After trying it, I am satisfied with the results .",positive
"In my opinion, The flight is scheduled for Monday .",neutral
"Just saying, Such a horrible day .",negative
"Overall, The team did an amazing job after trying it.",positive
"Just saying, The event starts at 6 PM .",neutral
"Honestly, The results will be announced later right now.",neutral
"Right now, The team did a terrible job .",negative
"Just saying, What a wonderful experience today .",positive
"After trying it, This is terrible and does not work",negative
"Honestly, I am satisfied with the results .",positive
"After trying it, Feeling frustrated and disappointed today .",negative
"Honestly, I absolutely love this product in my opinion.",positive
"Just saying, I highly recommend this after trying it.",positive
"After trying it, The new features are useless .",negative
"For me, The weather is cloudy today .",neutral
"Just saying, I am satisfied with the results .",positive
"Today, This movie was fantastic .",positive
"Personally, The team will meet next week after trying it.",neutral
"Personally, This is amazing and works perfectly .",positive
"Today, The train arrived at the station",neutral
"Personally, This is not what I wanted in my opinion.",negative
"In my opinion, The service was awful #review",negative
"Just saying, The report was published today .",neutral
"Overall, The team will meet next week .",neutral
Everything worked perfectly .,positive
"Today, Such a beautiful day right now.",positive
"After trying it, I am checking the latest information honestly.",neutral
"For me, The product is available in three colors .",neutral
"Overall, The package contains two items .",neutral
"In my opinion, The team will meet next week after trying it.",neutral
"For me, The temperature is around 25 degrees honestly.",neutral
"In my opinion, This update is terrible in my opinion.",negative
"Personally, This update is awesome .",positive
"Overall, This update is awesome in my opinion.",positive
"Personally, I am impressed with the quality in my opinion.",positive
"Right now, I am disappointed with the quality in my opinion.",negative
"Right now, Feeling frustrated and disappointed today .",negative
"Just saying, Such a beautiful day",positive
"Overall, I watched the latest episode right now.",neutral
"After trying it, The application has been updated right now.",neutral
"In my opinion, Feeling frustrated and disappointed today in my opinion.",negative
"After trying it, The product is available in three colors #review",neutral
"Right now, What a horrible experience today .",negative
"In my opinion, Everything went completely wrong right now.",negative
"Right now, I really enjoyed this experience honestly.",positive
Everything went completely wrong after trying it.,negative
"In my opinion, Such a horrible day right now.",negative
"Personally, I absolutely hate this product after trying it.",negative
"Right now, The train arrived at the station in my opinion.",neutral
"After trying it, The report was published today .",neutral
"Personally, The team will meet next week after trying it.",neutral
"In my opinion, This is not what I wanted .",negative
"After trying it, The team will meet next week #twitter",neutral
"Honestly, This movie was fantastic .",positive
"Honestly, This update is awesome",positive
"Today, The store opens at 9 AM today.",neutral
"Right now, The event starts at 6 PM today.",neutral
"Overall, The temperature is around 25 degrees .",neutral
"Overall, The product is available in three colors today.",neutral
"Overall, I am satisfied with the results .",positive
"For me, The service was awful",negative
"Personally, Absolutely awful experience .",negative
"Right now, I highly recommend this .",positive
"Honestly, Such a horrible day .",negative
"For me, The website is currently available",neutral
"In my opinion, This update is awesome .",positive
"Today, Worst purchase I have made .",negative
"In my opinion, I absolutely love this product .",positive
"Right now, This update is terrible .",negative
"For me, This made my day so much better #twitter",positive
"Personally, I am satisfied with the results right now.",positive
"After trying it, The new features are useless after trying it.",negative
"Just saying, This update is awesome .",positive
"After trying it, The team will meet next week after trying it.",neutral
"In my opinion, The flight is scheduled for Monday .",neutral
"Just saying, Everything went completely wrong #review",negative
"In my opinion, What a wonderful experience today .",positive
"Just saying, This is not what I wanted .",negative
"Today, Such a horrible day honestly.",negative
"Today, Feeling great and positive today .",positive
"Overall, I am satisfied with the results .",positive
"For me, I would not recommend this honestly.",negative
I am reading the news right now honestly.,neutral
"Today, The weather is cloudy today in my opinion.",neutral
"In my opinion, The report was published today after trying it.",neutral
"Overall, The team did a terrible job .",negative
"In my opinion, The team did an amazing job honestly.",positive
The event starts at 6 PM today.,neutral
"Personally, I am reading the news right now #review",neutral
"Today, The train arrived at the station",neutral
"Today, This is terrible and does not work .",negative
"Right now, This is terrible and does not work today.",negative
"Overall, The team did a terrible job .",negative
"In my opinion, This is amazing and works perfectly .",positive
"Overall, This is terrible and does not work .",negative
"Right now, The team did an amazing job .",positive
"After trying it, The class begins at 10 AM .",neutral
This made my day so much better .,positive
"Overall, This is exactly what I wanted honestly.",positive
"For me, I am impressed with the quality .",positive
"Personally, This is exactly what I wanted after trying it.",positive
"Today, The application has been updated right now.",neutral
"Today, Such a horrible day",negative
"Just saying, I am disappointed with the quality .",negative
"Right now, This is amazing and works perfectly #review",positive
"After trying it, Absolutely awful experience .",negative
"Honestly, The product is available in three colors .",neutral
"Honestly, This made my day so much better",positive
"In my opinion, I am unhappy with the results .",negative
"For me, Best purchase I have made in a long time today.",positive
"After trying it, This is not what I wanted in my opinion.",negative
"Right now, Best purchase I have made in a long time honestly.",positive
"Today, I would not recommend this after trying it.",negative
"After trying it, Best purchase I have made in a long time honestly.",positive
"For me, Everything worked perfectly after trying it.",positive
"After trying it, I would not recommend this .",negative
"Today, The new features are useless in my opinion.",negative
"For me, Such a horrible day",negative
"Overall, Feeling great and positive today honestly.",positive
"In my opinion, This update is terrible after trying it.",negative
"Overall, Such a horrible day today.",negative
"Overall, I really disliked this experience after trying it.",negative
"Personally, The flight is scheduled for Monday honestly.",neutral
"Personally, This update is awesome .",positive
"In my opinion, Best purchase I have made in a long time .",positive
"Honestly, The team did an amazing job .",positive
"Today, The class begins at 10 AM #twitter",neutral
"Honestly, The package contains two items .",neutral
"Right now, This made my day much worse today.",negative
"Today, This is exactly what I wanted .",positive
"Today, The service was excellent .",positive
"After trying it, The meeting is scheduled for tomorrow right now.",neutral
"Just saying, The results will be announced later #review",neutral
"After trying it, The new features are useless #review",negative
"For me, This made my day so much better after trying it.",positive
"Overall, I really enjoyed this experience",positive
"Personally, I am very disappointed with the results .",negative
"Overall, The team did an amazing job after trying it.",positive
"Today, The weather is cloudy today .",neutral
The company released a new announcement in my opinion.,neutral
I am reading the news right now right now.,neutral
"Today, The company released a new announcement today.",neutral
I am impressed with the quality .,positive
"Just saying, The company released a new announcement right now.",neutral
"Right now, This update is terrible .",negative
"For me, This update is awesome #twitter",positive
The new features are brilliant #review,positive
"After trying it, I received the package this morning .",neutral
"For me, Worst purchase I have made honestly.",negative
"Just saying, The package contains two items in my opinion.",neutral
"Honestly, This update is terrible",negative
"After trying it, The service was awful after trying it.",negative
"Overall, Best purchase I have made in a long time right now.",positive
"For me, I would not recommend this honestly.",negative
"Just saying, The new features are brilliant after trying it.",positive
"Right now, The application has been updated after trying it.",neutral
"Overall, The product is available in three colors #twitter",neutral
"After trying it, This made my day much worse #twitter",negative
"In my opinion, This is not what I wanted",negative
"Personally, I would not recommend this .",negative
I received the package this morning .,neutral
"For me, Feeling frustrated and disappointed today .",negative
"After trying it, I highly recommend this .",positive
The event starts at 6 PM,neutral
"Just saying, The product is available in three colors .",neutral
"Just saying, I watched the latest episode #twitter",neutral
"In my opinion, I really enjoyed this experience .",positive
Such a horrible day .,negative
"Right now, The team did a terrible job #review",negative
"Just saying, I am impressed with the quality .",positive
"Personally, This made my day much worse .",negative
"Overall, I am disappointed with the quality .",negative
"Personally, What a wonderful experience today .",positive
"Right now, Best purchase I have made in a long time #review",positive
"Overall, Everything worked perfectly .",positive
"Today, I am reading the news right now",neutral
What a horrible experience today in my opinion.,negative
"For me, The product is available in three colors after trying it.",neutral
I highly recommend this #review,positive
The product is available in three colors today.,neutral
"Today, I absolutely hate this product today.",negative
"After trying it, This is exactly what I wanted .",positive
"Today, The team did a terrible job .",negative
"Personally, The company released a new announcement #review",neutral
"Today, I absolutely love this product .",positive
"Right now, I absolutely love this product in my opinion.",positive
"After trying it, Best purchase I have made in a long time .",positive
"Today, The product is available in three colors .",neutral
Everything went completely wrong honestly.,negative
"Overall, The new features are useless .",negative
"In my opinion, What a horrible experience today honestly.",negative
This made my day so much better .,positive
"In my opinion, I watched the latest episode .",neutral
"Honestly, I highly recommend this .",positive
"Personally, Feeling great and positive today #twitter",positive
"For me, What a wonderful experience today #review",positive
"Overall, The service was awful #twitter",negative
"Right now, What a horrible experience today after trying it.",negative
"Personally, Feeling great and positive today",positive
"Honestly, I am reading the news right now .",neutral
"Just saying, This is terrible and does not work honestly.",negative
"Personally, This made my day much worse today.",negative
"Right now, I watched the latest episode .",neutral
"For me, The service was awful today.",negative
"Right now, The new features are useless today.",negative
"Right now, This made my day so much better .",positive
"In my opinion, This movie was fantastic #review",positive
"Today, The meeting is scheduled for tomorrow .",neutral
"For me, This is amazing and works perfectly honestly.",positive
"Overall, What a wonderful experience today #twitter",positive
"Honestly, I am checking the latest information",neutral
"Just saying, I received the package this morning today.",neutral
The team did an amazing job .,positive
"Personally, This is not what I wanted .",negative
"For me, I am unhappy with the results right now.",negative
Feeling frustrated and disappointed today .,negative
"Today, The event starts at 6 PM after trying it.",neutral
"Honestly, The application has been updated #review",neutral
"Honestly, The flight is scheduled for Monday right now.",neutral
"Just saying, Feeling frustrated and disappointed today",negative
"Today, I watched the latest episode .",neutral
"Just saying, This movie was extremely boring .",negative
"Honestly, I absolutely hate this product",negative
"Today, I am disappointed with the quality today.",negative
"For me, The service was excellent .",positive
"Today, What a wonderful experience today .",positive
"For me, I am disappointed with the quality #review",negative
"Honestly, I received the package this morning .",neutral
"Overall, Feeling great and positive today .",positive
"Just saying, What a horrible experience today .",negative
"Just saying, Best purchase I have made in a long time in my opinion.",positive
"Right now, This update is awesome .",positive
"Right now, I highly recommend this after trying it.",positive
"Personally, The store opens at 9 AM #review",neutral
"Personally, The train arrived at the station right now.",neutral
The results will be announced later .,neutral
"Honestly, I am unhappy with the results today.",negative
"Today, What a wonderful experience today .",positive
"Overall, The temperature is around 25 degrees right now.",neutral
"Personally, Everything went completely wrong today.",negative
"Overall, This made my day much worse .",negative
This made my day so much better #review,positive
"Personally, I am disappointed with the quality .",negative
"Personally, I really disliked this experience today.",negative
I am disappointed with the quality .,negative
"Overall, The package contains two items .",neutral
"Today, The team did a terrible job in my opinion.",negative
"In my opinion, I absolutely hate this product in my opinion.",negative
"Right now, Such a horrible day .",negative
"Today, The new features are useless #twitter",negative
"For me, The temperature is around 25 degrees .",neutral
"Personally, The new features are brilliant after trying it.",positive
"Personally, The new features are brilliant .",positive
"Personally, Such a beautiful day .",positive
"For me, This is terrible and does not work #twitter",negative
"For me, This update is terrible",negative
"After trying it, What a wonderful experience today right now.",positive
"Just saying, I really enjoyed this experience .",positive
"Right now, This is not what I wanted .",negative
"After trying it, This is terrible and does not work in my opinion.",negative
"Personally, The package contains two items .",neutral
I am very disappointed with the results .,negative
"After trying it, The train arrived at the station .",neutral
"Honestly, This is not what I wanted .",negative
"Honestly, I really disliked this experience .",negative
"Personally, This movie was extremely boring today.",negative
"Today, I absolutely love this product .",positive
"Right now, I really disliked this experience #review",negative
"In my opinion, I highly recommend this .",positive
The flight is scheduled for Monday #review,neutral
"Overall, Feeling frustrated and disappointed today #review",negative
"For me, The package contains two items honestly.",neutral
"Right now, This update is terrible after trying it.",negative
"In my opinion, The weather is cloudy today .",neutral
"Today, I am satisfied with the results honestly.",positive
"In my opinion, Feeling great and positive today #review",positive
"Right now, I absolutely love this product .",positive
"Honestly, The team did an amazing job .",positive
"Overall, The meeting is scheduled for tomorrow .",neutral
"After trying it, I really disliked this experience in my opinion.",negative
"Personally, I watched the latest episode .",neutral
"Right now, This is not what I wanted .",negative
"Just saying, The team did a terrible job in my opinion.",negative
"Overall, Everything worked perfectly right now.",positive
"For me, The team did an amazing job #twitter",positive
Feeling frustrated and disappointed today right now.,negative
"Just saying, The new features are useless after trying it.",negative
"Personally, Such a beautiful day in my opinion.",positive
"Just saying, I am reading the news right now after trying it.",neutral
"Honestly, I absolutely hate this product .",negative
"Personally, Best purchase I have made in a long time after trying it.",positive
"After trying it, Worst purchase I have made #twitter",negative
"For me, I am very happy with the results .",positive
"Overall, This made my day much worse .",negative
"Overall, The product is available in three colors .",neutral
I received the package this morning .,neutral
"In my opinion, I watched the latest episode .",neutral
"Just saying, I would not recommend this .",negative
The team did an amazing job .,positive
"Today, The service was awful .",negative
"In my opinion, I am reading the news right now after trying it.",neutral
"Just saying, This is not what I wanted .",negative
"For me, Everything worked perfectly right now.",positive
"Right now, This made my day much worse",negative
"In my opinion, Best purchase I have made in a long time .",positive
"Personally, This is terrible and does not work right now.",negative
"Today, The service was excellent .",positive
"In my opinion, Absolutely fantastic experience after trying it.",positive
"For me, Feeling great and positive today .",positive
"After trying it, This is not what I wanted .",negative
"After trying it, I would not recommend this right now.",negative
"Just saying, This update is terrible .",negative
"Honestly, The meeting is scheduled for tomorrow",neutral
"Today, I highly recommend this #review",positive
"Overall, The weather is cloudy today .",neutral
"Just saying, I am very disappointed with the results .",negative
"Right now, The service was awful",negative
"Just saying, This update is terrible .",negative
"Honestly, The event starts at 6 PM .",neutral
"Overall, I absolutely love this product",positive
"Just saying, Everything worked perfectly .",positive
"After trying it, I watched the latest episode #review",neutral
"Honestly, The weather is cloudy today in my opinion.",neutral
"After trying it, Worst purchase I have made honestly.",negative
Everything worked perfectly .,positive
"Right now, This made my day much worse right now.",negative
I am very disappointed with the results .,negative
I am unhappy with the results,negative
"Overall, The new features are useless .",negative
"Overall, This is terrible and does not work in my opinion.",negative
"After trying it, The temperature is around 25 degrees",neutral
"Just saying, The event starts at 6 PM #review",neutral
Best purchase I have made in a long time .,positive
"For me, I really enjoyed this experience .",positive
"Today, I really enjoyed this experience",positive
"For me, What a wonderful experience today .",positive
"Right now, I am satisfied with the results #review",positive
"For me, I am checking the latest information .",neutral
"Overall, The weather is cloudy today #review",neutral
"Personally, I am satisfied with the results",positive
"Personally, The product is available in three colors .",neutral
"Today, This is not what I wanted .",negative
"Right now, This movie was fantastic .",positive
What a horrible experience today .,negative
"In my opinion, I would not recommend this",negative
"Today, The team will meet next week",neutral
"Personally, This update is awesome honestly.",positive
This made my day much worse .,negative
"Right now, I watched the latest episode .",neutral
"Today, This movie was fantastic .",positive
"Personally, I am satisfied with the results right now.",positive
"Right now, The service was awful .",negative
"In my opinion, The meeting is scheduled for tomorrow in my opinion.",neutral
"Today, This made my day much worse .",negative
"Today, The new features are brilliant today.",positive
"After trying it, The product is available in three colors after trying it.",neutral
"Today, This update is terrible #twitter",negative
"Personally, The class begins at 10 AM .",neutral
"Today, The team did an amazing job .",positive
I am satisfied with the results .,positive
The service was awful #twitter,negative
"After trying it, Feeling frustrated and disappointed today .",negative
"After trying it, Absolutely awful experience today.",negative
Absolutely fantastic experience .,positive
"Personally, Absolutely fantastic experience .",positive
"Personally, The service was excellent today.",positive
"Today, Best purchase I have made in a long time after trying it.",positive
"Overall, Everything worked perfectly today.",positive
"Just saying, The store opens at 9 AM .",neutral
"Overall, I received the package this morning .",neutral
"Honestly, The company released a new announcement right now.",neutral
"Overall, The service was awful in my opinion.",negative
"In my opinion, The product is available in three colors .",neutral
"Honestly, Absolutely fantastic experience #review",positive
"Just saying, This is terrible and does not work #review",negative
"Overall, I received the package this morning .",neutral
"Honestly, Such a horrible day",negative
"Honestly, This movie was extremely boring .",negative
"In my opinion, This is exactly what I wanted .",positive
"Today, The team did an amazing job in my opinion.",positive
"Just saying, I watched the latest episode .",neutral
"For me, The team did an amazing job right now.",positive
"For me, This made my day so much better .",positive
"Honestly, The company released a new announcement .",neutral
Best purchase I have made in a long time today.,positive
"Personally, Absolutely fantastic experience #review",positive
"Honestly, I am impressed with the quality .",positive
"After trying it, I am very disappointed with the results after trying it.",negative
"Today, This is terrible and does not work honestly.",negative
"For me, The new features are useless in my opinion.",negative
"Overall, This made my day much worse",negative
"In my opinion, This is terrible and does not work today.",negative
"Just saying, The new features are brilliant honestly.",positive
"In my opinion, I am impressed with the quality after trying it.",positive
"Overall, Absolutely fantastic experience #twitter",positive
"In my opinion, I would not recommend this .",negative
"Personally, The train arrived at the station #review",neutral
"Personally, What a horrible experience today .",negative
"After trying it, The event starts at 6 PM .",neutral
"Overall, Everything went completely wrong .",negative
"Right now, I absolutely love this product today.",positive
"For me, The report was published today .",neutral
"For me, What a wonderful experience today .",positive
"For me, I really disliked this experience in my opinion.",negative
"Right now, Feeling frustrated and disappointed today .",negative
"Personally, The package contains two items",neutral
"For me, I am satisfied with the results right now.",positive
"After trying it, The product is available in three colors honestly.",neutral
"Overall, Everything worked perfectly .",positive
"In my opinion, The team will meet next week .",neutral
"For me, I am impressed with the quality",positive
"After trying it, Everything went completely wrong .",negative
"Personally, This made my day much worse .",negative
"In my opinion, This movie was fantastic .",positive
"In my opinion, The website is currently available .",neutral
"Today, I am impressed with the quality after trying it.",positive
"Today, The temperature is around 25 degrees .",neutral
"Right now, I am satisfied with the results #review",positive
"Personally, I am unhappy with the results after trying it.",negative
"After trying it, I am unhappy with the results after trying it.",negative
"After trying it, This is exactly what I wanted .",positive
"Right now, Absolutely fantastic experience right now.",positive
"Overall, I am disappointed with the quality today.",negative
"Overall, Such a beautiful day in my opinion.",positive
"Right now, Such a beautiful day in my opinion.",positive
"For me, The service was excellent #twitter",positive
"Just saying, I watched the latest episode today.",neutral
"Today, The class begins at 10 AM .",neutral
"Today, Feeling great and positive today .",positive
"In my opinion, The service was excellent .",positive
"Just saying, This update is awesome .",positive
Everything worked perfectly,positive
I received the package this morning honestly.,neutral
"For me, I am disappointed with the quality right now.",negative
"Honestly, Absolutely awful experience honestly.",negative
"Honestly, Everything went completely wrong .",negative
"Right now, The team did an amazing job",positive
"Today, The package contains two items .",neutral
"In my opinion, I am impressed with the quality right now.",positive
"In my opinion, What a horrible experience today .",negative
"Just saying, Such a horrible day .",negative
"Honestly, I am satisfied with the results .",positive
"For me, This is not what I wanted #review",negative
"Personally, I watched the latest episode today.",neutral
"Overall, I absolutely hate this product .",negative
"Right now, The website is currently available right now.",neutral
"Today, This movie was extremely boring right now.",negative
"After trying it, What a horrible experience today .",negative
This movie was fantastic .,positive
"Today, I am disappointed with the quality .",negative
"For me, The website is currently available .",neutral
"Right now, The service was awful honestly.",negative
"Just saying, This is terrible and does not work .",negative
The service was awful .,negative
"Just saying, The service was awful .",negative
"Honestly, I am checking the latest information",neutral
"Right now, The website is currently available .",neutral
I am unhappy with the results .,negative
"Personally, I absolutely love this product .",positive
"Right now, This is not what I wanted honestly.",negative
"Just saying, This made my day so much better after trying it.",positive
"Honestly, Worst purchase I have made .",negative
"Overall, This is terrible and does not work .",negative
"After trying it, Absolutely awful experience .",negative
"After trying it, The company released a new announcement honestly.",neutral
"Right now, I really enjoyed this experience .",positive
"Today, Feeling frustrated and disappointed today after trying it.",negative
"Right now, Feeling great and positive today .",positive
I watched the latest episode .,neutral
"Overall, The service was awful .",negative
"In my opinion, Absolutely fantastic experience #review",positive
The temperature is around 25 degrees after trying it.,neutral
"For me, This is amazing and works perfectly .",positive
"Today, I am impressed with the quality .",positive
"For me, I absolutely hate this product .",negative
"After trying it, The team will meet next week .",neutral
"Overall, The class begins at 10 AM honestly.",neutral
"Honestly, I received the package this morning in my opinion.",neutral
I am disappointed with the quality honestly.,negative
"Personally, Feeling great and positive today .",positive
"Right now, I highly recommend this #review",positive
"In my opinion, The service was awful .",negative
"Personally, I received the package this morning .",neutral
"Personally, Feeling great and positive today .",positive
"In my opinion, The service was awful #twitter",negative
"Today, The event starts at 6 PM",neutral
"Right now, The new features are useless .",negative
"Personally, Feeling great and positive today",positive
"After trying it, This made my day much worse #twitter",negative
"For me, I absolutely love this product in my opinion.",positive
"Today, I am reading the news right now after trying it.",neutral
"Personally, I highly recommend this #review",positive
"In my opinion, This update is terrible .",negative
"Personally, The website is currently available honestly.",neutral
"Honestly, The team did a terrible job honestly.",negative
"Honestly, What a horrible experience today .",negative
"After trying it, I watched the latest episode in my opinion.",neutral
"Right now, The product is available in three colors .",neutral
"Today, Absolutely awful experience honestly.",negative
"For me, What a wonderful experience today .",positive
"Right now, Absolutely awful experience in my opinion.",negative
"Right now, The weather is cloudy today today.",neutral
"After trying it, The service was excellent honestly.",positive
"For me, The class begins at 10 AM #twitter",neutral
"After trying it, I am impressed with the quality .",positive
"Today, This is not what I wanted .",negative
"Overall, This update is awesome .",positive
"Just saying, The product is available in three colors",neutral
"Personally, I watched the latest episode",neutral
"Right now, I absolutely hate this product .",negative
"Overall, The product is available in three colors #twitter",neutral
"Overall, The flight is scheduled for Monday",neutral
"In my opinion, The temperature is around 25 degrees #review",neutral
"After trying it, The product is available in three colors honestly.",neutral
This is exactly what I wanted .,positive
"Just saying, This update is terrible right now.",negative
"Overall, I am disappointed with the quality #review",negative
"After trying it, The store opens at 9 AM",neutral
"Right now, I would not recommend this .",negative
"For me, I really disliked this experience .",negative
"Today, The company released a new announcement .",neutral
The team did a terrible job .,negative
"In my opinion, The new features are brilliant #review",positive
"In my opinion, I watched the latest episode today.",neutral
"Today, The team did a terrible job .",negative
"Overall, The service was excellent .",positive
"Today, The company released a new announcement",neutral
"In my opinion, I really enjoyed this experience in my opinion.",positive
"Honestly, The event starts at 6 PM #twitter",neutral
"Right now, I am very happy with the results right now.",positive
"In my opinion, The store opens at 9 AM .",neutral
"Just saying, Absolutely fantastic experience .",positive
"Honestly, The product is available in three colors #review",neutral
"Just saying, I absolutely love this product #twitter",positive
"For me, The weather is cloudy today .",neutral
"Right now, Worst purchase I have made today.",negative
"Right now, I am checking the latest information today.",neutral
"In my opinion, The class begins at 10 AM",neutral
"Today, This movie was extremely boring .",negative
"Personally, The package contains two items",neutral
"Personally, This movie was fantastic right now.",positive
"Overall, This update is terrible honestly.",negative
"Overall, The class begins at 10 AM today.",neutral
"Right now, I really enjoyed this experience honestly.",positive
I am satisfied with the results #review,positive
"Honestly, Everything worked perfectly right now.",positive
"Right now, I am checking the latest information .",neutral
"Overall, Everything worked perfectly .",positive
"For me, I absolutely hate this product .",negative
"After trying it, This movie was fantastic after trying it.",positive
"Personally, The package contains two items .",neutral
"Honestly, Such a beautiful day .",positive
"Today, The team will meet next week #review",neutral
"In my opinion, The application has been updated .",neutral
"Just saying, I really enjoyed this experience #review",positive
"Just saying, This is amazing and works perfectly #review",positive
"After trying it, I absolutely hate this product honestly.",negative
"Honestly, This movie was fantastic right now.",positive
"After trying it, This made my day so much better in my opinion.",positive
"For me, This update is awesome .",positive
"After trying it, Everything worked perfectly .",positive
"Overall, The team will meet next week .",neutral
"Just saying, Everything worked perfectly .",positive
"Today, I absolutely hate this product",negative
"Just saying, The service was awful in my opinion.",negative
"Honestly, This update is terrible",negative
"Honestly, I am unhappy with the results",negative
"For me, The package contains two items .",neutral
"Today, Such a horrible day honestly.",negative
"After trying it, This movie was fantastic .",positive
"After trying it, The event starts at 6 PM #twitter",neutral
"Overall, This movie was extremely boring .",negative
"Right now, I highly recommend this right now.",positive
"In my opinion, I really disliked this experience .",negative
"Personally, I absolutely hate this product .",negative
"Honestly, The temperature is around 25 degrees",neutral
"Overall, I am very happy with the results .",positive
"Right now, This movie was extremely boring .",negative
"In my opinion, The service was awful .",negative
"Today, I absolutely love this product .",positive
I am disappointed with the quality .,negative
"For me, The weather is cloudy today .",neutral
This is amazing and works perfectly in my opinion.,positive
"Just saying, This update is awesome #twitter",positive
"Personally, This is not what I wanted .",negative
"For me, Best purchase I have made in a long time #twitter",positive
"Honestly, This movie was fantastic .",positive
"Overall, Absolutely awful experience honestly.",negative
"Overall, I am very happy with the results .",positive
"For me, I am unhappy with the results .",negative
"Honestly, This is exactly what I wanted .",positive
"Overall, I absolutely hate this product .",negative
"After trying it, I am disappointed with the quality .",negative
"In my opinion, I highly recommend this after trying it.",positive
"For me, I highly recommend this",positive
"In my opinion, I am very happy with the results .",positive
"Overall, The flight is scheduled for Monday #review",neutral
Everything went completely wrong after trying it.,negative
Such a horrible day .,negative
"Overall, The event starts at 6 PM .",neutral
"Honestly, This made my day so much better .",positive
"Today, This movie was extremely boring .",negative
"Right now, Everything went completely wrong in my opinion.",negative
"For me, The team did a terrible job .",negative
I am reading the news right now #twitter,neutral
"After trying it, This is exactly what I wanted after trying it.",positive
"In my opinion, The product is available in three colors .",neutral
"Today, Feeling frustrated and disappointed today .",negative
I highly recommend this .,positive
The store opens at 9 AM right now.,neutral
"Right now, I received the package this morning",neutral
"Overall, I absolutely love this product",positive
"Overall, Such a beautiful day #review",positive
"Personally, The store opens at 9 AM after trying it.",neutral
This is not what I wanted honestly.,negative
"Right now, I really disliked this experience .",negative
I really disliked this experience .,negative
"Today, I am reading the news right now honestly.",neutral
Feeling great and positive today .,positive
"Honestly, Everything worked perfectly honestly.",positive
"Overall, The team will meet next week right now.",neutral
"Personally, The team did a terrible job #review",negative
"Today, Worst purchase I have made #twitter",negative
"Honestly, The new features are brilliant in my opinion.",positive
"After trying it, This movie was extremely boring today.",negative
"Overall, I am satisfied with the results .",positive
"After trying it, The class begins at 10 AM #twitter",neutral
"After trying it, What a wonderful experience today .",positive
"Today, I am reading the news right now .",neutral
"Today, The new features are brilliant in my opinion.",positive
"Overall, The service was excellent",positive
"In my opinion, I am checking the latest information .",neutral
"For me, The website is currently available #review",neutral
"Right now, The website is currently available in my opinion.",neutral
"After trying it, Such a beautiful day",positive
"Right now, I received the package this morning .",neutral
Everything went completely wrong after trying it.,negative
"Right now, I really enjoyed this experience honestly.",positive
Such a horrible day .,negative
"Today, The team did an amazing job .",positive
"Overall, This update is awesome after trying it.",positive
"Overall, I am checking the latest information right now.",neutral
"Today, The meeting is scheduled for tomorrow",neutral
"In my opinion, The class begins at 10 AM in my opinion.",neutral
"In my opinion, The report was published today .",neutral
"Honestly, Absolutely fantastic experience .",positive
"For me, I am checking the latest information .",neutral
"Personally, I would not recommend this .",negative
"For me, This is terrible and does not work today.",negative
"Overall, Best purchase I have made in a long time right now.",positive
"After trying it, Absolutely fantastic experience honestly.",positive
"Today, This update is terrible .",negative
"Just saying, I watched the latest episode right now.",neutral
"Just saying, The report was published today .",neutral
"Just saying, This movie was fantastic .",positive
"For me, Everything worked perfectly today.",positive
"After trying it, The team did a terrible job .",negative
"In my opinion, The team did a terrible job .",negative
"Honestly, Everything went completely wrong .",negative
"Overall, This is not what I wanted after trying it.",negative
"Overall, The new features are brilliant .",positive
I received the package this morning .,neutral
"After trying it, I would not recommend this today.",negative
I really disliked this experience after trying it.,negative
"After trying it, What a wonderful experience today today.",positive
The application has been updated .,neutral
"Personally, This is amazing and works perfectly",positive
I am unhappy with the results today.,negative
"In my opinion, I really disliked this experience .",negative
"Overall, I am impressed with the quality #twitter",positive
Such a horrible day .,negative
"Just saying, I really enjoyed this experience #twitter",positive
"After trying it, This is amazing and works perfectly #twitter",positive
"Just saying, I would not recommend this .",negative
"After trying it, I really enjoyed this experience .",positive
I am satisfied with the results .,positive
"Today, The weather is cloudy today .",neutral
"Just saying, Feeling great and positive today .",positive
"For me, This is not what I wanted #review",negative
"Honestly, Feeling great and positive today .",positive
"For me, This is amazing and works perfectly today.",positive
"After trying it, This made my day so much better #review",positive
"Honestly, I am unhappy with the results in my opinion.",negative
"Honestly, I absolutely hate this product",negative
"After trying it, The class begins at 10 AM .",neutral
"For me, I absolutely love this product .",positive
"Just saying, What a wonderful experience today today.",positive
"Honestly, Best purchase I have made in a long time .",positive
"Just saying, The meeting is scheduled for tomorrow in my opinion.",neutral
"Honestly, Such a beautiful day after trying it.",positive
"In my opinion, I am very disappointed with the results after trying it.",negative
"For me, Everything went completely wrong .",negative
"Just saying, Such a horrible day .",negative
"After trying it, The package contains two items .",neutral
"Today, The flight is scheduled for Monday right now.",neutral
"Right now, The train arrived at the station .",neutral
Such a beautiful day after trying it.,positive
"In my opinion, I am satisfied with the results #review",positive
"Today, The package contains two items .",neutral
"Personally, The company released a new announcement .",neutral
"Just saying, This update is terrible #review",negative
"Honestly, Feeling great and positive today .",positive
"Overall, The website is currently available .",neutral
"For me, The website is currently available .",neutral
"For me, I watched the latest episode .",neutral
"For me, The website is currently available",neutral
"In my opinion, Such a beautiful day after trying it.",positive
"Just saying, I really disliked this experience .",negative
"Honestly, I am very disappointed with the results .",negative
"For me, The service was awful .",negative
"After trying it, Absolutely fantastic experience .",positive
"Honestly, I really disliked this experience .",negative
"After trying it, Such a beautiful day .",positive
"Just saying, I am satisfied with the results .",positive
"Honestly, This update is awesome .",positive
"Overall, The meeting is scheduled for tomorrow .",neutral
"Just saying, The report was published today .",neutral
"For me, Everything worked perfectly .",positive
"Today, This made my day so much better #twitter",positive
"In my opinion, This is terrible and does not work .",negative
"Honestly, I received the package this morning .",neutral
"Right now, The service was excellent #twitter",positive
"Honestly, I am reading the news right now in my opinion.",neutral
"Honestly, Worst purchase I have made .",negative
"In my opinion, The website is currently available .",neutral
"In my opinion, I highly recommend this in my opinion.",positive
"After trying it, The team did an amazing job #review",positive
"Overall, Feeling frustrated and disappointed today honestly.",negative
"Today, I am very happy with the results .",positive
"Honestly, The team did an amazing job .",positive
"Today, The new features are useless .",negative
"Overall, The weather is cloudy today honestly.",neutral
"Just saying, I am disappointed with the quality in my opinion.",negative
"Honestly, The results will be announced later .",neutral
"Honestly, Everything worked perfectly .",positive
The team did an amazing job .,positive
"Personally, Such a beautiful day .",positive
"After trying it, This made my day much worse .",negative
"Just saying, Absolutely awful experience today.",negative
"Just saying, The meeting is scheduled for tomorrow .",neutral
"Overall, The meeting is scheduled for tomorrow #twitter",neutral
This is amazing and works perfectly .,positive
"Right now, I am very happy with the results right now.",positive
"Right now, The application has been updated right now.",neutral
"Right now, What a wonderful experience today #twitter",positive
"Right now, Feeling frustrated and disappointed today #twitter",negative
"Just saying, I am impressed with the quality right now.",positive
"Overall, The class begins at 10 AM #twitter",neutral
"Overall, I am satisfied with the results .",positive
"After trying it, I am unhappy with the results honestly.",negative
"Honestly, This is not what I wanted .",negative
"In my opinion, Absolutely fantastic experience .",positive
"Right now, The class begins at 10 AM",neutral
"After trying it, Absolutely awful experience .",negative
"Today, Worst purchase I have made .",negative
"Honestly, What a horrible experience today after trying it.",negative
"Today, What a wonderful experience today right now.",positive
The flight is scheduled for Monday .,neutral
"Personally, I am very disappointed with the results .",negative
"Just saying, Such a beautiful day .",positive
"In my opinion, I am unhappy with the results .",negative
"For me, I highly recommend this honestly.",positive
"Right now, The new features are brilliant right now.",positive
"Just saying, The train arrived at the station today.",neutral
"After trying it, What a wonderful experience today #twitter",positive
"For me, This made my day much worse .",negative
"In my opinion, This made my day much worse #review",negative
"Overall, I absolutely hate this product #twitter",negative
"Just saying, The weather is cloudy today .",neutral
I am impressed with the quality in my opinion.,positive
"In my opinion, This update is terrible in my opinion.",negative
"Today, This made my day much worse .",negative
"For me, The website is currently available .",neutral
"Today, This update is awesome right now.",positive
"After trying it, I absolutely love this product .",positive
"Just saying, The team did an amazing job .",positive
"Overall, The team did an amazing job",positive
"Personally, This update is terrible",negative
"Overall, I am disappointed with the quality .",negative
"For me, Such a horrible day right now.",negative
"After trying it, This movie was extremely boring .",negative
"Honestly, I am reading the news right now .",neutral
"Right now, Such a horrible day .",negative
I am unhappy with the results .,negative
"After trying it, This made my day so much better .",positive
"Personally, I absolutely love this product .",positive
"Just saying, The service was awful #review",negative
"After trying it, This is exactly what I wanted right now.",positive
"After trying it, The website is currently available .",neutral
"Overall, The event starts at 6 PM .",neutral
"Just saying, Feeling great and positive today after trying it.",positive
"Personally, The application has been updated",neutral
"Right now, This is exactly what I wanted right now.",positive
"Overall, Such a beautiful day .",positive
"After trying it, Feeling frustrated and disappointed today .",negative
"Honestly, Absolutely fantastic experience after trying it.",positive
The team did a terrible job .,negative
"Just saying, This is amazing and works perfectly in my opinion.",positive
"Just saying, This is exactly what I wanted .",positive
"After trying it, This is exactly what I wanted today.",positive
"For me, Feeling great and positive today #twitter",positive
"In my opinion, What a horrible experience today #twitter",negative
"Honestly, The new features are useless right now.",negative
"Just saying, The package contains two items #twitter",neutral
"Just saying, Such a horrible day in my opinion.",negative
"For me, I am disappointed with the quality #review",negative
Feeling frustrated and disappointed today .,negative
"In my opinion, The results will be announced later .",neutral
"In my opinion, This update is terrible .",negative
"Just saying, I am impressed with the quality in my opinion.",positive
"Personally, The new features are useless .",negative
"Personally, The store opens at 9 AM .",neutral
"After trying it, Absolutely awful experience #review",negative
"After trying it, This is not what I wanted after trying it.",negative
Absolutely fantastic experience in my opinion.,positive
"After trying it, The company released a new announcement today.",neutral
"In my opinion, Such a horrible day .",negative
"Today, The team did a terrible job .",negative
"For me, Absolutely awful experience .",negative
"Right now, This update is awesome after trying it.",positive
This is terrible and does not work right now.,negative
"Overall, This made my day much worse .",negative
What a wonderful experience today .,positive
This movie was extremely boring .,negative
"Overall, The service was awful .",negative
"In my opinion, The results will be announced later after trying it.",neutral
"Just saying, The report was published today",neutral
"Just saying, I am impressed with the quality .",positive
"Today, This is amazing and works perfectly",positive
"In my opinion, Everything went completely wrong .",negative
I am very disappointed with the results .,negative
"Honestly, I really disliked this experience .",negative
"In my opinion, I watched the latest episode .",neutral
"Just saying, Feeling great and positive today #review",positive
"Personally, I highly recommend this today.",positive
"In my opinion, Feeling great and positive today today.",positive
"Just saying, Everything worked perfectly .",positive
"In my opinion, The new features are brilliant",positive
"In my opinion, I really disliked this experience",negative
"Just saying, The results will be announced later .",neutral
"In my opinion, The new features are useless honestly.",negative
"After trying it, I am very disappointed with the results #review",negative
"Just saying, This update is terrible",negative
"Right now, I am checking the latest information .",neutral
"After trying it, I am very happy with the results .",positive
"Honestly, I highly recommend this #review",positive
"For me, This is amazing and works perfectly .",positive
"For me, The train arrived at the station",neutral
The team did an amazing job .,positive
"Today, I am satisfied with the results .",positive
"Today, I am checking the latest information .",neutral
"Today, I would not recommend this in my opinion.",negative
"Overall, I am reading the news right now in my opinion.",neutral
"Just saying, Everything went completely wrong .",negative
"For me, This update is terrible today.",negative
"Right now, I am impressed with the quality today.",positive
"In my opinion, I really enjoyed this experience .",positive
"Overall, The class begins at 10 AM .",neutral
"After trying it, I am unhappy with the results .",negative
"Personally, The application has been updated .",neutral
"Honestly, I am impressed with the quality",positive
"For me, I absolutely hate this product",negative
"For me, The meeting is scheduled for tomorrow .",neutral
"Personally, I am satisfied with the results .",positive
"After trying it, The flight is scheduled for Monday #twitter",neutral
"For me, I really enjoyed this experience .",positive
"Honestly, Feeling frustrated and disappointed today",negative
"Just saying, The train arrived at the station after trying it.",neutral
The new features are useless .,negative
The website is currently available .,neutral
"Today, The new features are useless .",negative
"Honestly, The service was excellent .",positive
"Just saying, The meeting is scheduled for tomorrow .",neutral
"After trying it, I really enjoyed this experience #review",positive
"Honestly, I really enjoyed this experience today.",positive
This is exactly what I wanted .,positive
"Honestly, This made my day much worse .",negative
"Personally, I am checking the latest information today.",neutral
"Just saying, I am unhappy with the results .",negative
"Right now, This update is awesome .",positive
"Just saying, The team did a terrible job .",negative
"For me, The team will meet next week .",neutral
"After trying it, The class begins at 10 AM .",neutral
"Honestly, The product is available in three colors .",neutral
"Today, The team will meet next week .",neutral
"Overall, Best purchase I have made in a long time .",positive
"For me, The website is currently available #twitter",neutral
"For me, The train arrived at the station .",neutral
"Honestly, What a horrible experience today after trying it.",negative
"Right now, The package contains two items honestly.",neutral
"Just saying, Absolutely fantastic experience in my opinion.",positive
"For me, The new features are useless right now.",negative
"In my opinion, Absolutely awful experience honestly.",negative
"Right now, The meeting is scheduled for tomorrow .",neutral
"Right now, The store opens at 9 AM right now.",neutral
"For me, The team did a terrible job .",negative
"Personally, This update is terrible today.",negative
"For me, This is exactly what I wanted .",positive
"Right now, The train arrived at the station .",neutral
"Personally, I am reading the news right now #review",neutral
"Personally, Everything worked perfectly",positive
"In my opinion, I really disliked this experience .",negative
"Personally, The team did a terrible job right now.",negative
"Honestly, Everything went completely wrong .",negative
"Just saying, Such a horrible day honestly.",negative
"Just saying, Absolutely awful experience .",negative
"Today, Everything worked perfectly #review",positive
"Today, I really enjoyed this experience in my opinion.",positive
"For me, The product is available in three colors .",neutral
"After trying it, The service was awful .",negative
"After trying it, The package contains two items #twitter",neutral
"Today, This is amazing and works perfectly #review",positive
"Just saying, This made my day so much better .",positive
"In my opinion, Everything worked perfectly #review",positive
"After trying it, The meeting is scheduled for tomorrow honestly.",neutral
"Honestly, This is not what I wanted .",negative
"Today, Worst purchase I have made in my opinion.",negative
"In my opinion, This made my day so much better today.",positive
"For me, Absolutely fantastic experience .",positive
"Just saying, This made my day so much better #twitter",positive
"Just saying, What a horrible experience today",negative
The team did a terrible job honestly.,negative
Such a horrible day today.,negative
"After trying it, This movie was extremely boring .",negative
The new features are brilliant .,positive
"Honestly, The event starts at 6 PM .",neutral
"Personally, I am very happy with the results .",positive
"In my opinion, Feeling great and positive today today.",positive
"For me, The new features are useless #twitter",negative
"Overall, I highly recommend this today.",positive
"Today, I am checking the latest information .",neutral
"After trying it, The weather is cloudy today right now.",neutral
The class begins at 10 AM,neutral
This movie was extremely boring .,negative
"Right now, The event starts at 6 PM .",neutral
"Today, I watched the latest episode .",neutral
"Just saying, The package contains two items after trying it.",neutral
"In my opinion, I absolutely hate this product today.",negative
"After trying it, Feeling great and positive today right now.",positive
"Today, I would not recommend this .",negative
"Just saying, This is terrible and does not work #twitter",negative
"Overall, I am disappointed with the quality in my opinion.",negative
"Personally, I received the package this morning #twitter",neutral
"Personally, The application has been updated .",neutral
"Honestly, The weather is cloudy today honestly.",neutral
"Today, The train arrived at the station after trying it.",neutral
"Right now, I would not recommend this #twitter",negative
"After trying it, Everything worked perfectly .",positive
"Just saying, What a horrible experience today .",negative
"Overall, Such a beautiful day today.",positive
"In my opinion, The team did a terrible job",negative
"Just saying, The company released a new announcement honestly.",neutral
"In my opinion, This is not what I wanted #review",negative
"In my opinion, I am disappointed with the quality #review",negative
"After trying it, What a horrible experience today",negative
I am very happy with the results #review,positive
"In my opinion, This made my day much worse today.",negative
"For me, The team did a terrible job .",negative
"In my opinion, I really enjoyed this experience #review",positive
"Personally, I watched the latest episode .",neutral
"Today, What a wonderful experience today",positive
"Overall, I absolutely hate this product .",negative
"In my opinion, This movie was extremely boring .",negative
Absolutely awful experience .,negative
"Right now, I absolutely hate this product in my opinion.",negative
"Just saying, Worst purchase I have made honestly.",negative
"Honestly, The team did an amazing job .",positive
"For me, I am checking the latest information honestly.",neutral
"Overall, Feeling great and positive today #twitter",positive
"Right now, Feeling great and positive today right now.",positive
"Honestly, The report was published today .",neutral
"After trying it, Everything worked perfectly after trying it.",positive
"Just saying, Everything worked perfectly .",positive
"Just saying, The team did a terrible job right now.",negative
"Personally, The application has been updated .",neutral
"After trying it, I am disappointed with the quality",negative
"Personally, This is amazing and works perfectly .",positive
"Honestly, I absolutely hate this product honestly.",negative
I am disappointed with the quality honestly.,negative
"In my opinion, Feeling frustrated and disappointed today in my opinion.",negative
"Personally, I am very happy with the results .",positive
"In my opinion, I received the package this morning honestly.",neutral
"Personally, The weather is cloudy today .",neutral
The temperature is around 25 degrees after trying it.,neutral
"Right now, I absolutely love this product .",positive
"After trying it, This movie was extremely boring .",negative
"Honestly, Best purchase I have made in a long time #review",positive
"Today, The new features are useless #twitter",negative
"For me, I am very disappointed with the results",negative
"Personally, The new features are useless .",negative
"Right now, I am very happy with the results right now.",positive
This update is awesome #review,positive
I am very happy with the results after trying it.,positive
This made my day so much better #review,positive
The new features are useless right now.,negative
"Right now, I am unhappy with the results honestly.",negative
The temperature is around 25 degrees today.,neutral
"Overall, Everything worked perfectly .",positive
"Right now, I am satisfied with the results right now.",positive
"Honestly, I absolutely love this product .",positive
"Personally, This movie was extremely boring #review",negative
"Personally, What a wonderful experience today .",positive
"For me, I am impressed with the quality .",positive
"After trying it, What a wonderful experience today .",positive
"Just saying, The weather is cloudy today",neutral
"Just saying, The team will meet next week #twitter",neutral
"In my opinion, The weather is cloudy today .",neutral
"Right now, The service was awful .",negative
"After trying it, The weather is cloudy today",neutral
"Honestly, I highly recommend this",positive
"For me, This is exactly what I wanted honestly.",positive
"In my opinion, Best purchase I have made in a long time right now.",positive
"Just saying, This update is awesome",positive
The train arrived at the station .,neutral
"In my opinion, This is amazing and works perfectly",positive
The package contains two items,neutral
"Right now, The train arrived at the station .",neutral
"Just saying, The application has been updated .",neutral
"Right now, The new features are useless after trying it.",negative
"In my opinion, This is amazing and works perfectly .",positive
"Personally, I really enjoyed this experience",positive
I received the package this morning .,neutral
"Honestly, I absolutely hate this product .",negative
"Right now, Best purchase I have made in a long time in my opinion.",positive
"After trying it, The new features are useless .",negative
The company released a new announcement .,neutral
"Today, The class begins at 10 AM .",neutral
"Honestly, I really enjoyed this experience honestly.",positive
"Overall, The report was published today #twitter",neutral
"After trying it, The meeting is scheduled for tomorrow .",neutral
"Just saying, This update is terrible right now.",negative
"Personally, I am checking the latest information #twitter",neutral
"Just saying, The results will be announced later after trying it.",neutral
"For me, This movie was extremely boring .",negative
"Honestly, The team did a terrible job .",negative
I really disliked this experience .,negative
"For me, The weather is cloudy today .",neutral
"Right now, This is terrible and does not work .",negative
"Right now, Everything worked perfectly .",positive
"Right now, This made my day so much better .",positive
"Today, Feeling frustrated and disappointed today #review",negative
"After trying it, Such a beautiful day .",positive
"In my opinion, I am unhappy with the results right now.",negative
"Right now, The package contains two items .",neutral
"After trying it, This made my day much worse .",negative
"After trying it, I watched the latest episode #review",neutral
"In my opinion, Everything went completely wrong today.",negative
"After trying it, This movie was fantastic .",positive
"Just saying, I absolutely hate this product honestly.",negative
"Personally, I received the package this morning today.",neutral
"Today, Such a horrible day #review",negative
"Honestly, The team did an amazing job #twitter",positive
I absolutely love this product after trying it.,positive
"Overall, Absolutely awful experience",negative
"Right now, The service was awful .",negative
"Today, The service was excellent .",positive
"Just saying, I am satisfied with the results #twitter",positive
"Just saying, I would not recommend this",negative
"Honestly, This is amazing and works perfectly .",positive
"Honestly, I really disliked this experience .",negative
"Today, The team did an amazing job",positive
"Honestly, I am very disappointed with the results #review",negative
"Personally, I would not recommend this #twitter",negative
"Personally, I watched the latest episode right now.",neutral
"Right now, I am checking the latest information #twitter",neutral
"Just saying, The service was excellent .",positive
"Honestly, The flight is scheduled for Monday honestly.",neutral
"Personally, What a wonderful experience today .",positive
"For me, The team will meet next week",neutral
"Today, This movie was fantastic today.",positive
"After trying it, The website is currently available .",neutral
"In my opinion, I would not recommend this honestly.",negative
"Personally, The team will meet next week",neutral
"Personally, The team did a terrible job #twitter",negative
"Personally, The new features are useless .",negative
"After trying it, Everything went completely wrong in my opinion.",negative
"Right now, Feeling great and positive today today.",positive
"Right now, I am satisfied with the results .",positive
"For me, The website is currently available",neutral
"In my opinion, The team will meet next week .",neutral
"Overall, The service was excellent honestly.",positive
"Right now, The package contains two items after trying it.",neutral
"Honestly, This update is terrible .",negative
"Overall, The team did a terrible job",negative
"Today, The website is currently available right now.",neutral
"Right now, The product is available in three colors #twitter",neutral
"Just saying, The results will be announced later today.",neutral
"After trying it, The company released a new announcement",neutral
"Honestly, Everything went completely wrong .",negative
"After trying it, The new features are useless right now.",negative
"Personally, The class begins at 10 AM .",neutral
This update is terrible .,negative
"After trying it, This update is terrible",negative
"Personally, This is not what I wanted .",negative
"For me, I highly recommend this in my opinion.",positive
"Personally, The team did an amazing job after trying it.",positive
The service was awful #twitter,negative
"Overall, I really enjoyed this experience .",positive
"Overall, The team will meet next week .",neutral
"Honestly, I am impressed with the quality today.",positive
"Right now, The event starts at 6 PM after trying it.",neutral
"Honestly, I am very happy with the results .",positive
"Right now, Best purchase I have made in a long time honestly.",positive
"Just saying, The class begins at 10 AM .",neutral
The service was awful #twitter,negative
"Right now, This movie was extremely boring #review",negative
"Right now, I really disliked this experience #review",negative
"Overall, I absolutely love this product today.",positive
The package contains two items in my opinion.,neutral
"Right now, This is not what I wanted",negative
I absolutely love this product .,positive
"Personally, Everything worked perfectly #review",positive
"After trying it, The service was awful",negative
"Honestly, The flight is scheduled for Monday .",neutral
"In my opinion, The team did a terrible job .",negative
"For me, This made my day so much better .",positive
This is terrible and does not work .,negative
"Just saying, This made my day so much better #review",positive
"Just saying, The train arrived at the station right now.",neutral
"Just saying, This is not what I wanted #review",negative
"For me, The train arrived at the station .",neutral
"Honestly, Feeling frustrated and disappointed today .",negative
"Personally, The team did a terrible job .",negative
"After trying it, I am reading the news right now today.",neutral
"Overall, This update is awesome in my opinion.",positive
"In my opinion, Everything worked perfectly #twitter",positive
"Personally, I highly recommend this right now.",positive
"Honestly, The package contains two items .",neutral
"Right now, Feeling frustrated and disappointed today",negative
"After trying it, Absolutely awful experience .",negative
"Honestly, This is exactly what I wanted .",positive
"Personally, The class begins at 10 AM #twitter",neutral
"Overall, I really enjoyed this experience honestly.",positive
"After trying it, What a wonderful experience today #review",positive
"Overall, This is amazing and works perfectly .",positive
This movie was fantastic .,positive
"Personally, This movie was extremely boring .",negative
"Honestly, The new features are brilliant .",positive
"In my opinion, The package contains two items #twitter",neutral
"For me, The service was awful #twitter",negative
"Honestly, I absolutely love this product right now.",positive
"Today, The service was awful right now.",negative
"In my opinion, The product is available in three colors",neutral
"Personally, I am very happy with the results right now.",positive
"Personally, Everything worked perfectly honestly.",positive
"In my opinion, What a wonderful experience today .",positive
"Overall, Absolutely awful experience right now.",negative
"In my opinion, The new features are brilliant",positive
"After trying it, This made my day much worse .",negative
"For me, The weather is cloudy today .",neutral
Everything went completely wrong .,negative
"Today, I am satisfied with the results after trying it.",positive
"Right now, The new features are useless after trying it.",negative
"For me, This is amazing and works perfectly honestly.",positive
"Today, Such a beautiful day #twitter",positive
This is terrible and does not work today.,negative
"Overall, The temperature is around 25 degrees .",neutral
"Honestly, The event starts at 6 PM .",neutral
"Right now, I am impressed with the quality",positive
"Personally, This is not what I wanted .",negative
"Just saying, Everything went completely wrong #twitter",negative
"Personally, This is terrible and does not work today.",negative
"Personally, I am unhappy with the results #twitter",negative
I am reading the news right now .,neutral
"Right now, The train arrived at the station .",neutral
"Honestly, The service was awful honestly.",negative
"Just saying, The new features are useless .",negative
"Overall, The train arrived at the station today.",neutral
"Honestly, This is exactly what I wanted #review",positive
"For me, I would not recommend this .",negative
"Overall, The application has been updated in my opinion.",neutral
"Today, This update is terrible .",negative
"After trying it, The package contains two items .",neutral
"Personally, I received the package this morning",neutral
"Right now, I am checking the latest information .",neutral
"After trying it, Such a beautiful day .",positive
"Just saying, The temperature is around 25 degrees .",neutral
"Today, This update is terrible .",negative
"For me, Absolutely fantastic experience",positive
"Personally, I really enjoyed this experience after trying it.",positive
"Overall, The results will be announced later honestly.",neutral
"Overall, I am very disappointed with the results after trying it.",negative
"After trying it, The new features are brilliant right now.",positive
"After trying it, I am reading the news right now",neutral
The results will be announced later .,neutral
"In my opinion, I am reading the news right now .",neutral
"Today, I am very happy with the results #review",positive
"Overall, I would not recommend this .",negative
"Personally, The new features are useless #twitter",negative
"Today, Such a beautiful day .",positive
"Overall, I received the package this morning .",neutral
"Personally, I watched the latest episode .",neutral
"In my opinion, The service was excellent .",positive
"Right now, The service was excellent #review",positive
"Personally, The team did a terrible job .",negative
"Right now, I am very disappointed with the results .",negative
"Personally, I am impressed with the quality .",positive
"Right now, The class begins at 10 AM #review",neutral
"For me, I received the package this morning .",neutral
Such a beautiful day after trying it.,positive
"Just saying, I absolutely hate this product in my opinion.",negative
"Personally, The class begins at 10 AM right now.",neutral
"Right now, This is exactly what I wanted honestly.",positive
"Honestly, Everything worked perfectly .",positive
"In my opinion, This made my day much worse #review",negative
"Just saying, Such a beautiful day .",positive
The new features are brilliant,positive
"After trying it, I really disliked this experience .",negative
"Just saying, I am disappointed with the quality right now.",negative
"After trying it, I really enjoyed this experience .",positive
"For me, The team did a terrible job .",negative
"In my opinion, Feeling great and positive today .",positive
"After trying it, The train arrived at the station .",neutral
"After trying it, I highly recommend this #review",positive
"Today, What a horrible experience today .",negative
"Just saying, The temperature is around 25 degrees .",neutral
"Today, The meeting is scheduled for tomorrow #review",neutral
"Just saying, I absolutely hate this product .",negative
"Right now, The class begins at 10 AM .",neutral
"Right now, This made my day so much better honestly.",positive
"Overall, Everything went completely wrong .",negative
"Overall, I am disappointed with the quality today.",negative
"Overall, Absolutely awful experience",negative
"In my opinion, This is terrible and does not work .",negative
"Overall, The team did a terrible job today.",negative
"In my opinion, I am disappointed with the quality .",negative
"For me, The report was published today .",neutral
I absolutely love this product right now.,positive
"In my opinion, This update is terrible right now.",negative
"Right now, I would not recommend this .",negative
"Honestly, I am satisfied with the results .",positive
"Honestly, I absolutely hate this product #review",negative
"Overall, This made my day so much better .",positive
"In my opinion, The new features are useless after trying it.",negative
"Just saying, What a horrible experience today today.",negative
"For me, The company released a new announcement today.",neutral
"Overall, This made my day so much better .",positive
"Honestly, I am very disappointed with the results after trying it.",negative
"Just saying, This made my day so much better in my opinion.",positive
"Today, This update is awesome .",positive
"Overall, The meeting is scheduled for tomorrow .",neutral
I absolutely hate this product .,negative
"Personally, The class begins at 10 AM right now.",neutral
"In my opinion, Such a horrible day right now.",negative
"In my opinion, The team did an amazing job .",positive
I really enjoyed this experience,positive
"Overall, I highly recommend this today.",positive
This made my day much worse .,negative
"Just saying, Worst purchase I have made in my opinion.",negative
"Overall, I am impressed with the quality after trying it.",positive
"Honestly, I absolutely love this product",positive
"Right now, I highly recommend this .",positive
"Today, This is exactly what I wanted .",positive
"Just saying, This is not what I wanted",negative
This is exactly what I wanted .,positive
"After trying it, This update is terrible in my opinion.",negative
"For me, The weather is cloudy today .",neutral
"In my opinion, Such a horrible day .",negative
"Right now, This is amazing and works perfectly today.",positive
"Overall, I would not recommend this .",negative
"Personally, I am satisfied with the results",positive
"Right now, I am satisfied with the results #twitter",positive
"Honestly, I am very happy with the results after trying it.",positive
"Overall, This made my day so much better honestly.",positive
This movie was extremely boring today.,negative
"In my opinion, This is not what I wanted #review",negative
The team did an amazing job .,positive
"In my opinion, The package contains two items right now.",neutral
This is terrible and does not work .,negative
"In my opinion, What a wonderful experience today .",positive
"Overall, Feeling frustrated and disappointed today .",negative
"Honestly, This made my day much worse in my opinion.",negative
"For me, This update is awesome today.",positive
"Personally, The team did an amazing job .",positive
"Just saying, Best purchase I have made in a long time .",positive
"For me, The store opens at 9 AM .",neutral
"Overall, Everything worked perfectly #twitter",positive
"Today, The class begins at 10 AM .",neutral
"Honestly, The train arrived at the station #review",neutral
"Overall, I absolutely love this product .",positive
"In my opinion, The team will meet next week .",neutral
This movie was fantastic .,positive
"Honestly, I am impressed with the quality .",positive
"After trying it, This made my day much worse .",negative
"Overall, The company released a new announcement after trying it.",neutral
Such a beautiful day .,positive
"Personally, The application has been updated .",neutral
"Today, The report was published today .",neutral
"Honestly, This is amazing and works perfectly honestly.",positive
"Today, I highly recommend this .",positive
"For me, The application has been updated .",neutral
"Honestly, Best purchase I have made in a long time .",positive
"In my opinion, I absolutely hate this product .",negative
"For me, This is not what I wanted honestly.",negative
"Honestly, Feeling great and positive today honestly.",positive
"Right now, Absolutely fantastic experience .",positive
"For me, The event starts at 6 PM today.",neutral
"Today, This is terrible and does not work",negative
"Overall, I am checking the latest information after trying it.",neutral
"Personally, Absolutely fantastic experience after trying it.",positive
"In my opinion, The flight is scheduled for Monday after trying it.",neutral
"In my opinion, I absolutely hate this product after trying it.",negative
"Today, The team did an amazing job .",positive
"In my opinion, This update is terrible",negative
"Today, This is not what I wanted .",negative
"Right now, I am very happy with the results .",positive
"Personally, Worst purchase I have made .",negative
"Just saying, I am very happy with the results in my opinion.",positive
"Just saying, The new features are brilliant .",positive
"Just saying, I watched the latest episode in my opinion.",neutral
"Honestly, I am checking the latest information .",neutral
"Today, I am disappointed with the quality #review",negative
"For me, The weather is cloudy today honestly.",neutral
The service was awful honestly.,negative
"For me, The meeting is scheduled for tomorrow .",neutral
"Just saying, I am satisfied with the results #review",positive
"Honestly, I would not recommend this",negative
"Honestly, I am checking the latest information right now.",neutral
"Right now, Such a horrible day .",negative
"For me, The train arrived at the station #twitter",neutral
"In my opinion, The flight is scheduled for Monday honestly.",neutral
"Personally, I would not recommend this",negative
The product is available in three colors .,neutral
"Overall, This movie was fantastic",positive
"For me, Everything worked perfectly .",positive
Best purchase I have made in a long time .,positive
"Today, The package contains two items",neutral
"Personally, Everything went completely wrong right now.",negative
"For me, I absolutely hate this product .",negative
"Right now, I am very happy with the results #review",positive
"Today, What a wonderful experience today honestly.",positive
"Right now, Worst purchase I have made right now.",negative
"For me, I really enjoyed this experience .",positive
"Just saying, I am very happy with the results .",positive
"In my opinion, I received the package this morning .",neutral
"For me, Everything worked perfectly .",positive
The store opens at 9 AM honestly.,neutral
"For me, Feeling frustrated and disappointed today",negative
The train arrived at the station .,neutral
"Overall, The team did a terrible job #twitter",negative
"Overall, I am unhappy with the results honestly.",negative
"Just saying, I received the package this morning .",neutral
"In my opinion, The new features are useless .",negative
"Personally, This movie was extremely boring #review",negative
"Honestly, Feeling great and positive today honestly.",positive
"Just saying, I am satisfied with the results #review",positive
"Today, The new features are useless .",negative
"For me, This movie was extremely boring in my opinion.",negative
"Personally, The application has been updated .",neutral
"Today, The results will be announced later",neutral
"Honestly, The report was published today #twitter",neutral
"In my opinion, The weather is cloudy today .",neutral
"Right now, The package contains two items in my opinion.",neutral
"After trying it, Absolutely fantastic experience after trying it.",positive
"Honestly, I watched the latest episode .",neutral
"Overall, I am impressed with the quality .",positive
"Personally, Everything went completely wrong",negative
"Overall, Everything went completely wrong .",negative
"After trying it, The weather is cloudy today after trying it.",neutral
"For me, This is exactly what I wanted in my opinion.",positive
"After trying it, Such a beautiful day .",positive
"Today, This is not what I wanted right now.",negative
"Right now, The service was excellent .",positive
"In my opinion, I am impressed with the quality #review",positive
"Today, I am very happy with the results .",positive
"For me, I absolutely hate this product .",negative
"In my opinion, I am satisfied with the results right now.",positive
"In my opinion, The train arrived at the station #review",neutral
"Personally, Everything went completely wrong in my opinion.",negative
"Just saying, I am checking the latest information in my opinion.",neutral
"Just saying, The report was published today in my opinion.",neutral
"In my opinion, Such a beautiful day .",positive
"For me, I am unhappy with the results .",negative
"Just saying, This update is awesome .",positive
"Just saying, This is amazing and works perfectly .",positive
"Personally, The company released a new announcement .",neutral
"Overall, I am reading the news right now",neutral
"Right now, Everything went completely wrong today.",negative
"Honestly, Best purchase I have made in a long time #twitter",positive
"Overall, This made my day much worse .",negative
"Personally, The class begins at 10 AM today.",neutral
"For me, The flight is scheduled for Monday .",neutral
I am satisfied with the results .,positive
"For me, This update is terrible .",negative
"Personally, I absolutely hate this product .",negative
This update is terrible in my opinion.,negative
"Just saying, The product is available in three colors .",neutral
"In my opinion, The team will meet next week right now.",neutral
"For me, I am checking the latest information in my opinion.",neutral
"For me, Feeling frustrated and disappointed today .",negative
"Just saying, What a wonderful experience today .",positive
"After trying it, Worst purchase I have made .",negative
"For me, Best purchase I have made in a long time #twitter",positive
"After trying it, The class begins at 10 AM .",neutral
I am checking the latest information .,neutral
"For me, The train arrived at the station .",neutral
"Overall, This movie was fantastic .",positive
"Right now, The website is currently available .",neutral
I highly recommend this .,positive
"Right now, I absolutely hate this product .",negative
"Today, Worst purchase I have made #review",negative
"In my opinion, The application has been updated .",neutral
"For me, This movie was fantastic .",positive
"After trying it, The service was awful right now.",negative
"Today, This is exactly what I wanted right now.",positive
"For me, Such a beautiful day .",positive
"Right now, Worst purchase I have made .",negative
"After trying it, This is exactly what I wanted in my opinion.",positive
"Overall, Everything worked perfectly .",positive
"Right now, This update is terrible .",negative
"Today, This is not what I wanted in my opinion.",negative
"Today, The train arrived at the station .",neutral
"After trying it, I am very happy with the results .",positive
"Today, The company released a new announcement",neutral
"For me, This made my day so much better .",positive
"Just saying, The weather is cloudy today after trying it.",neutral
"Today, Feeling great and positive today honestly.",positive
"Today, The product is available in three colors right now.",neutral
"Overall, The team did a terrible job .",negative
"In my opinion, Best purchase I have made in a long time",positive
"Just saying, I received the package this morning .",neutral
"Today, This update is awesome .",positive
"After trying it, I am reading the news right now in my opinion.",neutral
"Personally, The website is currently available",neutral
"Today, This is amazing and works perfectly today.",positive
"In my opinion, I am reading the news right now .",neutral
"Just saying, This made my day much worse .",negative
"Personally, Worst purchase I have made after trying it.",negative
"For me, I received the package this morning .",neutral
"After trying it, The meeting is scheduled for tomorrow after trying it.",neutral
"For me, I received the package this morning .",neutral
"In my opinion, The service was excellent today.",positive
"Just saying, I received the package this morning .",neutral
"In my opinion, The application has been updated .",neutral
"Overall, What a wonderful experience today .",positive
"Overall, The package contains two items",neutral
"Personally, I am very happy with the results honestly.",positive
I watched the latest episode right now.,neutral
"Today, This update is terrible right now.",negative
"In my opinion, I am unhappy with the results #twitter",negative
"In my opinion, Absolutely awful experience .",negative
"Overall, I am impressed with the quality right now.",positive
"In my opinion, The new features are useless in my opinion.",negative
"Just saying, The application has been updated today.",neutral
"Honestly, The team did an amazing job",positive
"Today, Absolutely fantastic experience #twitter",positive
"For me, The class begins at 10 AM honestly.",neutral
"Honestly, The meeting is scheduled for tomorrow .",neutral
"Personally, What a wonderful experience today #review",positive
"For me, Absolutely awful experience .",negative
"Today, What a horrible experience today #twitter",negative
"Personally, The report was published today in my opinion.",neutral
"Just saying, This is exactly what I wanted right now.",positive
The team did an amazing job .,positive
"For me, The website is currently available today.",neutral
"In my opinion, What a wonderful experience today right now.",positive
"Just saying, This movie was fantastic .",positive
"Honestly, The package contains two items #twitter",neutral
"Right now, The product is available in three colors honestly.",neutral
"After trying it, Everything worked perfectly .",positive
"For me, Feeling frustrated and disappointed today in my opinion.",negative
"For me, This update is awesome #twitter",positive
"Honestly, This movie was extremely boring .",negative
"Today, The results will be announced later",neutral
"After trying it, The flight is scheduled for Monday #twitter",neutral
"For me, I am impressed with the quality .",positive
"Honestly, Such a horrible day after trying it.",negative
"Honestly, This is terrible and does not work",negative
Absolutely awful experience .,negative
"Today, The service was excellent honestly.",positive
"Just saying, I really disliked this experience right now.",negative
"Personally, Feeling great and positive today #twitter",positive
"Just saying, I highly recommend this .",positive
"In my opinion, The service was excellent in my opinion.",positive
"Honestly, I absolutely love this product today.",positive
"Personally, I am satisfied with the results #twitter",positive
"Just saying, The flight is scheduled for Monday after trying it.",neutral
"Honestly, The application has been updated #review",neutral
"For me, I received the package this morning #twitter",neutral
"Right now, The weather is cloudy today .",neutral
"Just saying, The meeting is scheduled for tomorrow honestly.",neutral
"After trying it, Everything went completely wrong",negative
"Personally, The service was awful",negative
"Right now, I am satisfied with the results .",positive
I am very happy with the results .,positive
"Personally, I absolutely hate this product right now.",negative
Such a beautiful day .,positive
The package contains two items .,neutral
"Overall, The flight is scheduled for Monday .",neutral
"For me, The event starts at 6 PM .",neutral
"Today, Everything worked perfectly #review",positive
"For me, This is terrible and does not work .",negative
"In my opinion, I am checking the latest information",neutral
"Personally, The website is currently available .",neutral
"Overall, The results will be announced later today.",neutral
"Today, This made my day so much better today.",positive
"After trying it, The new features are useless .",negative
"After trying it, I am disappointed with the quality .",negative
Absolutely awful experience .,negative
"Today, Feeling great and positive today in my opinion.",positive
"For me, The product is available in three colors .",neutral
"For me, The website is currently available",neutral
"Today, Everything went completely wrong .",negative
"For me, Everything worked perfectly after trying it.",positive
"Overall, The application has been updated .",neutral
"Today, Feeling great and positive today .",positive
"For me, I highly recommend this honestly.",positive
"Right now, This update is awesome #twitter",positive
"Today, The service was awful after trying it.",negative
"For me, The team did a terrible job",negative
"Overall, Feeling great and positive today #twitter",positive
"Today, This is exactly what I wanted honestly.",positive
"Just saying, I really disliked this experience after trying it.",negative
"Honestly, I really disliked this experience .",negative
"Overall, I am disappointed with the quality right now.",negative
"In my opinion, I am disappointed with the quality honestly.",negative
"Right now, The product is available in three colors",neutral
"Today, I am unhappy with the results .",negative
"In my opinion, The new features are useless .",negative
"Just saying, Feeling great and positive today",positive
"In my opinion, The company released a new announcement",neutral
"Honestly, The package contains two items .",neutral
"Today, What a horrible experience today #twitter",negative
"Right now, The class begins at 10 AM .",neutral
"Today, This is not what I wanted right now.",negative
"Overall, The new features are brilliant #twitter",positive
"For me, This is amazing and works perfectly right now.",positive
"In my opinion, I am disappointed with the quality in my opinion.",negative
"Personally, This update is terrible .",negative
"Just saying, The service was awful .",negative
"Right now, The team did a terrible job right now.",negative
This movie was fantastic #twitter,positive
"Honestly, The temperature is around 25 degrees in my opinion.",neutral
"After trying it, This made my day much worse #twitter",negative
"For me, I am unhappy with the results .",negative
"Overall, The company released a new announcement #review",neutral
"Personally, What a wonderful experience today .",positive
"In my opinion, Everything went completely wrong .",negative
"After trying it, I am satisfied with the results .",positive
"After trying it, What a wonderful experience today .",positive
"Overall, What a wonderful experience today .",positive
Such a horrible day .,negative
The service was awful .,negative
"In my opinion, The team did a terrible job honestly.",negative
"After trying it, This is not what I wanted #review",negative
"Just saying, The temperature is around 25 degrees in my opinion.",neutral
This update is awesome .,positive
"Right now, Everything worked perfectly in my opinion.",positive
"For me, This movie was fantastic .",positive
"Right now, Such a horrible day .",negative
"For me, I am checking the latest information in my opinion.",neutral
"Right now, The report was published today .",neutral
This movie was fantastic .,positive
"In my opinion, Best purchase I have made in a long time today.",positive
"For me, Feeling great and positive today #twitter",positive
"After trying it, The company released a new announcement .",neutral
"For me, The new features are brilliant in my opinion.",positive
"Honestly, The train arrived at the station .",neutral
"For me, The store opens at 9 AM .",neutral
"Overall, The product is available in three colors after trying it.",neutral
"Personally, The team did a terrible job right now.",negative
"After trying it, I really enjoyed this experience after trying it.",positive
"Overall, The temperature is around 25 degrees right now.",neutral
"Honestly, I am impressed with the quality in my opinion.",positive
"Honestly, The report was published today .",neutral
"Overall, Such a beautiful day .",positive
"After trying it, This made my day so much better .",positive
"In my opinion, This movie was extremely boring honestly.",negative
"Today, The flight is scheduled for Monday",neutral
"Just saying, This is amazing and works perfectly right now.",positive
"Overall, The temperature is around 25 degrees .",neutral
"For me, Such a beautiful day .",positive
"Today, This is amazing and works perfectly .",positive
"Right now, The train arrived at the station .",neutral
"Just saying, Worst purchase I have made .",negative
"Overall, I am impressed with the quality today.",positive
"Just saying, This movie was extremely boring .",negative
"Honestly, This movie was extremely boring honestly.",negative
"After trying it, This is amazing and works perfectly right now.",positive
"Personally, The report was published today in my opinion.",neutral
"Today, I am satisfied with the results .",positive
"Today, Everything went completely wrong today.",negative
"Right now, I am impressed with the quality #twitter",positive
"Honestly, The new features are brilliant .",positive
"In my opinion, I absolutely hate this product honestly.",negative
"Today, The package contains two items right now.",neutral
"After trying it, What a horrible experience today today.",negative
I watched the latest episode .,neutral
"For me, The new features are useless .",negative
"In my opinion, I am impressed with the quality in my opinion.",positive
"Today, This is terrible and does not work #twitter",negative
"Honestly, The company released a new announcement today.",neutral
"For me, I am satisfied with the results #review",positive
"In my opinion, I am satisfied with the results honestly.",positive
"Honestly, Best purchase I have made in a long time in my opinion.",positive
"Honestly, The train arrived at the station #twitter",neutral
The team did an amazing job right now.,positive
"In my opinion, Feeling frustrated and disappointed today #review",negative
"In my opinion, I received the package this morning after trying it.",neutral
"For me, The team did a terrible job .",negative
"Overall, Everything went completely wrong #review",negative
"Honestly, The flight is scheduled for Monday",neutral
"Today, This movie was fantastic .",positive
"Right now, I am unhappy with the results right now.",negative
"After trying it, The team did an amazing job today.",positive
"In my opinion, I absolutely hate this product #twitter",negative
"Personally, The new features are brilliant .",positive
"Personally, I really enjoyed this experience .",positive
"Honestly, The flight is scheduled for Monday .",neutral
"For me, This is terrible and does not work .",negative
"Today, I am very happy with the results .",positive
"For me, This movie was extremely boring .",negative
"Just saying, I would not recommend this .",negative
I would not recommend this after trying it.,negative
"Today, Feeling frustrated and disappointed today right now.",negative
"Personally, Such a beautiful day .",positive
"Overall, The results will be announced later",neutral
"Today, The new features are useless #twitter",negative
"Honestly, The team did a terrible job .",negative
"In my opinion, This made my day so much better .",positive
The application has been updated .,neutral
"Honestly, The store opens at 9 AM .",neutral
"Honestly, This is not what I wanted .",negative
"Overall, The new features are brilliant honestly.",positive
"Right now, I am very happy with the results after trying it.",positive
"Just saying, The package contains two items honestly.",neutral
"Today, The class begins at 10 AM after trying it.",neutral
"Personally, Such a horrible day .",negative
"Today, The team did an amazing job after trying it.",positive
"Personally, I really enjoyed this experience",positive
"Just saying, The store opens at 9 AM after trying it.",neutral
"Overall, I am satisfied with the results .",positive
"For me, Worst purchase I have made after trying it.",negative
"Overall, I am impressed with the quality .",positive
"Today, I really enjoyed this experience in my opinion.",positive
"Personally, I really disliked this experience #review",negative
"Just saying, What a horrible experience today .",negative
"Right now, The temperature is around 25 degrees #review",neutral
I am very disappointed with the results in my opinion.,negative
"In my opinion, I am disappointed with the quality .",negative
"Right now, The flight is scheduled for Monday .",neutral
"After trying it, This movie was extremely boring .",negative
"After trying it, I highly recommend this .",positive
"Just saying, I am impressed with the quality .",positive
"In my opinion, What a horrible experience today .",negative
"Today, The new features are brilliant honestly.",positive
"Right now, The service was awful .",negative
"Just saying, This is exactly what I wanted honestly.",positive
"Honestly, What a wonderful experience today .",positive
"Personally, The event starts at 6 PM .",neutral
"Honestly, Everything went completely wrong after trying it.",negative
"In my opinion, The service was awful .",negative
"Today, The event starts at 6 PM .",neutral
"Honestly, Absolutely awful experience #twitter",negative
"Personally, The store opens at 9 AM .",neutral
"Just saying, The flight is scheduled for Monday #twitter",neutral
"In my opinion, I am impressed with the quality .",positive
"Personally, The train arrived at the station #twitter",neutral
"For me, I would not recommend this .",negative
"In my opinion, I am disappointed with the quality honestly.",negative
"Personally, I am checking the latest information #review",neutral
"Overall, The new features are useless honestly.",negative
"Right now, What a horrible experience today #review",negative
"Right now, I really enjoyed this experience .",positive
"For me, I am unhappy with the results #twitter",negative
The weather is cloudy today .,neutral
"Right now, I received the package this morning #twitter",neutral
"Just saying, I really disliked this experience .",negative
"Personally, Absolutely awful experience .",negative
"After trying it, I am satisfied with the results .",positive
"Personally, The service was awful after trying it.",negative
"Overall, The event starts at 6 PM .",neutral
"After trying it, I am checking the latest information in my opinion.",neutral
"After trying it, I received the package this morning .",neutral
"Today, This made my day so much better .",positive
"Right now, Feeling frustrated and disappointed today .",negative
"Today, I am unhappy with the results right now.",negative
The store opens at 9 AM .,neutral
"Honestly, The train arrived at the station honestly.",neutral
"For me, This update is awesome after trying it.",positive
"Right now, Absolutely fantastic experience #twitter",positive
"After trying it, Everything went completely wrong honestly.",negative
Everything worked perfectly #review,positive
"In my opinion, The new features are useless .",negative
"Right now, The team did an amazing job after trying it.",positive
"After trying it, The product is available in three colors .",neutral
"Just saying, This is amazing and works perfectly",positive
"In my opinion, I received the package this morning #twitter",neutral
"Right now, The website is currently available .",neutral
"In my opinion, The package contains two items #twitter",neutral
"After trying it, Worst purchase I have made .",negative
"Personally, Worst purchase I have made right now.",negative
"Honestly, The website is currently available .",neutral
"Right now, I am very happy with the results",positive
"Right now, The service was excellent honestly.",positive
"In my opinion, This is exactly what I wanted .",positive
"For me, I am very happy with the results .",positive
"Today, The new features are useless #twitter",negative
"In my opinion, I am very disappointed with the results honestly.",negative
"Honestly, I received the package this morning after trying it.",neutral
"Right now, This is not what I wanted .",negative
"Right now, Feeling frustrated and disappointed today .",negative
"Today, I received the package this morning .",neutral
"For me, What a wonderful experience today right now.",positive
"Just saying, The company released a new announcement .",neutral
"Just saying, Worst purchase I have made .",negative
I am impressed with the quality .,positive
The package contains two items after trying it.,neutral
The results will be announced later .,neutral
"After trying it, I am unhappy with the results #review",negative
"Overall, This movie was extremely boring today.",negative
"In my opinion, This made my day much worse today.",negative
"In my opinion, This is not what I wanted right now.",negative
"Just saying, The application has been updated .",neutral
"Just saying, Such a horrible day in my opinion.",negative
"Honestly, I am impressed with the quality in my opinion.",positive
"Honestly, Such a horrible day .",negative
"Overall, I am disappointed with the quality .",negative
"Honestly, This made my day so much better right now.",positive
"Personally, I really enjoyed this experience",positive
"Personally, I am checking the latest information .",neutral
"In my opinion, The team did an amazing job .",positive
"After trying it, The flight is scheduled for Monday .",neutral
"Personally, The product is available in three colors in my opinion.",neutral
"Today, This is not what I wanted #review",negative
"After trying it, This is terrible and does not work in my opinion.",negative
"In my opinion, The event starts at 6 PM .",neutral
"Today, I absolutely love this product #review",positive
"Just saying, This update is terrible after trying it.",negative
"In my opinion, I really enjoyed this experience .",positive
"Right now, This movie was fantastic in my opinion.",positive
"Today, This is not what I wanted .",negative
"After trying it, Everything went completely wrong today.",negative
"Today, I absolutely love this product .",positive
"Today, Everything went completely wrong #review",negative
"In my opinion, The class begins at 10 AM right now.",neutral
"In my opinion, The store opens at 9 AM honestly.",neutral
This movie was extremely boring .,negative
"Overall, Such a beautiful day right now.",positive
"Overall, Everything worked perfectly right now.",positive
"Just saying, I am impressed with the quality #review",positive
"After trying it, Best purchase I have made in a long time in my opinion.",positive
"Overall, The new features are brilliant .",positive
"Today, The product is available in three colors .",neutral
The service was awful .,negative
"Right now, This made my day much worse .",negative
"For me, This movie was fantastic #twitter",positive
"Personally, The team will meet next week today.",neutral
"Today, I really disliked this experience .",negative
"After trying it, Everything worked perfectly .",positive
"Today, The results will be announced later .",neutral
"Right now, I absolutely love this product .",positive
"Today, I am unhappy with the results right now.",negative
"Honestly, I am very happy with the results .",positive
"Right now, The store opens at 9 AM .",neutral
"Today, Such a horrible day today.",negative
"Just saying, Absolutely awful experience .",negative
"In my opinion, This update is awesome .",positive
"For me, I am very disappointed with the results .",negative
"For me, I watched the latest episode after trying it.",neutral
"Just saying, The weather is cloudy today honestly.",neutral
"Right now, This made my day so much better .",positive
"Right now, The store opens at 9 AM .",neutral
Such a beautiful day,positive
"Personally, The website is currently available honestly.",neutral
"Right now, I am unhappy with the results .",negative
"After trying it, Such a horrible day #twitter",negative
"Honestly, The new features are brilliant honestly.",positive
"Personally, The product is available in three colors today.",neutral
"Overall, Absolutely awful experience right now.",negative
"Overall, The new features are brilliant .",positive
"Today, The company released a new announcement right now.",neutral
"Today, Everything went completely wrong .",negative
"After trying it, This update is terrible .",negative
"For me, The temperature is around 25 degrees right now.",neutral
"Just saying, This movie was extremely boring .",negative
"Right now, The report was published today",neutral
"Personally, This update is awesome",positive
I received the package this morning today.,neutral
"Honestly, Such a beautiful day",positive
"After trying it, What a horrible experience today in my opinion.",negative
"Right now, I highly recommend this today.",positive
"Just saying, The meeting is scheduled for tomorrow .",neutral
"For me, I really disliked this experience .",negative
The team did an amazing job .,positive
"In my opinion, The company released a new announcement #review",neutral
"After trying it, This is not what I wanted .",negative
"Right now, The application has been updated .",neutral
"Honestly, The team did a terrible job in my opinion.",negative
"After trying it, I am checking the latest information right now.",neutral
The service was excellent .,positive
"For me, I watched the latest episode .",neutral
"After trying it, Feeling great and positive today today.",positive
"In my opinion, This movie was fantastic .",positive
"Overall, The new features are brilliant #twitter",positive
I absolutely hate this product .,negative
"Honestly, This update is awesome",positive
"In my opinion, I really disliked this experience in my opinion.",negative
"Right now, The service was excellent .",positive
"In my opinion, The team did an amazing job .",positive
"In my opinion, The team did a terrible job #review",negative
"Honestly, The team did a terrible job .",negative
I am impressed with the quality #review,positive
I am impressed with the quality right now.,positive
"Honestly, The service was awful .",negative
I would not recommend this .,negative
"Right now, I am very disappointed with the results honestly.",negative
"Personally, This movie was extremely boring .",negative
"In my opinion, The new features are brilliant .",positive
"For me, The company released a new announcement .",neutral
"Personally, The report was published today .",neutral
"After trying it, Such a beautiful day #review",positive
"Just saying, Feeling frustrated and disappointed today .",negative
"Just saying, I am unhappy with the results",negative
"After trying it, I am very disappointed with the results",negative
"Personally, I am disappointed with the quality .",negative
"For me, Such a horrible day .",negative
"Personally, What a horrible experience today #review",negative
"For me, The results will be announced later",neutral
"For me, I absolutely love this product #twitter",positive
"Right now, I am satisfied with the results",positive
"Personally, I am checking the latest information after trying it.",neutral
"For me, I am unhappy with the results honestly.",negative
"For me, I am impressed with the quality .",positive
"Just saying, The service was excellent honestly.",positive
"In my opinion, I am very disappointed with the results after trying it.",negative
"Honestly, This is terrible and does not work .",negative
This is amazing and works perfectly right now.,positive
"Overall, This made my day much worse .",negative
"Just saying, This made my day much worse #twitter",negative
"After trying it, I absolutely love this product right now.",positive
"Personally, Such a beautiful day honestly.",positive
"Right now, This update is awesome right now.",positive
"Personally, The report was published today .",neutral
The team will meet next week .,neutral
"Honestly, I am very happy with the results .",positive
This movie was fantastic after trying it.,positive
"Overall, Best purchase I have made in a long time #review",positive
"In my opinion, The service was awful in my opinion.",negative
"Today, This made my day much worse .",negative
"After trying it, The temperature is around 25 degrees .",neutral
"For me, Such a horrible day #twitter",negative
"Today, I am unhappy with the results after trying it.",negative
"After trying it, I am reading the news right now .",neutral
"For me, Best purchase I have made in a long time right now.",positive
"After trying it, The team did a terrible job #review",negative
The team will meet next week in my opinion.,neutral
"Honestly, The team did an amazing job today.",positive
"Overall, The temperature is around 25 degrees .",neutral
"Personally, I am disappointed with the quality #review",negative
"After trying it, The team did an amazing job #review",positive
"After trying it, This is exactly what I wanted in my opinion.",positive
"Right now, The new features are useless .",negative
"In my opinion, The store opens at 9 AM right now.",neutral
"After trying it, This movie was fantastic #review",positive
"Honestly, What a wonderful experience today .",positive
"Just saying, Absolutely fantastic experience .",positive
"Right now, I am disappointed with the quality .",negative
"Personally, This is amazing and works perfectly right now.",positive
The new features are brilliant .,positive
"After trying it, The product is available in three colors after trying it.",neutral
"Just saying, I am checking the latest information .",neutral
"For me, I am unhappy with the results",negative
"Right now, Absolutely fantastic experience .",positive
"Today, The temperature is around 25 degrees #review",neutral
"Just saying, I am disappointed with the quality honestly.",negative
"Honestly, The application has been updated .",neutral
"Personally, I absolutely hate this product right now.",negative
"For me, Absolutely fantastic experience #review",positive
"In my opinion, This is not what I wanted .",negative
What a wonderful experience today .,positive
"Today, This movie was extremely boring .",negative
"Personally, This is exactly what I wanted .",positive
"Just saying, The team will meet next week .",neutral
"Right now, Everything went completely wrong in my opinion.",negative
"Right now, I would not recommend this .",negative
"Overall, Feeling great and positive today .",positive
"Personally, I am satisfied with the results .",positive
"In my opinion, This is not what I wanted .",negative
"Today, The train arrived at the station #twitter",neutral
"After trying it, I highly recommend this",positive
"Just saying, I received the package this morning",neutral
I am unhappy with the results,negative
"Right now, This is not what I wanted .",negative
"Just saying, The website is currently available .",neutral
"Personally, The website is currently available .",neutral
"Just saying, I am checking the latest information .",neutral
"Overall, The team did a terrible job today.",negative
"Honestly, The new features are useless after trying it.",negative
"Right now, The event starts at 6 PM .",neutral
"Honestly, Such a horrible day .",negative
"In my opinion, The temperature is around 25 degrees right now.",neutral
"In my opinion, I am impressed with the quality right now.",positive
"Just saying, I am very disappointed with the results .",negative
"For me, I am very disappointed with the results .",negative
"Right now, I watched the latest episode .",neutral
"In my opinion, I absolutely hate this product",negative
"Today, The flight is scheduled for Monday .",neutral
"Honestly, I received the package this morning .",neutral
The service was awful .,negative
"For me, I absolutely love this product #review",positive
"Today, Such a horrible day in my opinion.",negative
"Overall, The website is currently available .",neutral
"Just saying, I really enjoyed this experience right now.",positive
I am impressed with the quality .,positive
"Right now, The team did a terrible job #review",negative
"Just saying, I am very happy with the results honestly.",positive
"Honestly, The report was published today right now.",neutral
"Overall, Worst purchase I have made #twitter",negative
"In my opinion, This update is awesome .",positive
"After trying it, This movie was extremely boring .",negative
"Honestly, The service was excellent .",positive
"For me, Everything worked perfectly in my opinion.",positive
"After trying it, The package contains two items .",neutral
"Overall, The team will meet next week .",neutral
The new features are useless after trying it.,negative
I am very happy with the results in my opinion.,positive
"Right now, The meeting is scheduled for tomorrow .",neutral
"Personally, Such a beautiful day honestly.",positive
"In my opinion, Absolutely awful experience .",negative
Everything went completely wrong .,negative
"Today, The flight is scheduled for Monday .",neutral
"Right now, Absolutely fantastic experience .",positive
"Right now, The store opens at 9 AM .",neutral
"For me, Everything went completely wrong honestly.",negative
"After trying it, This update is awesome in my opinion.",positive
"Overall, The train arrived at the station #review",neutral
"Personally, The meeting is scheduled for tomorrow .",neutral
"Right now, The results will be announced later honestly.",neutral
I am satisfied with the results .,positive
Everything went completely wrong .,negative
"Today, The flight is scheduled for Monday in my opinion.",neutral
"Overall, Feeling great and positive today #review",positive
"Personally, This update is awesome .",positive
What a wonderful experience today right now.,positive
"For me, This update is awesome right now.",positive
"Just saying, This is amazing and works perfectly in my opinion.",positive
"After trying it, I absolutely hate this product",negative
"Today, This is amazing and works perfectly in my opinion.",positive
"Right now, This is not what I wanted #twitter",negative
"Just saying, Absolutely fantastic experience right now.",positive
"In my opinion, I absolutely love this product #twitter",positive
"Overall, The new features are useless .",negative
"Just saying, I would not recommend this .",negative
"Right now, The service was excellent .",positive
"Personally, This made my day much worse .",negative
"Just saying, What a wonderful experience today .",positive
"Personally, This update is awesome .",positive
"Personally, The team will meet next week .",neutral
"Honestly, I am disappointed with the quality .",negative
"Personally, The new features are brilliant .",positive
"After trying it, The team will meet next week today.",neutral
The team will meet next week,neutral
"Just saying, I am checking the latest information #review",neutral
"Overall, Everything worked perfectly .",positive
"Just saying, The report was published today",neutral
"Right now, This movie was fantastic today.",positive
"For me, This is not what I wanted honestly.",negative
"In my opinion, The results will be announced later .",neutral
"Overall, I am very happy with the results #review",positive
"Overall, The team will meet next week .",neutral
"After trying it, I am reading the news right now after trying it.",neutral
"For me, I would not recommend this today.",negative
"Honestly, The train arrived at the station .",neutral
"Right now, I am unhappy with the results .",negative
"Personally, The product is available in three colors .",neutral
"After trying it, The website is currently available #review",neutral
"Just saying, I am satisfied with the results right now.",positive
The flight is scheduled for Monday .,neutral
"Today, The flight is scheduled for Monday .",neutral
"Honestly, I am impressed with the quality .",positive
"Personally, The report was published today #review",neutral
"Personally, Absolutely fantastic experience .",positive
"Right now, This is terrible and does not work honestly.",negative
"Personally, This is terrible and does not work .",negative
"Just saying, The weather is cloudy today",neutral
"Today, This made my day much worse .",negative
The team will meet next week .,neutral
"Just saying, This is not what I wanted #twitter",negative
"Personally, The team did an amazing job honestly.",positive
"Honestly, Such a horrible day honestly.",negative
"In my opinion, I am reading the news right now .",neutral
"Right now, The service was excellent right now.",positive
I highly recommend this after trying it.,positive
"After trying it, The team did an amazing job .",positive
"Right now, The temperature is around 25 degrees honestly.",neutral
The weather is cloudy today in my opinion.,neutral
"In my opinion, The new features are brilliant in my opinion.",positive
"In my opinion, The flight is scheduled for Monday #twitter",neutral
"Personally, The service was awful",negative
"After trying it, I am unhappy with the results .",negative
"Overall, The store opens at 9 AM .",neutral
"Personally, This is not what I wanted #review",negative
"For me, The team did a terrible job in my opinion.",negative
"For me, I really enjoyed this experience in my opinion.",positive
"Overall, I absolutely hate this product .",negative
"Just saying, I really disliked this experience .",negative
"For me, Best purchase I have made in a long time today.",positive
"Just saying, I received the package this morning .",neutral
"Today, Feeling frustrated and disappointed today right now.",negative
"Just saying, This movie was extremely boring #twitter",negative
"Personally, This update is awesome honestly.",positive
"In my opinion, Feeling frustrated and disappointed today #twitter",negative
This made my day so much better .,positive
"After trying it, I would not recommend this after trying it.",negative
"Just saying, The team did an amazing job after trying it.",positive
"Honestly, I am very disappointed with the results .",negative
"Right now, The class begins at 10 AM .",neutral
"Overall, Everything worked perfectly .",positive
"Today, The new features are useless .",negative
"For me, The temperature is around 25 degrees after trying it.",neutral
"Today, I absolutely hate this product .",negative
"Right now, The results will be announced later in my opinion.",neutral
I am unhappy with the results in my opinion.,negative
"Right now, I really disliked this experience honestly.",negative
"Just saying, This is exactly what I wanted .",positive
"Overall, This is not what I wanted .",negative
"For me, I am unhappy with the results after trying it.",negative
"After trying it, The meeting is scheduled for tomorrow #twitter",neutral
"Honestly, This made my day much worse #review",negative
"For me, The flight is scheduled for Monday .",neutral
"Today, The company released a new announcement .",neutral
"For me, Best purchase I have made in a long time .",positive
"In my opinion, Such a horrible day #twitter",negative
"After trying it, Such a beautiful day in my opinion.",positive
"Just saying, Absolutely fantastic experience .",positive
The team did an amazing job #review,positive
"Honestly, I am impressed with the quality .",positive
"Right now, This is amazing and works perfectly in my opinion.",positive
"Overall, The event starts at 6 PM after trying it.",neutral
"Right now, I am very happy with the results .",positive
"For me, The temperature is around 25 degrees .",neutral
"Right now, I am very happy with the results today.",positive
"Honestly, The company released a new announcement #review",neutral
"In my opinion, The company released a new announcement today.",neutral
"Today, I highly recommend this .",positive
Feeling frustrated and disappointed today today.,negative
"Today, The service was awful .",negative
"Personally, The results will be announced later",neutral
"Overall, I highly recommend this .",positive
"Personally, Such a beautiful day honestly.",positive
"Overall, The application has been updated right now.",neutral
"Personally, Feeling frustrated and disappointed today #review",negative
"Today, The new features are useless .",negative
"Right now, The store opens at 9 AM .",neutral
"For me, The train arrived at the station .",neutral
The team did an amazing job .,positive
"Personally, The flight is scheduled for Monday .",neutral
"After trying it, Worst purchase I have made .",negative
"After trying it, The temperature is around 25 degrees .",neutral
"Personally, The package contains two items .",neutral
"For me, I am checking the latest information #twitter",neutral
"For me, The temperature is around 25 degrees .",neutral
"Honestly, The service was excellent honestly.",positive
"For me, The meeting is scheduled for tomorrow #review",neutral
"In my opinion, The meeting is scheduled for tomorrow in my opinion.",neutral
"Right now, This made my day much worse .",negative
"In my opinion, The product is available in three colors #twitter",neutral
"Right now, I really enjoyed this experience .",positive
"Honestly, I highly recommend this .",positive
"Honestly, This movie was fantastic right now.",positive
"Personally, The team did a terrible job .",negative
"Honestly, I received the package this morning right now.",neutral
The package contains two items .,neutral
"Personally, This is not what I wanted #twitter",negative
"Personally, Everything worked perfectly .",positive
"Overall, Such a horrible day .",negative
"Just saying, This movie was fantastic .",positive
"After trying it, The report was published today .",neutral
"Personally, I am impressed with the quality in my opinion.",positive
"For me, The results will be announced later .",neutral
"Overall, This made my day so much better after trying it.",positive
"Honestly, This update is awesome .",positive
"Today, I am unhappy with the results .",negative
"Overall, I am very happy with the results .",positive
"Overall, I really disliked this experience .",negative
"Overall, Such a horrible day after trying it.",negative
"Today, What a wonderful experience today honestly.",positive
"Personally, This is terrible and does not work",negative
I am satisfied with the results right now.,positive
"Personally, Feeling great and positive today .",positive
"Overall, The new features are useless #twitter",negative
"Honestly, The team will meet next week .",neutral
"Overall, This made my day so much better .",positive
"For me, This made my day so much better .",positive
"Right now, I received the package this morning #twitter",neutral
This is not what I wanted .,negative
"In my opinion, This is not what I wanted .",negative
"In my opinion, The service was excellent .",positive
"Overall, The results will be announced later .",neutral
"Overall, Everything worked perfectly .",positive
"Today, The application has been updated #review",neutral
"In my opinion, This is amazing and works perfectly right now.",positive
"Right now, The service was excellent #review",positive
"In my opinion, The class begins at 10 AM .",neutral
"For me, What a wonderful experience today",positive
"For me, This movie was fantastic .",positive
"Right now, I would not recommend this today.",negative
"Honestly, This is amazing and works perfectly",positive
"Just saying, Absolutely fantastic experience .",positive
I really disliked this experience .,negative
"Personally, I would not recommend this honestly.",negative
"Right now, The results will be announced later .",neutral
"After trying it, I am reading the news right now",neutral
"Today, The results will be announced later #review",neutral
"In my opinion, I absolutely love this product after trying it.",positive
"Overall, The temperature is around 25 degrees .",neutral
"Just saying, I am very happy with the results",positive
"Just saying, This is exactly what I wanted .",positive
"Right now, The new features are brilliant .",positive
"Right now, I am disappointed with the quality .",negative
"In my opinion, The service was excellent .",positive
The new features are useless .,negative
"Honestly, The new features are useless .",negative
"Right now, Everything worked perfectly .",positive
This update is terrible right now.,negative
I watched the latest episode .,neutral
"Right now, I absolutely hate this product .",negative
"Honestly, I am impressed with the quality .",positive
"Just saying, I really disliked this experience .",negative
"Honestly, The new features are brilliant in my opinion.",positive
"In my opinion, This movie was fantastic right now.",positive
"Right now, I am reading the news right now .",neutral
"Overall, The new features are useless honestly.",negative
"Overall, The service was excellent right now.",positive
"Today, Such a beautiful day #review",positive
"In my opinion, The team did an amazing job .",positive
"Overall, The team did an amazing job right now.",positive
"Today, I really enjoyed this experience .",positive
"Overall, This update is terrible .",negative
"Overall, The service was awful .",negative
"Just saying, Such a horrible day #review",negative
"Overall, Absolutely awful experience",negative
"For me, I absolutely love this product .",positive
"Just saying, The website is currently available .",neutral
"Personally, This movie was extremely boring #review",negative
"Overall, The report was published today today.",neutral
"In my opinion, This update is awesome #review",positive
"Honestly, The website is currently available .",neutral
"Honestly, I highly recommend this",positive
"In my opinion, The company released a new announcement .",neutral
"Just saying, The report was published today after trying it.",neutral
"Personally, I highly recommend this #review",positive
"After trying it, Everything worked perfectly right now.",positive
"In my opinion, This is exactly what I wanted honestly.",positive
"For me, The report was published today .",neutral
"Today, This movie was fantastic",positive
"Right now, Best purchase I have made in a long time #twitter",positive
"Just saying, The team did a terrible job .",negative
"After trying it, The product is available in three colors .",neutral
The product is available in three colors .,neutral
"Personally, I absolutely love this product",positive
"Just saying, Worst purchase I have made",negative
"Today, This made my day so much better after trying it.",positive
"Right now, The application has been updated .",neutral
"Personally, I really disliked this experience .",negative
"Just saying, The weather is cloudy today",neutral
"After trying it, I would not recommend this .",negative
"Honestly, Everything worked perfectly",positive
"For me, This made my day so much better .",positive
"Today, The meeting is scheduled for tomorrow .",neutral
"In my opinion, The meeting is scheduled for tomorrow right now.",neutral
The store opens at 9 AM .,neutral
"Just saying, Such a beautiful day .",positive
"Honestly, I am checking the latest information .",neutral
"Honestly, The class begins at 10 AM .",neutral
The company released a new announcement .,neutral
"Just saying, This is exactly what I wanted #review",positive
"Right now, This is terrible and does not work .",negative
"For me, This update is terrible #review",negative
"Today, Feeling great and positive today honestly.",positive
"After trying it, The new features are useless .",negative
"Today, I am unhappy with the results in my opinion.",negative
"Honestly, The report was published today .",neutral
"Just saying, Such a horrible day .",negative
"Personally, Absolutely fantastic experience .",positive
"In my opinion, The event starts at 6 PM .",neutral
"In my opinion, I highly recommend this .",positive
"After trying it, I really enjoyed this experience .",positive
I really enjoyed this experience .,positive
"Honestly, The team will meet next week .",neutral
"Today, Feeling frustrated and disappointed today honestly.",negative
"Overall, This update is awesome .",positive
"After trying it, The website is currently available today.",neutral
"Honestly, The website is currently available .",neutral
"For me, This is terrible and does not work .",negative
The application has been updated .,neutral
"Today, This is amazing and works perfectly .",positive
"Right now, This is amazing and works perfectly .",positive
"For me, The report was published today #twitter",neutral
"Right now, The flight is scheduled for Monday .",neutral
"Right now, The event starts at 6 PM .",neutral
"After trying it, I highly recommend this .",positive
"Overall, The application has been updated after trying it.",neutral
"In my opinion, The event starts at 6 PM #review",neutral
"For me, I am impressed with the quality .",positive
"Today, The application has been updated today.",neutral
"Honestly, The team will meet next week",neutral
"Overall, The event starts at 6 PM .",neutral
"For me, Best purchase I have made in a long time after trying it.",positive
"For me, The service was excellent honestly.",positive
"In my opinion, Absolutely awful experience .",negative
"In my opinion, I am very disappointed with the results honestly.",negative
"For me, Absolutely awful experience .",negative
"Overall, I am unhappy with the results .",negative
"Overall, The new features are useless .",negative
"For me, This is not what I wanted .",negative
"Today, The flight is scheduled for Monday right now.",neutral
"In my opinion, I absolutely love this product",positive
"Personally, This movie was fantastic #review",positive
"Right now, Feeling great and positive today .",positive
The train arrived at the station .,neutral
"For me, The product is available in three colors",neutral
I am satisfied with the results .,positive
"Honestly, I watched the latest episode in my opinion.",neutral
"Today, Feeling frustrated and disappointed today right now.",negative
"In my opinion, The service was awful right now.",negative
"After trying it, The meeting is scheduled for tomorrow #twitter",neutral
"After trying it, The meeting is scheduled for tomorrow .",neutral
"For me, This is amazing and works perfectly .",positive
"In my opinion, What a wonderful experience today #twitter",positive
"Right now, The store opens at 9 AM .",neutral
"Just saying, This is not what I wanted .",negative
"For me, The team will meet next week .",neutral
"Overall, I would not recommend this #review",negative
"Personally, I am very happy with the results .",positive
"Overall, I highly recommend this #review",positive
I really enjoyed this experience in my opinion.,positive
"Personally, This movie was extremely boring .",negative
"For me, The service was awful after trying it.",negative
"Overall, The weather is cloudy today honestly.",neutral
"Just saying, Everything went completely wrong .",negative
"Today, The results will be announced later honestly.",neutral
"Right now, Feeling great and positive today .",positive
"Honestly, Everything went completely wrong .",negative
I am checking the latest information after trying it.,neutral
"For me, What a horrible experience today .",negative
"Personally, The class begins at 10 AM #review",neutral
"Personally, I am satisfied with the results .",positive
"Personally, What a wonderful experience today after trying it.",positive
"Just saying, I watched the latest episode in my opinion.",neutral
"Today, The website is currently available .",neutral
"Personally, The application has been updated honestly.",neutral
"After trying it, I am very disappointed with the results .",negative
"After trying it, This is amazing and works perfectly #twitter",positive
"Today, I absolutely love this product #twitter",positive
"Right now, The results will be announced later today.",neutral
"Personally, This is terrible and does not work .",negative
"After trying it, The application has been updated .",neutral
"Personally, Everything worked perfectly right now.",positive
"Just saying, This is exactly what I wanted .",positive
"Just saying, Worst purchase I have made .",negative
"Just saying, I received the package this morning right now.",neutral
"Overall, Absolutely awful experience .",negative
"Honestly, I highly recommend this today.",positive
"Right now, Absolutely awful experience .",negative
"Overall, I absolutely hate this product .",negative
"After trying it, I am reading the news right now .",neutral
"Just saying, I am very happy with the results in my opinion.",positive
"In my opinion, This is amazing and works perfectly .",positive
"Personally, Such a beautiful day .",positive
I am very disappointed with the results,negative
"Personally, This movie was extremely boring .",negative
"Just saying, Feeling frustrated and disappointed today after trying it.",negative
"For me, Absolutely awful experience in my opinion.",negative
"Today, The new features are useless .",negative
"Today, This made my day so much better .",positive
"For me, Such a beautiful day .",positive
"Just saying, What a wonderful experience today .",positive
"Honestly, The team did a terrible job .",negative
"For me, I highly recommend this honestly.",positive
"For me, The meeting is scheduled for tomorrow #review",neutral
"After trying it, This update is awesome",positive
"In my opinion, What a wonderful experience today .",positive
"Right now, Best purchase I have made in a long time .",positive
"Today, The store opens at 9 AM #twitter",neutral
"For me, This is terrible and does not work .",negative
"After trying it, The report was published today .",neutral
"Personally, Absolutely awful experience after trying it.",negative
"Overall, I received the package this morning .",neutral
"After trying it, I would not recommend this .",negative
The temperature is around 25 degrees .,neutral
"For me, I absolutely hate this product in my opinion.",negative
"Just saying, Everything worked perfectly after trying it.",positive
"Just saying, This is terrible and does not work .",negative
"Overall, This update is terrible #twitter",negative
"For me, The application has been updated right now.",neutral
The train arrived at the station .,neutral
"After trying it, I am disappointed with the quality .",negative
"Honestly, This update is terrible",negative
"Honestly, The report was published today #review",neutral
"Today, This made my day much worse",negative
"After trying it, I really enjoyed this experience honestly.",positive
"Overall, Everything worked perfectly .",positive
"After trying it, The team did a terrible job .",negative
The company released a new announcement in my opinion.,neutral
"Overall, I really enjoyed this experience honestly.",positive
I am very happy with the results after trying it.,positive
"Overall, I received the package this morning .",neutral
"For me, The flight is scheduled for Monday right now.",neutral
"In my opinion, The team did a terrible job .",negative
"Overall, The application has been updated .",neutral
"Personally, This update is awesome today.",positive
"Overall, The product is available in three colors .",neutral
"Today, I really enjoyed this experience honestly.",positive
"Overall, This made my day so much better #twitter",positive
"Right now, The flight is scheduled for Monday after trying it.",neutral
"Overall, What a horrible experience today .",negative
"Honestly, The report was published today .",neutral
The results will be announced later #review,neutral
"Personally, I am checking the latest information .",neutral
"In my opinion, This update is awesome in my opinion.",positive
"Right now, The product is available in three colors .",neutral
"Today, The service was awful .",negative
"After trying it, Such a horrible day .",negative
"In my opinion, Feeling frustrated and disappointed today .",negative
"In my opinion, The website is currently available .",neutral
"In my opinion, This is terrible and does not work .",negative
"In my opinion, Everything worked perfectly",positive
"After trying it, Everything worked perfectly .",positive
"Right now, The service was awful after trying it.",negative
"Just saying, The meeting is scheduled for tomorrow #review",neutral
"In my opinion, The meeting is scheduled for tomorrow .",neutral
"Overall, What a wonderful experience today .",positive
"After trying it, I watched the latest episode #review",neutral
"Honestly, Such a beautiful day right now.",positive
"In my opinion, The store opens at 9 AM #review",neutral
"Honestly, What a horrible experience today .",negative
"In my opinion, I really disliked this experience .",negative
"In my opinion, The class begins at 10 AM in my opinion.",neutral
"In my opinion, This movie was fantastic .",positive
"Honestly, I am very happy with the results #twitter",positive
This update is awesome .,positive
"Honestly, The product is available in three colors after trying it.",neutral
"Overall, The service was excellent in my opinion.",positive
"Honestly, This is exactly what I wanted #review",positive
"Overall, I am checking the latest information right now.",neutral
"Right now, I received the package this morning .",neutral
"Just saying, The new features are brilliant",positive
"Today, The event starts at 6 PM honestly.",neutral
"For me, The new features are brilliant #twitter",positive
"In my opinion, The service was awful .",negative
"For me, This made my day so much better today.",positive
"Right now, I am very happy with the results",positive
"After trying it, The meeting is scheduled for tomorrow #twitter",neutral
The results will be announced later .,neutral
"Right now, This update is terrible #review",negative
"Today, This made my day so much better .",positive
"Overall, The temperature is around 25 degrees .",neutral
"In my opinion, Worst purchase I have made .",negative
"Personally, The temperature is around 25 degrees #review",neutral
The new features are useless .,negative
"Right now, I would not recommend this today.",negative
"Just saying, The website is currently available #twitter",neutral
"Honestly, This is not what I wanted .",negative
"Right now, I am checking the latest information #review",neutral
"Personally, The company released a new announcement .",neutral
"Honestly, What a horrible experience today .",negative
"In my opinion, This is exactly what I wanted #review",positive
"After trying it, Such a horrible day .",negative
"Just saying, The new features are useless #review",negative
"For me, I am reading the news right now in my opinion.",neutral
"After trying it, The flight is scheduled for Monday .",neutral
"Today, I am impressed with the quality .",positive
"Right now, I really enjoyed this experience .",positive
"After trying it, This is terrible and does not work today.",negative
"Just saying, This movie was extremely boring right now.",negative
"Today, The temperature is around 25 degrees #twitter",neutral
"Right now, The website is currently available today.",neutral
"For me, Everything went completely wrong in my opinion.",negative
"In my opinion, I am very happy with the results .",positive
"Personally, Everything worked perfectly today.",positive
"In my opinion, The store opens at 9 AM .",neutral
"Overall, I am impressed with the quality .",positive
"Overall, This made my day so much better .",positive
"After trying it, What a wonderful experience today today.",positive
"After trying it, This made my day much worse #twitter",negative
"Honestly, I absolutely love this product .",positive
"Just saying, The class begins at 10 AM today.",neutral
The class begins at 10 AM #twitter,neutral
"After trying it, What a wonderful experience today after trying it.",positive
The report was published today in my opinion.,neutral
"In my opinion, This is amazing and works perfectly .",positive
"Today, The weather is cloudy today #twitter",neutral
"Overall, This is exactly what I wanted today.",positive
"Honestly, Such a beautiful day today.",positive
"Right now, I absolutely love this product right now.",positive
"Overall, The application has been updated .",neutral
"Today, Absolutely fantastic experience .",positive
"Personally, This movie was extremely boring .",negative
"Just saying, I am checking the latest information .",neutral
"Today, The temperature is around 25 degrees",neutral
"Just saying, Such a horrible day .",negative
"Right now, The team did a terrible job .",negative
"Right now, The results will be announced later #twitter",neutral
"After trying it, The team will meet next week .",neutral
"After trying it, Everything worked perfectly right now.",positive
"In my opinion, I am unhappy with the results honestly.",negative
"Just saying, The website is currently available honestly.",neutral
"Overall, I am reading the news right now in my opinion.",neutral
This is exactly what I wanted after trying it.,positive
"Personally, The weather is cloudy today after trying it.",neutral
"Right now, The meeting is scheduled for tomorrow today.",neutral
"After trying it, The train arrived at the station today.",neutral
"Personally, The new features are useless .",negative
"Right now, I highly recommend this .",positive
"Just saying, I am unhappy with the results .",negative
"Honestly, The company released a new announcement in my opinion.",neutral
I am impressed with the quality after trying it.,positive
"Honestly, I am very happy with the results .",positive
"Overall, I absolutely love this product",positive
I am satisfied with the results .,positive
"After trying it, I really enjoyed this experience .",positive
I highly recommend this .,positive
This movie was fantastic after trying it.,positive
"For me, Worst purchase I have made #review",negative
"After trying it, The new features are useless honestly.",negative
"Today, The flight is scheduled for Monday .",neutral
"Honestly, I would not recommend this today.",negative
"Just saying, The company released a new announcement in my opinion.",neutral
"Overall, The new features are brilliant #review",positive
"In my opinion, The new features are brilliant today.",positive
"Personally, This movie was extremely boring right now.",negative
"Overall, This is amazing and works perfectly .",positive
"For me, This is amazing and works perfectly #twitter",positive
"Today, This movie was extremely boring .",negative
"Overall, I highly recommend this right now.",positive
"In my opinion, I am very happy with the results #review",positive
"After trying it, I watched the latest episode",neutral
"In my opinion, This is exactly what I wanted .",positive
"Overall, I really enjoyed this experience in my opinion.",positive
"In my opinion, Such a beautiful day",positive
"Personally, This movie was fantastic #twitter",positive
"Honestly, This movie was extremely boring in my opinion.",negative
"For me, The event starts at 6 PM right now.",neutral
"For me, This update is terrible .",negative
The train arrived at the station .,neutral
I received the package this morning in my opinion.,neutral
The results will be announced later #review,neutral
"Personally, This is exactly what I wanted #twitter",positive
"In my opinion, I am reading the news right now today.",neutral
"For me, I received the package this morning .",neutral
The results will be announced later .,neutral
"In my opinion, The class begins at 10 AM in my opinion.",neutral
"Right now, The service was awful right now.",negative
"For me, Worst purchase I have made in my opinion.",negative
"Personally, The results will be announced later",neutral
"After trying it, I am very disappointed with the results #twitter",negative
"Personally, The website is currently available",neutral
"Overall, I am impressed with the quality in my opinion.",positive
"Today, The team did an amazing job .",positive
"Right now, The weather is cloudy today .",neutral
"Right now, This update is terrible #twitter",negative
"In my opinion, This is not what I wanted honestly.",negative
"Overall, Feeling frustrated and disappointed today right now.",negative
"Honestly, The class begins at 10 AM after trying it.",neutral
"Honestly, The team will meet next week",neutral
"Overall, This is exactly what I wanted .",positive
"Just saying, This is not what I wanted .",negative
"Right now, Feeling great and positive today .",positive
"Today, I really enjoyed this experience .",positive
Everything went completely wrong .,negative
"Personally, Feeling frustrated and disappointed today",negative
This is terrible and does not work .,negative
"Today, This is terrible and does not work #review",negative
"After trying it, This movie was extremely boring honestly.",negative
"After trying it, The new features are useless",negative
"Overall, The new features are useless .",negative
"For me, I really disliked this experience .",negative
"Today, The class begins at 10 AM .",neutral
"Honestly, What a wonderful experience today right now.",positive
"In my opinion, I highly recommend this right now.",positive
"Just saying, I would not recommend this right now.",negative
"Personally, The results will be announced later .",neutral
"For me, The results will be announced later .",neutral
"After trying it, The team did an amazing job",positive
"After trying it, The team did an amazing job .",positive
"Right now, I am impressed with the quality in my opinion.",positive
"Today, I watched the latest episode #twitter",neutral
"For me, I am very disappointed with the results .",negative
"Just saying, I am checking the latest information .",neutral
"For me, This is not what I wanted .",negative
"Personally, I highly recommend this right now.",positive
"In my opinion, I would not recommend this right now.",negative
"Today, The new features are brilliant today.",positive
"In my opinion, Absolutely fantastic experience #review",positive
"Honestly, The application has been updated",neutral
"After trying it, I really enjoyed this experience",positive
"Honestly, I am disappointed with the quality #twitter",negative
"After trying it, The train arrived at the station right now.",neutral
"Right now, I am checking the latest information .",neutral
"Personally, The team did a terrible job",negative
"Right now, Best purchase I have made in a long time .",positive
"For me, I am checking the latest information .",neutral
"For me, I really enjoyed this experience .",positive
"For me, I am very disappointed with the results .",negative
"Honestly, What a wonderful experience today .",positive
"Personally, The service was excellent .",positive
"After trying it, This update is terrible .",negative
This is amazing and works perfectly .,positive
"Today, Absolutely awful experience #review",negative
"Today, I watched the latest episode .",neutral
"Right now, What a wonderful experience today .",positive
The package contains two items .,neutral
I am disappointed with the quality .,negative
"Overall, I am disappointed with the quality in my opinion.",negative
"In my opinion, The service was excellent .",positive
"Overall, This movie was fantastic .",positive
"After trying it, The temperature is around 25 degrees .",neutral
"Personally, I really enjoyed this experience right now.",positive
"Just saying, I am checking the latest information .",neutral
"Just saying, Such a horrible day .",negative
"In my opinion, This is exactly what I wanted",positive
"Personally, I am unhappy with the results .",negative
"Right now, This made my day so much better today.",positive
"After trying it, This made my day so much better #twitter",positive
"In my opinion, Such a beautiful day .",positive
"In my opinion, I am satisfied with the results in my opinion.",positive
"Personally, I am satisfied with the results .",positive
I am very happy with the results .,positive
"Personally, The service was excellent .",positive
"Honestly, The meeting is scheduled for tomorrow in my opinion.",neutral
"Personally, This movie was fantastic right now.",positive
"Just saying, The event starts at 6 PM .",neutral
"Personally, The application has been updated .",neutral
"Honestly, I received the package this morning honestly.",neutral
"Overall, This is not what I wanted",negative
"After trying it, The meeting is scheduled for tomorrow after trying it.",neutral
"For me, The event starts at 6 PM .",neutral
"Personally, The service was excellent .",positive
"In my opinion, The meeting is scheduled for tomorrow",neutral
"After trying it, This is exactly what I wanted .",positive
"Honestly, Such a horrible day after trying it.",negative
"After trying it, The results will be announced later #review",neutral
"Today, The team will meet next week .",neutral
"Today, This update is terrible .",negative
This is amazing and works perfectly #twitter,positive
"For me, Best purchase I have made in a long time .",positive
"Right now, Best purchase I have made in a long time #review",positive
"Honestly, I am very disappointed with the results #twitter",negative
"Right now, This movie was fantastic today.",positive
"Today, The team did an amazing job in my opinion.",positive
"Just saying, The new features are brilliant honestly.",positive
"Today, Absolutely awful experience .",negative
I am very disappointed with the results .,negative
"Overall, The event starts at 6 PM right now.",neutral
"Overall, The product is available in three colors .",neutral
"Personally, The company released a new announcement .",neutral
"For me, This update is awesome right now.",positive
"Today, Absolutely awful experience .",negative
"Personally, I absolutely love this product .",positive
"Personally, I am checking the latest information .",neutral
"Personally, The service was excellent today.",positive
"Today, I am satisfied with the results in my opinion.",positive
"In my opinion, I really enjoyed this experience #twitter",positive
Such a horrible day .,negative
The company released a new announcement .,neutral
"Right now, This is not what I wanted honestly.",negative
"In my opinion, The meeting is scheduled for tomorrow #twitter",neutral
"Just saying, This is terrible and does not work .",negative
"Just saying, I would not recommend this .",negative
"Overall, I absolutely hate this product .",negative
"In my opinion, Everything went completely wrong .",negative
"Just saying, The event starts at 6 PM .",neutral
"For me, The service was awful .",negative
"For me, I am reading the news right now",neutral
Absolutely awful experience .,negative
"For me, I am disappointed with the quality today.",negative
"Personally, This made my day so much better #twitter",positive
"Right now, The package contains two items .",neutral
"Personally, I absolutely love this product .",positive
"Personally, This update is terrible .",negative
"In my opinion, The temperature is around 25 degrees in my opinion.",neutral
"Personally, The results will be announced later #twitter",neutral
"Just saying, This movie was extremely boring #twitter",negative
"In my opinion, Such a horrible day .",negative
"Today, The new features are useless today.",negative
"Right now, The company released a new announcement .",neutral
"Right now, This is amazing and works perfectly",positive
"For me, Feeling great and positive today .",positive
"Overall, Absolutely awful experience",negative
"Just saying, This is terrible and does not work .",negative
"For me, The company released a new announcement .",neutral
"Today, The temperature is around 25 degrees",neutral
"For me, Worst purchase I have made honestly.",negative
"For me, I highly recommend this #review",positive
The meeting is scheduled for tomorrow today.,neutral
"After trying it, The company released a new announcement #twitter",neutral
"Today, The package contains two items #twitter",neutral
"In my opinion, I absolutely love this product #review",positive
"For me, Such a beautiful day .",positive
"Right now, This update is terrible .",negative
I am very happy with the results .,positive
"Overall, The weather is cloudy today right now.",neutral
"Right now, I highly recommend this",positive
"Right now, This made my day much worse .",negative
This movie was extremely boring right now.,negative
"For me, The report was published today .",neutral
The meeting is scheduled for tomorrow #review,neutral
"After trying it, I am very happy with the results after trying it.",positive
The package contains two items after trying it.,neutral
This made my day much worse in my opinion.,negative
"Right now, Best purchase I have made in a long time today.",positive
"For me, Absolutely awful experience .",negative
"Honestly, The flight is scheduled for Monday honestly.",neutral
"In my opinion, Such a beautiful day .",positive
"For me, Best purchase I have made in a long time today.",positive
"After trying it, This is terrible and does not work right now.",negative
"Right now, Everything worked perfectly after trying it.",positive
"Personally, I am checking the latest information in my opinion.",neutral
"Personally, The product is available in three colors honestly.",neutral
"Honestly, Absolutely fantastic experience honestly.",positive
"For me, The product is available in three colors .",neutral
"Personally, This movie was fantastic .",positive
"Today, Absolutely fantastic experience",positive
"Overall, The website is currently available in my opinion.",neutral
"Right now, I absolutely hate this product .",negative
I absolutely hate this product right now.,negative
"Just saying, This is terrible and does not work honestly.",negative
"Overall, The new features are useless .",negative
"Right now, The team will meet next week .",neutral
"Overall, Absolutely fantastic experience .",positive
"Personally, The team did an amazing job .",positive
"Just saying, What a horrible experience today after trying it.",negative
"Honestly, I highly recommend this honestly.",positive
"Honestly, The team will meet next week .",neutral
Such a horrible day in my opinion.,negative
"In my opinion, I highly recommend this .",positive
This movie was extremely boring #review,negative
"For me, The report was published today #twitter",neutral
The new features are useless #review,negative
"Today, I am unhappy with the results #review",negative
I am checking the latest information .,neutral
"After trying it, Such a beautiful day right now.",positive
"Today, Absolutely awful experience honestly.",negative
The temperature is around 25 degrees .,neutral
"Just saying, I am checking the latest information right now.",neutral
"Just saying, I am impressed with the quality #review",positive
"Just saying, I am checking the latest information #twitter",neutral
"Personally, I am reading the news right now .",neutral
"After trying it, The results will be announced later .",neutral
I am very disappointed with the results,negative
"Overall, Best purchase I have made in a long time .",positive
"Just saying, The website is currently available",neutral
"In my opinion, This is amazing and works perfectly .",positive
"In my opinion, I watched the latest episode .",neutral
"Honestly, What a wonderful experience today .",positive
"Today, The team will meet next week .",neutral
"Overall, Feeling frustrated and disappointed today",negative
The report was published today .,neutral
The team did an amazing job,positive
"In my opinion, I am unhappy with the results after trying it.",negative
"In my opinion, Feeling great and positive today .",positive
The event starts at 6 PM right now.,neutral
"Overall, I absolutely hate this product .",negative
"In my opinion, I am checking the latest information .",neutral
"Personally, Everything went completely wrong honestly.",negative
Feeling great and positive today in my opinion.,positive
"Overall, The temperature is around 25 degrees",neutral
"After trying it, Everything worked perfectly .",positive
"Right now, What a wonderful experience today #review",positive
"Just saying, Absolutely awful experience #review",negative
"Personally, The event starts at 6 PM in my opinion.",neutral
The new features are brilliant .,positive
"For me, The team will meet next week after trying it.",neutral
"Right now, The new features are brilliant .",positive
The company released a new announcement right now.,neutral
"Honestly, This made my day much worse .",negative
"Right now, The service was awful .",negative
"Personally, The class begins at 10 AM in my opinion.",neutral
"Right now, This update is awesome .",positive
"Overall, The service was awful honestly.",negative
"Right now, I watched the latest episode after trying it.",neutral
"For me, The website is currently available .",neutral
"After trying it, I am very happy with the results .",positive
"Overall, Everything went completely wrong .",negative
The company released a new announcement #review,neutral
"Today, This movie was fantastic today.",positive
Worst purchase I have made #twitter,negative
"Honestly, This is terrible and does not work after trying it.",negative
"Today, The service was awful after trying it.",negative
"Today, I really enjoyed this experience #review",positive
"Honestly, This made my day so much better .",positive
"Just saying, I really disliked this experience",negative
"Honestly, The train arrived at the station honestly.",neutral
"Today, This update is awesome in my opinion.",positive
"In my opinion, I absolutely hate this product .",negative
"Today, I highly recommend this .",positive
"In my opinion, This is not what I wanted .",negative
"Today, I highly recommend this in my opinion.",positive
"Just saying, The service was awful right now.",negative
"Honestly, Best purchase I have made in a long time .",positive
"Honestly, What a wonderful experience today .",positive
"Today, Such a horrible day .",negative
"Just saying, The new features are brilliant .",positive
"Overall, I am disappointed with the quality in my opinion.",negative
"Today, This is exactly what I wanted",positive
"Overall, The store opens at 9 AM .",neutral
"Personally, The train arrived at the station after trying it.",neutral
"Overall, The team will meet next week .",neutral
"Right now, The weather is cloudy today right now.",neutral
"Personally, The team did a terrible job .",negative
"Personally, The train arrived at the station today.",neutral
"For me, The store opens at 9 AM in my opinion.",neutral
"After trying it, I am very happy with the results .",positive
"Just saying, Everything went completely wrong .",negative
"Personally, I am impressed with the quality in my opinion.",positive
"Right now, Absolutely fantastic experience .",positive
"Honestly, I received the package this morning .",neutral
"Just saying, The package contains two items .",neutral
"After trying it, The new features are useless",negative
"Overall, This is exactly what I wanted .",positive
"Just saying, The application has been updated right now.",neutral
The store opens at 9 AM .,neutral
"Today, The class begins at 10 AM",neutral
"After trying it, Worst purchase I have made honestly.",negative
"Personally, Absolutely fantastic experience .",positive
"After trying it, The results will be announced later .",neutral
Absolutely fantastic experience .,positive
"Personally, The temperature is around 25 degrees .",neutral
"For me, Everything worked perfectly",positive
"After trying it, The package contains two items .",neutral
"Personally, I received the package this morning today.",neutral
"For me, I am very happy with the results right now.",positive
"After trying it, The team will meet next week right now.",neutral
"Overall, Absolutely fantastic experience after trying it.",positive
"Just saying, The class begins at 10 AM .",neutral
"Personally, I would not recommend this .",negative
"Just saying, I would not recommend this #twitter",negative
"Today, This is not what I wanted .",negative
This is terrible and does not work honestly.,negative
"Today, Feeling great and positive today .",positive
"In my opinion, The weather is cloudy today honestly.",neutral
"Overall, This update is awesome today.",positive
"After trying it, Everything went completely wrong #review",negative
"In my opinion, This is amazing and works perfectly .",positive
"After trying it, This movie was extremely boring honestly.",negative
"After trying it, I received the package this morning honestly.",neutral
"Right now, The weather is cloudy today honestly.",neutral
"Honestly, I am unhappy with the results",negative
"Today, The meeting is scheduled for tomorrow in my opinion.",neutral
"Personally, This made my day much worse .",negative
"Personally, The results will be announced later after trying it.",neutral
"Today, This is not what I wanted after trying it.",negative
"Honestly, I am reading the news right now .",neutral
"Today, Such a horrible day .",negative
"After trying it, The team did a terrible job .",negative
"Right now, The service was awful in my opinion.",negative
I am disappointed with the quality right now.,negative
"Overall, Everything worked perfectly honestly.",positive
"For me, The team will meet next week .",neutral
"After trying it, Absolutely awful experience .",negative
"For me, What a wonderful experience today right now.",positive
"In my opinion, Feeling great and positive today",positive
"Honestly, I am reading the news right now .",neutral
The new features are brilliant honestly.,positive
"For me, I really disliked this experience #twitter",negative
"Today, I absolutely hate this product after trying it.",negative
"Personally, The results will be announced later .",neutral
"Personally, This update is awesome .",positive
"Honestly, The team will meet next week .",neutral
"Just saying, This is exactly what I wanted after trying it.",positive
"Today, This made my day much worse .",negative
"Right now, Everything worked perfectly #review",positive
"Honestly, This movie was fantastic after trying it.",positive
"For me, The team did an amazing job #review",positive
"After trying it, The temperature is around 25 degrees #review",neutral
"Overall, I am disappointed with the quality honestly.",negative
"Overall, I am checking the latest information .",neutral
"Just saying, I really enjoyed this experience .",positive
"Honestly, The team did a terrible job after trying it.",negative
"In my opinion, The weather is cloudy today .",neutral
"After trying it, What a horrible experience today",negative
"Right now, The package contains two items .",neutral
"Honestly, This is amazing and works perfectly .",positive
"After trying it, What a horrible experience today",negative
"Today, I am satisfied with the results #review",positive
"Honestly, Feeling great and positive today #twitter",positive
"For me, The new features are useless",negative
"Today, What a wonderful experience today .",positive
"For me, I would not recommend this #review",negative
"Overall, I am satisfied with the results",positive
"Honestly, The report was published today .",neutral
"Right now, This is exactly what I wanted in my opinion.",positive
"Today, The website is currently available .",neutral
"Today, The temperature is around 25 degrees after trying it.",neutral
"Personally, Absolutely fantastic experience right now.",positive
"Personally, I highly recommend this today.",positive
"Personally, Such a beautiful day .",positive
Such a horrible day honestly.,negative
"Honestly, The package contains two items .",neutral
"For me, The store opens at 9 AM",neutral
"Just saying, This made my day so much better .",positive
"Personally, This is exactly what I wanted after trying it.",positive
"For me, Feeling great and positive today after trying it.",positive
"Just saying, This is exactly what I wanted today.",positive
"In my opinion, The team will meet next week .",neutral
"For me, This is terrible and does not work after trying it.",negative
"Today, The team will meet next week today.",neutral
"Honestly, The application has been updated #review",neutral
"Overall, I am checking the latest information .",neutral
The service was excellent today.,positive
"Overall, The event starts at 6 PM #review",neutral
"After trying it, The event starts at 6 PM honestly.",neutral
"Honestly, Everything went completely wrong honestly.",negative
"Personally, This movie was fantastic after trying it.",positive
"Overall, Best purchase I have made in a long time #twitter",positive
"Honestly, What a wonderful experience today in my opinion.",positive
"After trying it, The meeting is scheduled for tomorrow",neutral
"Right now, The results will be announced later after trying it.",neutral
"Honestly, Such a horrible day",negative
"Honestly, This movie was extremely boring .",negative
"After trying it, Such a horrible day",negative
"Just saying, What a horrible experience today after trying it.",negative
"Just saying, The flight is scheduled for Monday .",neutral
"For me, The weather is cloudy today after trying it.",neutral
"Just saying, This update is terrible honestly.",negative
"Just saying, I am impressed with the quality right now.",positive
"In my opinion, Such a beautiful day honestly.",positive
"For me, The meeting is scheduled for tomorrow .",neutral
"In my opinion, This is exactly what I wanted right now.",positive
"Right now, This is terrible and does not work #twitter",negative
"For me, This update is awesome right now.",positive
"Overall, The application has been updated in my opinion.",neutral
"In my opinion, This made my day much worse .",negative
The company released a new announcement today.,neutral
"Today, I highly recommend this .",positive
"Today, What a wonderful experience today .",positive
"Honestly, Absolutely fantastic experience .",positive
"Personally, This made my day so much better",positive
"Right now, The website is currently available honestly.",neutral
"Just saying, This is amazing and works perfectly in my opinion.",positive
"In my opinion, Such a beautiful day .",positive
"Honestly, Everything worked perfectly honestly.",positive
"For me, Worst purchase I have made .",negative
"Overall, What a wonderful experience today .",positive
"Personally, Worst purchase I have made .",negative
"After trying it, I am very disappointed with the results in my opinion.",negative
"Just saying, I am disappointed with the quality right now.",negative
"Just saying, This is terrible and does not work .",negative
"In my opinion, This update is terrible .",negative
"Just saying, This made my day so much better right now.",positive
"After trying it, The temperature is around 25 degrees .",neutral
"Honestly, The package contains two items .",neutral
"After trying it, The team will meet next week .",neutral
"Honestly, What a wonderful experience today honestly.",positive
"For me, Feeling great and positive today after trying it.",positive
"Overall, I would not recommend this .",negative
"For me, The report was published today in my opinion.",neutral
"Right now, The store opens at 9 AM #twitter",neutral
"Right now, The temperature is around 25 degrees .",neutral
"Just saying, I am very disappointed with the results right now.",negative
"For me, This update is terrible .",negative
"Just saying, I am very disappointed with the results",negative
"Overall, The package contains two items after trying it.",neutral
"Overall, What a horrible experience today .",negative
I am satisfied with the results today.,positive
"Just saying, The store opens at 9 AM #twitter",neutral
"Honestly, Such a horrible day #review",negative
"Personally, I absolutely love this product today.",positive
"Personally, Feeling frustrated and disappointed today right now.",negative
"After trying it, The service was awful .",negative
"In my opinion, This movie was extremely boring .",negative
"Overall, I really disliked this experience right now.",negative
"Honestly, What a horrible experience today .",negative
"After trying it, I highly recommend this honestly.",positive
This is not what I wanted .,negative
"For me, The new features are useless in my opinion.",negative
"After trying it, I am impressed with the quality .",positive
"After trying it, The class begins at 10 AM in my opinion.",neutral
"Today, I am satisfied with the results after trying it.",positive
"Just saying, The new features are useless #twitter",negative
"Overall, This movie was fantastic .",positive
"Today, I would not recommend this honestly.",negative
"Today, Feeling great and positive today",positive
"After trying it, I absolutely love this product after trying it.",positive
"Overall, This made my day much worse .",negative
"Just saying, This is not what I wanted #twitter",negative
"After trying it, I highly recommend this right now.",positive
"Honestly, The store opens at 9 AM right now.",neutral
"Just saying, I absolutely love this product today.",positive
I absolutely love this product .,positive
"Overall, The weather is cloudy today",neutral
"For me, This update is awesome #review",positive
"In my opinion, The class begins at 10 AM",neutral
"Today, The team did a terrible job today.",negative
"For me, This update is awesome .",positive
"After trying it, This is amazing and works perfectly .",positive
"For me, What a wonderful experience today in my opinion.",positive
"For me, Absolutely fantastic experience .",positive
"Just saying, I am very disappointed with the results honestly.",negative
"Overall, This movie was extremely boring .",negative
"In my opinion, I absolutely love this product .",positive
"Personally, This is exactly what I wanted after trying it.",positive
"Right now, This is terrible and does not work .",negative
"Right now, This is terrible and does not work #review",negative
"In my opinion, The meeting is scheduled for tomorrow right now.",neutral
"Honestly, I am very happy with the results .",positive
"Overall, The service was awful .",negative
"Right now, Absolutely awful experience #review",negative
"Personally, I am very happy with the results .",positive
"Today, The team will meet next week .",neutral
"Personally, The weather is cloudy today honestly.",neutral
"Overall, The team did a terrible job after trying it.",negative
What a wonderful experience today #twitter,positive
This is terrible and does not work .,negative
I am impressed with the quality .,positive
Worst purchase I have made .,negative
"Honestly, This made my day so much better in my opinion.",positive
"After trying it, Feeling frustrated and disappointed today #review",negative
"Honestly, The store opens at 9 AM right now.",neutral
"For me, The new features are brilliant .",positive
"Just saying, Best purchase I have made in a long time .",positive
"Today, Feeling great and positive today .",positive
"Personally, Worst purchase I have made in my opinion.",negative
"Honestly, I am unhappy with the results right now.",negative
"Honestly, The temperature is around 25 degrees .",neutral
"After trying it, I am satisfied with the results .",positive
The team did an amazing job .,positive
"Overall, This made my day so much better after trying it.",positive
"After trying it, I really enjoyed this experience after trying it.",positive
"For me, The team will meet next week .",neutral
"Overall, The store opens at 9 AM today.",neutral
"Overall, I am impressed with the quality .",positive
"In my opinion, The application has been updated right now.",neutral
"Just saying, I watched the latest episode .",neutral
"In my opinion, Feeling frustrated and disappointed today in my opinion.",negative
"In my opinion, The store opens at 9 AM .",neutral
"After trying it, The company released a new announcement .",neutral
"Honestly, The report was published today right now.",neutral
"Honestly, This movie was extremely boring .",negative
"After trying it, What a horrible experience today right now.",negative
"Personally, I absolutely love this product .",positive
"For me, The company released a new announcement .",neutral
"For me, I really enjoyed this experience #review",positive
"Overall, What a horrible experience today .",negative
"In my opinion, I would not recommend this #twitter",negative
"After trying it, The service was awful",negative
"Just saying, The product is available in three colors #twitter",neutral
"For me, I am unhappy with the results right now.",negative
"Honestly, The event starts at 6 PM right now.",neutral
This update is terrible #review,negative
"In my opinion, Such a beautiful day .",positive
"After trying it, I really disliked this experience .",negative
"Right now, The service was excellent #twitter",positive
"In my opinion, The train arrived at the station .",neutral
"Right now, The application has been updated .",neutral
"Personally, This update is awesome after trying it.",positive
"Right now, Everything worked perfectly honestly.",positive
"Today, The team did a terrible job honestly.",negative
"Honestly, I highly recommend this honestly.",positive
"For me, This is terrible and does not work .",negative
"Today, Absolutely awful experience .",negative
"Today, This update is awesome right now.",positive
"Today, The package contains two items #review",neutral
"After trying it, I really enjoyed this experience after trying it.",positive
"Right now, Best purchase I have made in a long time after trying it.",positive
"In my opinion, The weather is cloudy today .",neutral
"Just saying, The train arrived at the station .",neutral
"After trying it, This update is terrible today.",negative
"Honestly, Such a beautiful day honestly.",positive
"After trying it, I absolutely hate this product .",negative
"Just saying, The temperature is around 25 degrees .",neutral
"After trying it, The application has been updated #review",neutral
"Right now, The new features are brilliant right now.",positive
"Overall, The team will meet next week",neutral
"Today, I highly recommend this in my opinion.",positive
"After trying it, The store opens at 9 AM .",neutral
"For me, I watched the latest episode today.",neutral
"Today, Absolutely awful experience today.",negative
"Today, I am impressed with the quality .",positive
"Right now, What a wonderful experience today .",positive
"For me, I am unhappy with the results .",negative
"In my opinion, The new features are useless after trying it.",negative
"Overall, I am disappointed with the quality .",negative
"Overall, Absolutely awful experience after trying it.",negative
"Honestly, I would not recommend this in my opinion.",negative
"Just saying, Absolutely awful experience .",negative
"Overall, Feeling great and positive today .",positive
"In my opinion, I watched the latest episode .",neutral
"For me, This update is awesome .",positive
"Honestly, The team did a terrible job honestly.",negative
"After trying it, Such a beautiful day today.",positive
This movie was fantastic .,positive
"In my opinion, Feeling frustrated and disappointed today today.",negative
"In my opinion, I am very happy with the results in my opinion.",positive
"Right now, This made my day so much better .",positive
"Overall, This is amazing and works perfectly",positive
"Personally, The report was published today in my opinion.",neutral
"Overall, Such a horrible day",negative
"In my opinion, I am unhappy with the results .",negative
"For me, Everything went completely wrong in my opinion.",negative
"Overall, Absolutely awful experience honestly.",negative
"In my opinion, I absolutely hate this product honestly.",negative
"Overall, The new features are useless .",negative
"Overall, Best purchase I have made in a long time #twitter",positive
"Personally, The service was excellent .",positive
"In my opinion, I received the package this morning honestly.",neutral
"Today, This is amazing and works perfectly",positive
"Today, The application has been updated .",neutral
"Just saying, Everything worked perfectly .",positive
"Today, This movie was extremely boring right now.",negative
"Today, Absolutely awful experience .",negative
"After trying it, This is not what I wanted #review",negative
"Today, This made my day much worse .",negative
What a wonderful experience today .,positive
"After trying it, What a wonderful experience today .",positive
"Overall, The report was published today .",neutral
"Overall, I am very disappointed with the results #twitter",negative
"In my opinion, This movie was fantastic .",positive
"Today, The report was published today after trying it.",neutral
"After trying it, This is exactly what I wanted .",positive
"Personally, This is amazing and works perfectly #twitter",positive
"Honestly, This is exactly what I wanted .",positive
"Honestly, Such a horrible day .",negative
"Today, Worst purchase I have made .",negative
"Right now, This update is awesome .",positive
The train arrived at the station in my opinion.,neutral
"Right now, The service was excellent .",positive
"For me, I am satisfied with the results #review",positive
"Right now, This is not what I wanted in my opinion.",negative
"Personally, I am reading the news right now right now.",neutral
"Personally, I absolutely love this product .",positive
"Today, I am unhappy with the results #review",negative
"Honestly, The new features are useless after trying it.",negative
"After trying it, The flight is scheduled for Monday .",neutral
"Just saying, The team did a terrible job after trying it.",negative
"In my opinion, This is amazing and works perfectly .",positive
"After trying it, This update is terrible today.",negative
"After trying it, The temperature is around 25 degrees .",neutral
"In my opinion, This is not what I wanted .",negative
"In my opinion, The weather is cloudy today .",neutral
"After trying it, The service was awful #review",negative
"In my opinion, This made my day much worse .",negative
"In my opinion, This is amazing and works perfectly .",positive
I am very happy with the results .,positive
"Personally, The train arrived at the station honestly.",neutral
"Personally, The new features are brilliant .",positive
"Personally, This movie was fantastic today.",positive
"Honestly, I really disliked this experience right now.",negative
"Honestly, I am unhappy with the results #twitter",negative
"For me, This made my day so much better #twitter",positive
"Right now, The package contains two items .",neutral
"Right now, I really disliked this experience #twitter",negative
"After trying it, I really disliked this experience #twitter",negative
"In my opinion, I watched the latest episode .",neutral
"Just saying, This movie was extremely boring .",negative
"Right now, The weather is cloudy today right now.",neutral
"Honestly, I really disliked this experience #review",negative
"Personally, Absolutely awful experience .",negative
"For me, I am satisfied with the results",positive
"For me, The results will be announced later #review",neutral
"In my opinion, The company released a new announcement .",neutral
"Just saying, I am unhappy with the results honestly.",negative
"Just saying, Best purchase I have made in a long time after trying it.",positive
"Personally, This movie was extremely boring in my opinion.",negative
"For me, I am impressed with the quality .",positive
"After trying it, This is amazing and works perfectly .",positive
"After trying it, Feeling frustrated and disappointed today after trying it.",negative
I am very happy with the results honestly.,positive
"Today, This update is awesome .",positive
"In my opinion, This is amazing and works perfectly .",positive
"After trying it, The store opens at 9 AM .",neutral
"After trying it, Best purchase I have made in a long time honestly.",positive
"After trying it, Absolutely fantastic experience .",positive
"After trying it, Absolutely awful experience today.",negative
"In my opinion, I absolutely hate this product #twitter",negative
"Honestly, Best purchase I have made in a long time",positive
"Today, I absolutely hate this product right now.",negative
"Right now, The product is available in three colors after trying it.",neutral
This is not what I wanted after trying it.,negative
"Just saying, I am unhappy with the results",negative
The service was excellent honestly.,positive
"Just saying, This is not what I wanted .",negative
"For me, The flight is scheduled for Monday honestly.",neutral
"Today, Such a beautiful day .",positive
"In my opinion, This is not what I wanted in my opinion.",negative
"Just saying, The product is available in three colors .",neutral
I am satisfied with the results .,positive
"Just saying, Feeling frustrated and disappointed today .",negative
"After trying it, What a horrible experience today in my opinion.",negative
"For me, The service was excellent right now.",positive
"Overall, The new features are brilliant honestly.",positive
"After trying it, The store opens at 9 AM .",neutral
"In my opinion, The package contains two items .",neutral
"Personally, Feeling great and positive today .",positive
"Just saying, The temperature is around 25 degrees .",neutral
"After trying it, The service was awful .",negative
"After trying it, The new features are useless after trying it.",negative
"Honestly, The team will meet next week after trying it.",neutral
"After trying it, The team did an amazing job in my opinion.",positive
"Overall, The new features are useless .",negative
"Today, The website is currently available .",neutral
"Personally, I received the package this morning .",neutral
"For me, I watched the latest episode .",neutral
"Today, I absolutely hate this product honestly.",negative
"After trying it, Absolutely fantastic experience today.",positive
I highly recommend this after trying it.,positive
"In my opinion, This update is terrible after trying it.",negative
"Just saying, I am reading the news right now honestly.",neutral
"Right now, The team will meet next week right now.",neutral
"Right now, The company released a new announcement .",neutral
I would not recommend this #twitter,negative
"Honestly, Worst purchase I have made right now.",negative
"Honestly, I am reading the news right now .",neutral
"Today, The service was excellent #review",positive
Absolutely fantastic experience honestly.,positive
"Personally, The store opens at 9 AM .",neutral
"Honestly, The store opens at 9 AM #review",neutral
"After trying it, This movie was fantastic in my opinion.",positive
"For me, Feeling frustrated and disappointed today .",negative
"Personally, The package contains two items today.",neutral
What a horrible experience today .,negative
"Today, Such a beautiful day #review",positive
"Personally, The weather is cloudy today",neutral
"Overall, Worst purchase I have made .",negative
Best purchase I have made in a long time .,positive
The new features are useless right now.,negative
"Right now, Worst purchase I have made .",negative
The meeting is scheduled for tomorrow #twitter,neutral
"After trying it, I watched the latest episode #review",neutral
"Overall, I am checking the latest information .",neutral
"Just saying, The new features are brilliant .",positive
"Today, I am very disappointed with the results .",negative
"In my opinion, The package contains two items #twitter",neutral
"Right now, I am impressed with the quality after trying it.",positive
"Today, I am impressed with the quality honestly.",positive
"For me, I absolutely love this product after trying it.",positive
"For me, The product is available in three colors .",neutral
"Right now, This movie was extremely boring .",negative
"Right now, What a wonderful experience today after trying it.",positive
"For me, This movie was extremely boring in my opinion.",negative
"Personally, Absolutely fantastic experience #review",positive
"After trying it, What a horrible experience today",negative
"For me, I am very disappointed with the results .",negative
"In my opinion, The team will meet next week .",neutral
"Just saying, The team did an amazing job .",positive
"Personally, I am disappointed with the quality .",negative
"Today, Everything worked perfectly right now.",positive
"Right now, The event starts at 6 PM .",neutral
"Personally, The train arrived at the station after trying it.",neutral
"Just saying, I am reading the news right now",neutral
"Personally, This is amazing and works perfectly",positive
"Personally, The train arrived at the station .",neutral
"In my opinion, I am unhappy with the results .",negative
"Overall, This update is awesome after trying it.",positive
"Just saying, The results will be announced later .",neutral
"Personally, The class begins at 10 AM .",neutral
Feeling frustrated and disappointed today .,negative
"Honestly, Absolutely awful experience #review",negative
"Personally, Such a beautiful day right now.",positive
"Today, Such a beautiful day .",positive
"Overall, Such a beautiful day .",positive
"For me, Feeling great and positive today .",positive
"Today, The report was published today .",neutral
"For me, I received the package this morning today.",neutral
"Personally, Worst purchase I have made",negative
I received the package this morning #review,neutral
"For me, The company released a new announcement .",neutral
"Today, The package contains two items #twitter",neutral
"Right now, This made my day much worse after trying it.",negative
"Today, I am very disappointed with the results today.",negative
"In my opinion, I am disappointed with the quality .",negative
"Just saying, This movie was fantastic in my opinion.",positive
"Just saying, I highly recommend this .",positive
"For me, I watched the latest episode",neutral
"Honestly, This is terrible and does not work .",negative
"Just saying, This is not what I wanted after trying it.",negative
"Personally, Everything worked perfectly .",positive
"After trying it, I would not recommend this in my opinion.",negative
"After trying it, The flight is scheduled for Monday after trying it.",neutral
"Right now, This is terrible and does not work .",negative
"Right now, The team did an amazing job right now.",positive
"Right now, I am impressed with the quality .",positive
"After trying it, The package contains two items after trying it.",neutral
"Personally, I am unhappy with the results .",negative
"In my opinion, I highly recommend this #review",positive
"After trying it, This is amazing and works perfectly right now.",positive
"Just saying, The results will be announced later #review",neutral
I am unhappy with the results .,negative
"Overall, Everything went completely wrong in my opinion.",negative
"Right now, I am unhappy with the results .",negative
Feeling frustrated and disappointed today after trying it.,negative
Best purchase I have made in a long time .,positive
"Just saying, This update is awesome after trying it.",positive
The company released a new announcement .,neutral
The temperature is around 25 degrees right now.,neutral
"After trying it, The company released a new announcement .",neutral
"In my opinion, This made my day so much better .",positive
"Personally, The website is currently available #review",neutral
"Today, Everything worked perfectly today.",positive
"Right now, The event starts at 6 PM honestly.",neutral
"Honestly, The new features are brilliant .",positive
"Today, Such a horrible day #review",negative
"Just saying, I am very happy with the results",positive
"In my opinion, Worst purchase I have made .",negative
"Just saying, What a horrible experience today .",negative
"In my opinion, Feeling frustrated and disappointed today .",negative
"For me, The website is currently available honestly.",neutral
"For me, I am satisfied with the results .",positive
"After trying it, This is terrible and does not work .",negative
"Just saying, This movie was fantastic right now.",positive
"Right now, The product is available in three colors .",neutral
The company released a new announcement honestly.,neutral
"Just saying, This is terrible and does not work .",negative
"For me, This made my day so much better #twitter",positive
"Right now, Absolutely fantastic experience .",positive
"After trying it, I highly recommend this #review",positive
"Just saying, Absolutely fantastic experience right now.",positive
"For me, I highly recommend this today.",positive
"Personally, Feeling great and positive today honestly.",positive
"In my opinion, I am checking the latest information today.",neutral
"Overall, I am very disappointed with the results #review",negative
Such a horrible day .,negative
"Just saying, I would not recommend this #twitter",negative
"Overall, The new features are brilliant #twitter",positive
"Right now, The new features are brilliant today.",positive
"In my opinion, Such a horrible day",negative
"Just saying, I absolutely love this product #twitter",positive
"Personally, The application has been updated today.",neutral
"Right now, The package contains two items .",neutral
"For me, I am very disappointed with the results in my opinion.",negative
"Today, The team will meet next week right now.",neutral
"After trying it, This movie was fantastic after trying it.",positive
"Honestly, I am very happy with the results .",positive
"For me, Absolutely awful experience .",negative
"In my opinion, Absolutely fantastic experience .",positive
"Personally, I watched the latest episode",neutral
The new features are brilliant .,positive
"Right now, This movie was fantastic .",positive
"Right now, This is exactly what I wanted in my opinion.",positive
"Right now, What a horrible experience today after trying it.",negative
"After trying it, What a horrible experience today right now.",negative
"In my opinion, Everything worked perfectly .",positive
"Just saying, I highly recommend this .",positive
"Today, I highly recommend this after trying it.",positive
"Just saying, This movie was extremely boring",negative
"Honestly, The package contains two items in my opinion.",neutral
"Overall, This movie was fantastic .",positive
"Overall, The team did a terrible job honestly.",negative
"Just saying, The new features are brilliant #twitter",positive
"In my opinion, I am very disappointed with the results .",negative
"Personally, This is exactly what I wanted .",positive
"For me, What a wonderful experience today .",positive
"Overall, Feeling frustrated and disappointed today",negative
"In my opinion, The flight is scheduled for Monday after trying it.",neutral
"Personally, The class begins at 10 AM",neutral
"Today, The flight is scheduled for Monday .",neutral
"For me, The temperature is around 25 degrees .",neutral
"Today, The new features are useless",negative
"Just saying, Everything worked perfectly #twitter",positive
"For me, The train arrived at the station .",neutral
"Today, I really enjoyed this experience right now.",positive
The weather is cloudy today in my opinion.,neutral
"Right now, Everything worked perfectly right now.",positive
"For me, The product is available in three colors #twitter",neutral
"Just saying, The results will be announced later honestly.",neutral
"Just saying, Feeling frustrated and disappointed today #review",negative
"Right now, Everything went completely wrong right now.",negative
"Just saying, The new features are useless .",negative
"Overall, This update is terrible in my opinion.",negative
"Honestly, What a wonderful experience today .",positive
"Overall, This is terrible and does not work after trying it.",negative
"Right now, This movie was fantastic after trying it.",positive
"Honestly, The company released a new announcement #review",neutral
"Honestly, What a wonderful experience today right now.",positive
"Personally, The package contains two items after trying it.",neutral
"After trying it, I am unhappy with the results right now.",negative
"In my opinion, This movie was extremely boring .",negative
"Honestly, The store opens at 9 AM .",neutral
"For me, What a wonderful experience today .",positive
"Right now, I highly recommend this honestly.",positive
"Personally, The application has been updated after trying it.",neutral
"Today, The team will meet next week .",neutral
"Overall, What a horrible experience today .",negative
"For me, Everything went completely wrong .",negative
"Honestly, The results will be announced later honestly.",neutral
"For me, The website is currently available #twitter",neutral
"Personally, Such a horrible day #twitter",negative
"For me, I really disliked this experience #review",negative
This made my day much worse #twitter,negative
"For me, The flight is scheduled for Monday",neutral
"After trying it, The new features are useless .",negative
This is not what I wanted .,negative
"For me, This is terrible and does not work .",negative
"Honestly, I am very happy with the results .",positive
I watched the latest episode .,neutral
"Personally, The team did an amazing job honestly.",positive
"After trying it, I am very happy with the results today.",positive
"Personally, I am very happy with the results in my opinion.",positive
"Personally, The service was excellent .",positive
"In my opinion, The product is available in three colors right now.",neutral
"Overall, This made my day so much better honestly.",positive
"For me, I highly recommend this in my opinion.",positive
"Right now, The event starts at 6 PM .",neutral
"Overall, This made my day much worse .",negative
"After trying it, I am very disappointed with the results .",negative
"Honestly, The website is currently available .",neutral
"Just saying, Everything worked perfectly after trying it.",positive
"Just saying, I really enjoyed this experience today.",positive
"Today, The company released a new announcement .",neutral
"Right now, The team did an amazing job .",positive
"Today, The team did an amazing job #twitter",positive
"In my opinion, The service was excellent in my opinion.",positive
"Right now, Feeling frustrated and disappointed today .",negative
"In my opinion, Worst purchase I have made honestly.",negative
I am unhappy with the results .,negative
"Personally, Such a beautiful day .",positive
"Today, The service was excellent .",positive
"Right now, The new features are useless in my opinion.",negative
"Overall, Feeling great and positive today after trying it.",positive
"After trying it, I received the package this morning",neutral
"Today, The results will be announced later in my opinion.",neutral
"For me, Everything worked perfectly .",positive
"Today, I highly recommend this",positive
"In my opinion, What a wonderful experience today in my opinion.",positive
"Today, This is terrible and does not work .",negative
"Today, The event starts at 6 PM after trying it.",neutral
"After trying it, This is exactly what I wanted .",positive
"Today, This update is terrible today.",negative
"Overall, The team will meet next week",neutral
"Overall, I am very happy with the results .",positive
"In my opinion, I highly recommend this .",positive
"Overall, The service was excellent",positive
"Honestly, The team will meet next week after trying it.",neutral
"Just saying, The class begins at 10 AM honestly.",neutral
"Personally, Absolutely fantastic experience .",positive
"Personally, The new features are useless after trying it.",negative
"For me, Feeling great and positive today .",positive
I absolutely hate this product right now.,negative
"Personally, I would not recommend this in my opinion.",negative
"Honestly, I would not recommend this .",negative
"After trying it, The report was published today today.",neutral
"In my opinion, The package contains two items after trying it.",neutral
This is not what I wanted .,negative
"Overall, The package contains two items .",neutral
"Just saying, Everything went completely wrong",negative
"Personally, I absolutely love this product .",positive
"For me, Absolutely fantastic experience .",positive
"In my opinion, This is not what I wanted after trying it.",negative
"In my opinion, The service was awful #review",negative
"Today, What a wonderful experience today .",positive
"Honestly, I am checking the latest information today.",neutral
"Overall, The application has been updated honestly.",neutral
"Today, I watched the latest episode #twitter",neutral
"Just saying, The new features are useless .",negative
"Today, This is exactly what I wanted .",positive
"For me, I highly recommend this .",positive
I absolutely hate this product in my opinion.,negative
"Today, Everything went completely wrong",negative
"Overall, The results will be announced later today.",neutral
"In my opinion, This is not what I wanted",negative
"Today, I would not recommend this right now.",negative
The temperature is around 25 degrees #twitter,neutral
"After trying it, I am very happy with the results .",positive
"Just saying, The company released a new announcement right now.",neutral
"Personally, I am unhappy with the results .",negative
"For me, I am very happy with the results .",positive
"Personally, I really enjoyed this experience .",positive
"For me, Such a beautiful day after trying it.",positive
"Just saying, I would not recommend this #review",negative
"Just saying, I would not recommend this .",negative
"After trying it, The new features are useless .",negative
"Just saying, This is terrible and does not work .",negative
"For me, I am satisfied with the results in my opinion.",positive
This movie was fantastic #twitter,positive
"Personally, This is exactly what I wanted .",positive
"Today, I am reading the news right now .",neutral
"Personally, I highly recommend this .",positive
"Today, I am unhappy with the results",negative
"Today, I am disappointed with the quality .",negative
"Today, The new features are brilliant .",positive
"After trying it, The temperature is around 25 degrees .",neutral
"After trying it, This made my day so much better .",positive
"After trying it, Absolutely fantastic experience #twitter",positive
"After trying it, Absolutely awful experience right now.",negative
"Honestly, The application has been updated",neutral
"Today, I am satisfied with the results today.",positive
"Honestly, I absolutely hate this product .",negative
"For me, This movie was fantastic in my opinion.",positive
"After trying it, The website is currently available .",neutral
"For me, The team will meet next week .",neutral
"After trying it, The store opens at 9 AM #review",neutral
"Right now, I absolutely love this product",positive
"For me, The new features are useless .",negative
"Just saying, Absolutely fantastic experience .",positive
"In my opinion, I would not recommend this right now.",negative
I am very happy with the results .,positive
"Overall, The class begins at 10 AM .",neutral
"After trying it, The team did an amazing job honestly.",positive
"Today, The new features are useless .",negative
"For me, Everything went completely wrong .",negative
Feeling great and positive today right now.,positive
"Personally, Feeling great and positive today .",positive
"Personally, The new features are brilliant .",positive
I am reading the news right now #review,neutral
"Right now, The team will meet next week .",neutral
I would not recommend this in my opinion.,negative
"In my opinion, I am reading the news right now .",neutral
"In my opinion, I am impressed with the quality .",positive
"After trying it, I am unhappy with the results #review",negative
This movie was extremely boring .,negative
"In my opinion, This movie was fantastic honestly.",positive
The service was excellent #twitter,positive
"For me, I am impressed with the quality honestly.",positive
"Just saying, I absolutely love this product honestly.",positive
"Personally, The new features are brilliant .",positive
"In my opinion, The report was published today .",neutral
"Right now, What a wonderful experience today .",positive
"In my opinion, The results will be announced later right now.",neutral
"Today, What a wonderful experience today today.",positive
"Overall, I received the package this morning #twitter",neutral
"Just saying, The temperature is around 25 degrees .",neutral
"In my opinion, Absolutely awful experience",negative
"In my opinion, The weather is cloudy today honestly.",neutral
"For me, The team did a terrible job right now.",negative
"For me, Feeling frustrated and disappointed today .",negative
"Personally, I am unhappy with the results .",negative
I am satisfied with the results,positive
"In my opinion, The service was excellent after trying it.",positive
"After trying it, This is terrible and does not work .",negative
This is amazing and works perfectly,positive
"Right now, I am reading the news right now today.",neutral
I am checking the latest information .,neutral
The website is currently available .,neutral
"For me, I absolutely hate this product .",negative
"Overall, I highly recommend this today.",positive
"Honestly, I am impressed with the quality right now.",positive
"Right now, I highly recommend this honestly.",positive
Feeling frustrated and disappointed today .,negative
"Today, The application has been updated .",neutral
"Overall, I am disappointed with the quality",negative
"For me, I am checking the latest information #twitter",neutral
"Overall, This movie was fantastic in my opinion.",positive
"After trying it, The report was published today #review",neutral
"Today, The event starts at 6 PM .",neutral
"Overall, The package contains two items .",neutral
"After trying it, I received the package this morning .",neutral
"Just saying, The team will meet next week .",neutral
"Personally, The team did an amazing job .",positive
"Right now, I am very disappointed with the results .",negative
"After trying it, Absolutely fantastic experience today.",positive
"Right now, I am reading the news right now .",neutral
"For me, This update is awesome .",positive
"Right now, This made my day much worse in my opinion.",negative
"For me, The website is currently available #review",neutral
"After trying it, I am checking the latest information #review",neutral
"Honestly, This is terrible and does not work after trying it.",negative
"For me, What a wonderful experience today .",positive
"Today, I really disliked this experience today.",negative
"Personally, Everything went completely wrong .",negative
"After trying it, The product is available in three colors .",neutral
"After trying it, The team did a terrible job honestly.",negative
"Honestly, I absolutely love this product .",positive
"After trying it, Absolutely awful experience .",negative
I absolutely love this product .,positive
"Personally, This update is awesome after trying it.",positive
"For me, I highly recommend this right now.",positive
"Just saying, The new features are brilliant .",positive
"In my opinion, I really enjoyed this experience",positive
I watched the latest episode after trying it.,neutral
"Today, What a wonderful experience today after trying it.",positive
"In my opinion, The company released a new announcement .",neutral
"After trying it, The team will meet next week right now.",neutral
"Right now, This made my day much worse .",negative
The meeting is scheduled for tomorrow in my opinion.,neutral
I am disappointed with the quality .,negative
"Overall, I watched the latest episode .",neutral
I am unhappy with the results .,negative
"Overall, The results will be announced later",neutral
"Overall, This movie was extremely boring right now.",negative
"Personally, Worst purchase I have made #twitter",negative
"For me, The temperature is around 25 degrees .",neutral
"For me, The company released a new announcement after trying it.",neutral
"Overall, Worst purchase I have made in my opinion.",negative
"For me, I absolutely hate this product .",negative
"Today, Such a beautiful day after trying it.",positive
"Right now, The service was excellent after trying it.",positive
"For me, The results will be announced later .",neutral
"Just saying, Feeling frustrated and disappointed today in my opinion.",negative
"Right now, Best purchase I have made in a long time .",positive
"Today, The flight is scheduled for Monday .",neutral
"In my opinion, I watched the latest episode .",neutral
"Overall, Absolutely awful experience in my opinion.",negative
"Today, The team did a terrible job .",negative
"For me, I absolutely love this product .",positive
"Right now, Absolutely fantastic experience #twitter",positive
"Today, I am very disappointed with the results .",negative
"Personally, I am very disappointed with the results after trying it.",negative
"Right now, I absolutely love this product in my opinion.",positive
"After trying it, Such a horrible day",negative
The service was excellent right now.,positive
"After trying it, I am checking the latest information .",neutral
"Honestly, I am very disappointed with the results .",negative
"Right now, The website is currently available .",neutral
"Overall, The company released a new announcement right now.",neutral
"After trying it, The flight is scheduled for Monday .",neutral
"Just saying, The temperature is around 25 degrees after trying it.",neutral
"Honestly, What a horrible experience today today.",negative
"Personally, Such a horrible day",negative
"For me, I am checking the latest information .",neutral
"In my opinion, I would not recommend this .",negative
"After trying it, I am satisfied with the results .",positive
"Overall, I am checking the latest information .",neutral
"Today, The results will be announced later .",neutral
"Personally, The store opens at 9 AM right now.",neutral
"Honestly, Everything worked perfectly today.",positive
"Right now, The team did an amazing job honestly.",positive
I received the package this morning #twitter,neutral
"In my opinion, Feeling frustrated and disappointed today .",negative
"After trying it, I really disliked this experience in my opinion.",negative
"After trying it, Such a beautiful day right now.",positive
"Personally, Such a beautiful day after trying it.",positive
"In my opinion, The class begins at 10 AM",neutral
"Overall, This made my day much worse .",negative
"Overall, The class begins at 10 AM .",neutral
"Right now, Absolutely awful experience .",negative
"Honestly, The team did a terrible job #twitter",negative
"Overall, The event starts at 6 PM right now.",neutral
"Just saying, The report was published today .",neutral
"For me, This movie was extremely boring honestly.",negative
The new features are brilliant today.,positive
This movie was fantastic .,positive
"Today, I am disappointed with the quality .",negative
"In my opinion, The meeting is scheduled for tomorrow in my opinion.",neutral
"Overall, Such a horrible day in my opinion.",negative
"Right now, I absolutely love this product honestly.",positive
"Right now, I watched the latest episode in my opinion.",neutral
"Honestly, The product is available in three colors .",neutral
"In my opinion, Everything worked perfectly today.",positive
"Personally, I am impressed with the quality #twitter",positive
"Personally, The company released a new announcement #twitter",neutral
"Overall, This movie was fantastic .",positive
"Personally, This made my day so much better .",positive
"Right now, The event starts at 6 PM .",neutral
"For me, Feeling frustrated and disappointed today after trying it.",negative
"After trying it, I am very happy with the results right now.",positive
I am unhappy with the results .,negative
"Just saying, This made my day so much better today.",positive
"Just saying, I am unhappy with the results .",negative
"Right now, The website is currently available .",neutral
"Today, The website is currently available .",neutral
"Today, Feeling frustrated and disappointed today .",negative
"Overall, The new features are brilliant honestly.",positive
"Honestly, I am satisfied with the results #twitter",positive
"Just saying, I am satisfied with the results .",positive
"Overall, Such a beautiful day honestly.",positive
"Just saying, I am very disappointed with the results .",negative
"Today, The results will be announced later right now.",neutral
"Honestly, This made my day much worse right now.",negative
"Right now, I am unhappy with the results .",negative
"Today, I am reading the news right now right now.",neutral
"In my opinion, The package contains two items .",neutral
"Honestly, The temperature is around 25 degrees #twitter",neutral
"Right now, I am satisfied with the results .",positive
"Just saying, Absolutely awful experience .",negative
"Right now, The new features are brilliant #twitter",positive
"Right now, I am impressed with the quality .",positive
"For me, This is amazing and works perfectly .",positive
The team did a terrible job in my opinion.,negative
"After trying it, The class begins at 10 AM .",neutral
The team did an amazing job .,positive
"Personally, The new features are useless .",negative
"After trying it, This update is terrible",negative
I received the package this morning .,neutral
"For me, This movie was fantastic #review",positive
"After trying it, I am reading the news right now",neutral
"Overall, I am very disappointed with the results .",negative
"Today, I am very happy with the results .",positive
"Overall, The team did an amazing job #twitter",positive
"Right now, The team did a terrible job right now.",negative
"In my opinion, The service was awful",negative
The service was awful #twitter,negative
"Personally, The application has been updated right now.",neutral
"In my opinion, The new features are brilliant .",positive
"After trying it, Absolutely fantastic experience .",positive
"Honestly, This movie was fantastic .",positive
"Just saying, This made my day much worse .",negative
"For me, Absolutely fantastic experience honestly.",positive
I would not recommend this honestly.,negative
"After trying it, This is exactly what I wanted .",positive
"For me, I would not recommend this #review",negative
The website is currently available .,neutral
"After trying it, This is not what I wanted .",negative
"In my opinion, Best purchase I have made in a long time .",positive
"In my opinion, This is amazing and works perfectly",positive
"Overall, I am impressed with the quality in my opinion.",positive
"Right now, The product is available in three colors #review",neutral
"Personally, The team will meet next week #review",neutral
"For me, Such a horrible day .",negative
"Right now, I am unhappy with the results #twitter",negative
"Personally, Worst purchase I have made after trying it.",negative
"Today, I really disliked this experience #twitter",negative
"Right now, I am unhappy with the results honestly.",negative
"For me, The flight is scheduled for Monday .",neutral
"Right now, I really disliked this experience .",negative
"Honestly, The class begins at 10 AM honestly.",neutral
"Just saying, Such a beautiful day #review",positive
"Overall, The class begins at 10 AM #twitter",neutral
"Just saying, This made my day much worse after trying it.",negative
"Overall, I am very disappointed with the results .",negative
"Right now, Such a beautiful day after trying it.",positive
"Right now, The train arrived at the station",neutral
"Personally, I am impressed with the quality today.",positive
"Overall, I am disappointed with the quality right now.",negative
"For me, The team did a terrible job .",negative
"Today, The new features are brilliant #twitter",positive
"Right now, The report was published today .",neutral
"Honestly, Best purchase I have made in a long time",positive
"Just saying, The flight is scheduled for Monday after trying it.",neutral
"For me, I watched the latest episode .",neutral
"After trying it, The team did an amazing job in my opinion.",positive
"Today, I absolutely love this product #twitter",positive
"In my opinion, The flight is scheduled for Monday .",neutral
"Just saying, This movie was fantastic .",positive
"Overall, The class begins at 10 AM right now.",neutral
"For me, I am very happy with the results .",positive
"After trying it, I would not recommend this .",negative
"After trying it, This update is awesome .",positive
"For me, This made my day much worse in my opinion.",negative
"Personally, The report was published today after trying it.",neutral
"For me, Such a beautiful day",positive
"Right now, The team did an amazing job .",positive
"Personally, I absolutely love this product .",positive
"Honestly, The product is available in three colors .",neutral
"Just saying, I am very happy with the results after trying it.",positive
"Today, Everything went completely wrong .",negative
"Overall, What a wonderful experience today today.",positive
"Today, This update is terrible right now.",negative
"In my opinion, The application has been updated today.",neutral
"Just saying, The team did a terrible job .",negative
"Honestly, The train arrived at the station honestly.",neutral
The website is currently available .,neutral
"For me, The new features are useless .",negative
"Right now, The service was awful .",negative
"Overall, The report was published today in my opinion.",neutral
"Just saying, The flight is scheduled for Monday .",neutral
"For me, The class begins at 10 AM #twitter",neutral
"After trying it, What a wonderful experience today .",positive
"Honestly, The website is currently available .",neutral
"Overall, I absolutely love this product in my opinion.",positive
"Personally, I absolutely hate this product #review",negative
"Personally, I absolutely love this product",positive
"Right now, Feeling frustrated and disappointed today after trying it.",negative
"Today, Such a horrible day .",negative
"For me, I am checking the latest information .",neutral
"Today, Such a beautiful day #twitter",positive
"Just saying, The flight is scheduled for Monday #review",neutral
"In my opinion, The team did an amazing job honestly.",positive
"For me, The service was excellent .",positive
"Today, This is exactly what I wanted #review",positive
"Personally, Such a horrible day",negative
"Right now, The train arrived at the station .",neutral
"After trying it, I am impressed with the quality .",positive
"In my opinion, I received the package this morning in my opinion.",neutral
"After trying it, Everything worked perfectly right now.",positive
I highly recommend this in my opinion.,positive
"Overall, The application has been updated .",neutral
"After trying it, This movie was extremely boring after trying it.",negative
"After trying it, The store opens at 9 AM right now.",neutral
"Today, The team will meet next week honestly.",neutral
I am very disappointed with the results .,negative
"After trying it, What a horrible experience today in my opinion.",negative
The package contains two items .,neutral
"Today, I received the package this morning #review",neutral
"Overall, This made my day much worse after trying it.",negative
"Right now, The temperature is around 25 degrees after trying it.",neutral
"In my opinion, Feeling frustrated and disappointed today .",negative
"Personally, This update is awesome #review",positive
"Just saying, The results will be announced later #review",neutral
"For me, I am reading the news right now .",neutral
"In my opinion, This is not what I wanted .",negative
"For me, I watched the latest episode in my opinion.",neutral
"Just saying, The flight is scheduled for Monday .",neutral
"Today, I am very happy with the results right now.",positive
"Honestly, This is not what I wanted honestly.",negative
"For me, The meeting is scheduled for tomorrow #twitter",neutral
"Personally, Everything worked perfectly today.",positive
"For me, This movie was fantastic in my opinion.",positive
"In my opinion, I absolutely love this product .",positive
"Today, Absolutely fantastic experience",positive
"Personally, This update is terrible .",negative
"Personally, The train arrived at the station .",neutral
"After trying it, Worst purchase I have made .",negative
"After trying it, I absolutely love this product in my opinion.",positive
"Honestly, The train arrived at the station honestly.",neutral
"In my opinion, The event starts at 6 PM right now.",neutral
"Right now, This update is awesome right now.",positive
"For me, This movie was extremely boring .",negative
"Overall, Absolutely awful experience #twitter",negative
"Right now, I am impressed with the quality .",positive
"Honestly, Feeling frustrated and disappointed today .",negative
"Personally, What a horrible experience today #review",negative
"Today, Everything went completely wrong .",negative
"In my opinion, The team will meet next week .",neutral
"Overall, I highly recommend this .",positive
"Just saying, The package contains two items right now.",neutral
"For me, The new features are brilliant .",positive
"Honestly, Feeling great and positive today honestly.",positive
"Just saying, The package contains two items #review",neutral
"Honestly, The new features are useless .",negative
"Honestly, This is terrible and does not work .",negative
"Today, The store opens at 9 AM",neutral
"Personally, I am impressed with the quality .",positive
"Just saying, This is terrible and does not work",negative
"Just saying, Best purchase I have made in a long time #twitter",positive
"Personally, I am very happy with the results .",positive
I highly recommend this today.,positive
"After trying it, Everything went completely wrong .",negative
"Overall, The team did an amazing job after trying it.",positive
The flight is scheduled for Monday right now.,neutral
The product is available in three colors in my opinion.,neutral
"For me, The results will be announced later .",neutral
"In my opinion, I am impressed with the quality right now.",positive
"Honestly, The train arrived at the station .",neutral
"After trying it, I am satisfied with the results in my opinion.",positive
"Right now, This update is awesome .",positive
"Overall, Best purchase I have made in a long time .",positive
This is exactly what I wanted after trying it.,positive
"Overall, I am very happy with the results .",positive
"In my opinion, The new features are useless .",negative
"For me, I highly recommend this in my opinion.",positive
"Personally, Absolutely awful experience .",negative
"Just saying, The team will meet next week in my opinion.",neutral
"After trying it, I am reading the news right now",neutral
"Right now, I am impressed with the quality today.",positive
"For me, I watched the latest episode today.",neutral
"In my opinion, The train arrived at the station .",neutral
"Today, Such a horrible day .",negative
"Honestly, The team did a terrible job .",negative
"Personally, This is not what I wanted .",negative
"After trying it, The service was excellent .",positive
"In my opinion, The website is currently available .",neutral
"Honestly, I am satisfied with the results .",positive
"In my opinion, I am satisfied with the results after trying it.",positive
"Honestly, Everything worked perfectly .",positive
"Just saying, I am very happy with the results .",positive
"After trying it, The company released a new announcement",neutral
"Today, Best purchase I have made in a long time .",positive
"For me, This is not what I wanted .",negative
"Today, I would not recommend this .",negative
"Today, I received the package this morning .",neutral
"Right now, Such a horrible day .",negative
"Personally, I highly recommend this .",positive
"After trying it, Absolutely fantastic experience .",positive
"After trying it, I am very happy with the results #twitter",positive
"Just saying, This is not what I wanted after trying it.",negative
"Today, This movie was fantastic .",positive
"Overall, I absolutely hate this product right now.",negative
"In my opinion, I am impressed with the quality .",positive
"Just saying, Everything worked perfectly after trying it.",positive
"Honestly, Such a horrible day .",negative
"Right now, The report was published today .",neutral
I watched the latest episode #twitter,neutral
"Right now, I am checking the latest information .",neutral
"Today, I absolutely hate this product .",negative
"Today, The report was published today #review",neutral
"For me, I am unhappy with the results #twitter",negative
"For me, The meeting is scheduled for tomorrow .",neutral
"Today, I received the package this morning in my opinion.",neutral
"Right now, The weather is cloudy today .",neutral
"Honestly, I really enjoyed this experience honestly.",positive
"Today, I really disliked this experience right now.",negative
"Honestly, This update is terrible #twitter",negative
This made my day so much better .,positive
"Overall, This update is terrible after trying it.",negative
The new features are useless right now.,negative
The weather is cloudy today right now.,neutral
"For me, The weather is cloudy today .",neutral
"Personally, The service was excellent honestly.",positive
"In my opinion, This is terrible and does not work in my opinion.",negative
"In my opinion, Such a horrible day after trying it.",negative
I am disappointed with the quality #review,negative
"Just saying, Feeling great and positive today",positive
"Just saying, The temperature is around 25 degrees .",neutral
The team will meet next week .,neutral
"In my opinion, This update is terrible #twitter",negative
"Overall, This is amazing and works perfectly .",positive
Best purchase I have made in a long time,positive
"After trying it, The team did a terrible job after trying it.",negative
"Right now, The store opens at 9 AM",neutral
The team did a terrible job after trying it.,negative
"Just saying, I am reading the news right now today.",neutral
"Personally, The application has been updated after trying it.",neutral
"Right now, I am satisfied with the results after trying it.",positive
"Overall, The package contains two items #twitter",neutral
"For me, I really disliked this experience",negative
"After trying it, The weather is cloudy today in my opinion.",neutral
"In my opinion, I would not recommend this",negative
"Just saying, I am reading the news right now .",neutral
"Today, The store opens at 9 AM .",neutral
"Overall, The team will meet next week #twitter",neutral
"In my opinion, The train arrived at the station .",neutral
"Overall, The event starts at 6 PM after trying it.",neutral
"After trying it, The weather is cloudy today right now.",neutral
"For me, The product is available in three colors in my opinion.",neutral
"Honestly, The new features are brilliant",positive
"For me, The store opens at 9 AM right now.",neutral
"Overall, The weather is cloudy today .",neutral
"Overall, This movie was fantastic after trying it.",positive
"Right now, I watched the latest episode #twitter",neutral
"Just saying, Best purchase I have made in a long time .",positive
"Today, This update is awesome .",positive
"Honestly, I really enjoyed this experience right now.",positive
"In my opinion, This made my day so much better in my opinion.",positive
"Personally, This is exactly what I wanted #twitter",positive
"For me, Best purchase I have made in a long time after trying it.",positive
"Just saying, This update is awesome .",positive
"Today, The product is available in three colors .",neutral
"After trying it, This is exactly what I wanted #twitter",positive
"Today, I am checking the latest information after trying it.",neutral
"Just saying, The temperature is around 25 degrees #review",neutral
"Overall, The product is available in three colors .",neutral
Absolutely fantastic experience .,positive
"Overall, This is amazing and works perfectly .",positive
"Just saying, Feeling frustrated and disappointed today right now.",negative
"After trying it, I really enjoyed this experience .",positive
"For me, Absolutely awful experience .",negative
"In my opinion, This movie was fantastic .",positive
"Overall, The temperature is around 25 degrees #twitter",neutral
"Right now, I absolutely love this product #review",positive
"After trying it, Everything went completely wrong .",negative
"Honestly, I would not recommend this today.",negative
"Personally, The service was excellent #review",positive
"Just saying, I absolutely love this product .",positive
"Just saying, I am reading the news right now .",neutral
"Today, The service was awful #review",negative
"For me, This is amazing and works perfectly #review",positive
"Just saying, I am unhappy with the results in my opinion.",negative
"For me, I would not recommend this today.",negative
"Overall, This is not what I wanted #twitter",negative
"Personally, This update is terrible .",negative
"Today, The event starts at 6 PM right now.",neutral
I really disliked this experience honestly.,negative
"Personally, The report was published today .",neutral
"Personally, I absolutely love this product honestly.",positive
"Today, I am unhappy with the results today.",negative
"In my opinion, The website is currently available .",neutral
"Just saying, Everything worked perfectly .",positive
"Today, I am reading the news right now after trying it.",neutral
"Honestly, Absolutely awful experience .",negative
"Just saying, This is terrible and does not work .",negative
The team did a terrible job .,negative
"After trying it, This is terrible and does not work",negative
"After trying it, The new features are useless after trying it.",negative
"Overall, Absolutely awful experience in my opinion.",negative
"After trying it, The team did an amazing job .",positive
"For me, I received the package this morning honestly.",neutral
"Just saying, I watched the latest episode #twitter",neutral
"In my opinion, I watched the latest episode .",neutral
"For me, I watched the latest episode .",neutral
This movie was fantastic #twitter,positive
"For me, I highly recommend this .",positive
"After trying it, Absolutely fantastic experience .",positive
"In my opinion, I am very disappointed with the results after trying it.",negative
"In my opinion, The flight is scheduled for Monday .",neutral
"Just saying, This is amazing and works perfectly after trying it.",positive
"Overall, This made my day much worse .",negative
"After trying it, Feeling great and positive today today.",positive
I am disappointed with the quality .,negative
"Overall, Such a beautiful day .",positive
"Overall, Everything went completely wrong #review",negative
I am unhappy with the results .,negative
"After trying it, This is not what I wanted .",negative
"Overall, The train arrived at the station in my opinion.",neutral
"Personally, What a horrible experience today in my opinion.",negative
"Honestly, Worst purchase I have made in my opinion.",negative
"After trying it, The product is available in three colors #twitter",neutral
"Today, I am checking the latest information in my opinion.",neutral
"Overall, The flight is scheduled for Monday in my opinion.",neutral
"After trying it, Such a horrible day .",negative
"After trying it, Feeling great and positive today .",positive
"After trying it, The team did a terrible job .",negative
"After trying it, The service was excellent today.",positive
"Just saying, Everything worked perfectly after trying it.",positive
The flight is scheduled for Monday honestly.,neutral
I would not recommend this .,negative
"Honestly, I really enjoyed this experience in my opinion.",positive
"For me, Worst purchase I have made .",negative
"In my opinion, Feeling frustrated and disappointed today right now.",negative
"Overall, This is amazing and works perfectly .",positive
The company released a new announcement,neutral
"Overall, This is amazing and works perfectly .",positive
"Today, The event starts at 6 PM .",neutral
"In my opinion, I am impressed with the quality after trying it.",positive
"Just saying, I am unhappy with the results #twitter",negative
"Overall, I am satisfied with the results .",positive
"Today, The team did a terrible job .",negative
"In my opinion, I am impressed with the quality",positive
"Today, Feeling great and positive today .",positive
"Honestly, I would not recommend this today.",negative
"Personally, This is terrible and does not work .",negative
"Just saying, The company released a new announcement #review",neutral
"Just saying, Absolutely awful experience",negative
"For me, The service was awful .",negative
"After trying it, Worst purchase I have made .",negative
"For me, The team will meet next week .",neutral
"Honestly, The meeting is scheduled for tomorrow right now.",neutral
"In my opinion, This is exactly what I wanted #review",positive
"Overall, The team will meet next week .",neutral
"Overall, I am impressed with the quality today.",positive
"Overall, The new features are useless #twitter",negative
"After trying it, I am reading the news right now .",neutral
"For me, The team did an amazing job",positive
"Personally, The service was awful #review",negative
"Today, The flight is scheduled for Monday in my opinion.",neutral
This made my day much worse .,negative
"Personally, This made my day much worse .",negative
"Overall, This update is terrible .",negative
"Today, I am disappointed with the quality #review",negative
"Personally, I highly recommend this .",positive
"Today, I am very disappointed with the results #twitter",negative
"After trying it, Such a horrible day in my opinion.",negative
"For me, The team will meet next week .",neutral
Feeling frustrated and disappointed today #twitter,negative
"Just saying, Absolutely awful experience today.",negative
"Just saying, The new features are useless honestly.",negative
"Personally, Everything went completely wrong .",negative
"After trying it, The team will meet next week .",neutral
"After trying it, I am very happy with the results .",positive
"After trying it, Such a horrible day .",negative
"In my opinion, I am satisfied with the results #twitter",positive
"In my opinion, The package contains two items honestly.",neutral
"For me, Absolutely fantastic experience after trying it.",positive
"Overall, What a wonderful experience today today.",positive
"For me, This movie was extremely boring .",negative
"After trying it, Everything worked perfectly #review",positive
"Right now, The application has been updated .",neutral
"For me, Feeling great and positive today .",positive
"Overall, This movie was fantastic #twitter",positive
"Overall, The team will meet next week .",neutral
"In my opinion, I would not recommend this .",negative
"After trying it, The team did an amazing job #review",positive
"Just saying, I really enjoyed this experience in my opinion.",positive
"Today, I highly recommend this after trying it.",positive
"Just saying, I am reading the news right now .",neutral
"Today, I absolutely love this product right now.",positive
I am disappointed with the quality honestly.,negative
"Right now, I am very happy with the results .",positive
"Just saying, The package contains two items in my opinion.",neutral
Absolutely awful experience #twitter,negative
"Right now, This is amazing and works perfectly honestly.",positive
"Right now, This made my day so much better today.",positive
"Just saying, I am very happy with the results honestly.",positive
"Today, The company released a new announcement .",neutral
"Today, Best purchase I have made in a long time #review",positive
"For me, I absolutely hate this product .",negative
"After trying it, The team did an amazing job .",positive
"Today, I really disliked this experience .",negative
"Right now, What a horrible experience today in my opinion.",negative
"Personally, The store opens at 9 AM .",neutral
"After trying it, What a horrible experience today today.",negative
"Personally, I am very disappointed with the results .",negative
"Personally, The class begins at 10 AM today.",neutral
"Overall, The weather is cloudy today",neutral
"Today, I am unhappy with the results .",negative
"Just saying, I really disliked this experience #review",negative
"Right now, The store opens at 9 AM #review",neutral
"Today, The website is currently available .",neutral
"Just saying, I am checking the latest information",neutral
"For me, Such a beautiful day right now.",positive
"Overall, Absolutely fantastic experience after trying it.",positive
"Overall, The new features are useless .",negative
"In my opinion, I highly recommend this .",positive
"Right now, The results will be announced later .",neutral
"Overall, The team will meet next week .",neutral
"In my opinion, I am very disappointed with the results in my opinion.",negative
"Just saying, The service was excellent .",positive
"In my opinion, I am satisfied with the results .",positive
"Today, Feeling frustrated and disappointed today #twitter",negative
"Personally, This is exactly what I wanted .",positive
"Overall, The new features are useless #review",negative
"After trying it, I am reading the news right now .",neutral
"Overall, This update is awesome .",positive
"Overall, I am satisfied with the results today.",positive
"Honestly, The new features are useless .",negative
"Right now, The meeting is scheduled for tomorrow .",neutral
"In my opinion, This made my day so much better #twitter",positive
"Just saying, The class begins at 10 AM today.",neutral
I am very happy with the results .,positive
"For me, I watched the latest episode .",neutral
"After trying it, The weather is cloudy today today.",neutral
"Personally, I am satisfied with the results #twitter",positive
"For me, The results will be announced later .",neutral
I am impressed with the quality right now.,positive
The company released a new announcement .,neutral
"In my opinion, I am disappointed with the quality",negative
"Today, The store opens at 9 AM .",neutral
"Right now, The report was published today .",neutral
"Personally, What a wonderful experience today honestly.",positive
"In my opinion, This is amazing and works perfectly .",positive
"Personally, The meeting is scheduled for tomorrow #review",neutral
"Right now, What a wonderful experience today .",positive
"Overall, Feeling great and positive today .",positive
"Today, This update is terrible .",negative
"Today, The new features are brilliant .",positive
"For me, This made my day so much better .",positive
"In my opinion, Absolutely fantastic experience .",positive
"Today, I am reading the news right now today.",neutral
"Today, This update is terrible .",negative
"In my opinion, Worst purchase I have made today.",negative
"Overall, The event starts at 6 PM",neutral
"Personally, This update is awesome #twitter",positive
This is not what I wanted .,negative
"For me, The results will be announced later .",neutral
"Honestly, The package contains two items honestly.",neutral
"Right now, Such a horrible day after trying it.",negative
"Right now, The product is available in three colors .",neutral
"Overall, Absolutely awful experience right now.",negative
Everything worked perfectly right now.,positive
"Personally, I am satisfied with the results #review",positive
"Right now, The package contains two items .",neutral
"In my opinion, The flight is scheduled for Monday after trying it.",neutral
"After trying it, The store opens at 9 AM after trying it.",neutral
"In my opinion, This update is awesome honestly.",positive
The report was published today honestly.,neutral
"In my opinion, Such a horrible day .",negative
"Honestly, Absolutely awful experience right now.",negative
I highly recommend this .,positive
"Personally, Best purchase I have made in a long time right now.",positive
"Right now, The company released a new announcement",neutral
"For me, The package contains two items #review",neutral
"Overall, I highly recommend this after trying it.",positive
Feeling frustrated and disappointed today,negative
"Just saying, Feeling great and positive today .",positive
"In my opinion, I am disappointed with the quality after trying it.",negative
"For me, The new features are brilliant .",positive
The results will be announced later .,neutral
"In my opinion, The results will be announced later .",neutral
"In my opinion, I received the package this morning right now.",neutral
"Personally, I am disappointed with the quality",negative
"After trying it, Best purchase I have made in a long time right now.",positive
"Just saying, Such a beautiful day today.",positive
"Honestly, The meeting is scheduled for tomorrow .",neutral
This is amazing and works perfectly,positive
This made my day so much better right now.,positive
"For me, I am disappointed with the quality #review",negative
"For me, The temperature is around 25 degrees .",neutral
"In my opinion, The meeting is scheduled for tomorrow in my opinion.",neutral
"For me, What a wonderful experience today in my opinion.",positive
"Honestly, The product is available in three colors .",neutral
"After trying it, The meeting is scheduled for tomorrow right now.",neutral
"After trying it, What a horrible experience today .",negative
"After trying it, This update is terrible #twitter",negative
"Right now, The service was excellent right now.",positive
"Honestly, The team did a terrible job .",negative
"Overall, This is terrible and does not work .",negative
"Personally, The results will be announced later .",neutral
"Right now, This movie was fantastic in my opinion.",positive
"Honestly, The train arrived at the station .",neutral
"Just saying, This made my day much worse .",negative
"Just saying, Best purchase I have made in a long time #review",positive
"After trying it, This update is awesome #review",positive
"Just saying, This movie was fantastic .",positive
"Honestly, The product is available in three colors .",neutral
"Today, The weather is cloudy today .",neutral
"Right now, This is terrible and does not work #review",negative
"In my opinion, I am very happy with the results .",positive
"In my opinion, This movie was fantastic .",positive
"Honestly, The train arrived at the station .",neutral
"Today, I really disliked this experience honestly.",negative
"In my opinion, The results will be announced later .",neutral
"For me, The meeting is scheduled for tomorrow after trying it.",neutral
"After trying it, This is not what I wanted .",negative
"Today, This is amazing and works perfectly today.",positive
"Today, What a wonderful experience today today.",positive
"After trying it, I am impressed with the quality .",positive
"Honestly, The event starts at 6 PM #review",neutral
"Today, I am impressed with the quality .",positive
"In my opinion, The website is currently available .",neutral
"After trying it, I absolutely love this product #review",positive
"For me, I absolutely hate this product #review",negative
"After trying it, I am reading the news right now in my opinion.",neutral
"Overall, Everything worked perfectly .",positive
I am impressed with the quality #review,positive
"For me, This made my day so much better .",positive
"After trying it, The application has been updated after trying it.",neutral
"For me, This update is terrible .",negative
"Right now, What a wonderful experience today .",positive
"Just saying, The company released a new announcement .",neutral
"After trying it, Best purchase I have made in a long time in my opinion.",positive
"Right now, The event starts at 6 PM .",neutral
"Overall, Best purchase I have made in a long time right now.",positive
"Today, I would not recommend this #twitter",negative
"Overall, Worst purchase I have made .",negative
"Right now, Worst purchase I have made",negative
"In my opinion, I am impressed with the quality in my opinion.",positive
"Personally, What a wonderful experience today .",positive
"After trying it, Everything worked perfectly honestly.",positive
"Today, This is terrible and does not work .",negative
"After trying it, I absolutely hate this product .",negative
"In my opinion, The product is available in three colors .",neutral
"Just saying, Absolutely fantastic experience",positive
"Overall, I am disappointed with the quality",negative
"Honestly, The flight is scheduled for Monday #review",neutral
Everything went completely wrong in my opinion.,negative
"Personally, This is not what I wanted .",negative
"In my opinion, The flight is scheduled for Monday honestly.",neutral
"Right now, The meeting is scheduled for tomorrow .",neutral
"In my opinion, This is exactly what I wanted today.",positive
"For me, The service was excellent honestly.",positive
"Right now, The train arrived at the station .",neutral
"Honestly, Such a horrible day .",negative
Such a beautiful day .,positive
"Overall, This update is awesome .",positive
"Today, The meeting is scheduled for tomorrow in my opinion.",neutral
"Today, The team did an amazing job .",positive
"For me, I am unhappy with the results .",negative
"Right now, Absolutely awful experience in my opinion.",negative
"After trying it, The report was published today after trying it.",neutral
"Today, I am unhappy with the results .",negative
"Right now, The class begins at 10 AM .",neutral
"Just saying, The meeting is scheduled for tomorrow today.",neutral
"Just saying, Worst purchase I have made .",negative
"For me, The store opens at 9 AM .",neutral
"In my opinion, The team will meet next week .",neutral
"For me, The new features are brilliant .",positive
"Today, The website is currently available .",neutral
The class begins at 10 AM honestly.,neutral
"For me, The weather is cloudy today .",neutral
"Just saying, Absolutely awful experience .",negative
"Just saying, I really enjoyed this experience after trying it.",positive
"Today, I am very disappointed with the results .",negative
"Honestly, I absolutely love this product after trying it.",positive
"Honestly, The flight is scheduled for Monday .",neutral
"Right now, Best purchase I have made in a long time after trying it.",positive
"Just saying, I am checking the latest information #review",neutral
"After trying it, Everything worked perfectly .",positive
"After trying it, The report was published today #twitter",neutral
"Today, This update is terrible .",negative
"Just saying, Everything went completely wrong in my opinion.",negative
"Personally, The event starts at 6 PM .",neutral
"Personally, Such a beautiful day .",positive
"After trying it, The meeting is scheduled for tomorrow in my opinion.",neutral
"For me, The new features are brilliant",positive
"Today, I highly recommend this .",positive
"Honestly, I really disliked this experience #review",negative
"Honestly, The event starts at 6 PM #review",neutral
The new features are brilliant .,positive
"Just saying, What a wonderful experience today .",positive
"Personally, I am reading the news right now",neutral
"Right now, This update is awesome right now.",positive
"Today, What a horrible experience today after trying it.",negative
"Personally, I really disliked this experience after trying it.",negative
"Honestly, The team did an amazing job .",positive
"Right now, I really disliked this experience honestly.",negative
"Right now, This made my day so much better",positive
"Just saying, This is terrible and does not work .",negative
"For me, This update is awesome .",positive
"Just saying, The weather is cloudy today #twitter",neutral
"After trying it, Absolutely fantastic experience #review",positive
"Overall, The meeting is scheduled for tomorrow .",neutral
"Honestly, This is not what I wanted today.",negative
"Right now, The company released a new announcement #twitter",neutral
I absolutely love this product today.,positive
"Honestly, The results will be announced later in my opinion.",neutral
"In my opinion, The weather is cloudy today",neutral
"For me, Best purchase I have made in a long time today.",positive
"Honestly, The store opens at 9 AM .",neutral
"Personally, This made my day so much better .",positive
"Personally, I am checking the latest information .",neutral
"For me, I really disliked this experience honestly.",negative
"Right now, The team did an amazing job .",positive
"Overall, I absolutely hate this product .",negative
"After trying it, This movie was fantastic .",positive
"After trying it, I am very happy with the results .",positive
"Overall, I am impressed with the quality after trying it.",positive
"Just saying, Everything worked perfectly #twitter",positive
What a horrible experience today .,negative
"For me, The company released a new announcement .",neutral
"Just saying, The team did an amazing job .",positive
"Today, The flight is scheduled for Monday today.",neutral
Such a beautiful day .,positive
"Overall, The temperature is around 25 degrees #review",neutral
"Right now, I am very disappointed with the results today.",negative
"Overall, The results will be announced later honestly.",neutral
"Honestly, The store opens at 9 AM right now.",neutral
"Honestly, The product is available in three colors .",neutral
"Honestly, The team did a terrible job .",negative
"After trying it, Everything worked perfectly .",positive
"Just saying, I am satisfied with the results #twitter",positive
"After trying it, The service was awful .",negative
"In my opinion, This update is awesome today.",positive
"Personally, The new features are useless .",negative
"Honestly, I am very happy with the results .",positive
"For me, This is terrible and does not work .",negative
"Today, I would not recommend this .",negative
"Just saying, The team will meet next week honestly.",neutral
"Right now, I am disappointed with the quality .",negative
"Right now, Feeling great and positive today .",positive
"Just saying, The application has been updated today.",neutral
"Just saying, The service was excellent after trying it.",positive
"Right now, Feeling frustrated and disappointed today",negative
"For me, The service was awful .",negative
"Right now, Feeling great and positive today .",positive
"Overall, The application has been updated .",neutral
"Overall, Absolutely awful experience .",negative
"For me, Best purchase I have made in a long time #twitter",positive
"Just saying, The package contains two items .",neutral
"Today, This update is terrible .",negative
The flight is scheduled for Monday .,neutral
"Personally, I am satisfied with the results .",positive
"Honestly, I really disliked this experience",negative
"Right now, Absolutely awful experience in my opinion.",negative
"Overall, This made my day so much better in my opinion.",positive
"Personally, I highly recommend this #twitter",positive
"After trying it, The report was published today after trying it.",neutral
The new features are useless .,negative
"Personally, This is not what I wanted #review",negative
"Today, The report was published today",neutral
"For me, The team will meet next week today.",neutral
"Overall, Such a horrible day .",negative
The meeting is scheduled for tomorrow .,neutral
"After trying it, This is not what I wanted .",negative
"Overall, This movie was fantastic .",positive
"Today, The class begins at 10 AM",neutral
"After trying it, I am very disappointed with the results .",negative
"Just saying, I absolutely love this product .",positive
"After trying it, The weather is cloudy today right now.",neutral
"Right now, The team did a terrible job honestly.",negative
The flight is scheduled for Monday #review,neutral
"For me, The meeting is scheduled for tomorrow .",neutral
"In my opinion, The service was awful .",negative
"Honestly, This is terrible and does not work .",negative
"For me, I am impressed with the quality .",positive
"Right now, I received the package this morning honestly.",neutral
Such a horrible day .,negative
"For me, This is amazing and works perfectly honestly.",positive
"After trying it, The product is available in three colors .",neutral
"Right now, I really disliked this experience .",negative
This made my day much worse #review,negative
"Today, This movie was extremely boring",negative
"Overall, Feeling great and positive today .",positive
"Just saying, The company released a new announcement right now.",neutral
"Right now, The new features are useless after trying it.",negative
"After trying it, What a wonderful experience today today.",positive
"For me, I am very disappointed with the results .",negative
"Just saying, This update is terrible right now.",negative
What a horrible experience today .,negative
"Personally, The new features are useless in my opinion.",negative
"After trying it, What a horrible experience today after trying it.",negative
"Overall, I am disappointed with the quality right now.",negative
"Just saying, The train arrived at the station today.",neutral
"In my opinion, This is amazing and works perfectly .",positive
"In my opinion, The store opens at 9 AM honestly.",neutral
"Honestly, The service was awful right now.",negative
The service was awful in my opinion.,negative
"For me, Worst purchase I have made .",negative
Best purchase I have made in a long time .,positive
"After trying it, The service was excellent #twitter",positive
"After trying it, The new features are brilliant .",positive
"Personally, The team did a terrible job right now.",negative
"For me, The new features are useless .",negative
"After trying it, The event starts at 6 PM .",neutral
This made my day so much better .,positive
"Overall, The package contains two items",neutral
"Personally, The flight is scheduled for Monday after trying it.",neutral
"Honestly, Absolutely fantastic experience .",positive
"Right now, This is exactly what I wanted .",positive
"Today, The flight is scheduled for Monday .",neutral
"Personally, I would not recommend this today.",negative
"Overall, I am very happy with the results #review",positive
"Honestly, I am disappointed with the quality .",negative
"In my opinion, I would not recommend this right now.",negative
"Personally, The service was awful honestly.",negative
I am checking the latest information #review,neutral
"Overall, Such a horrible day after trying it.",negative
"Today, I really disliked this experience .",negative
"Today, The store opens at 9 AM .",neutral
This is terrible and does not work .,negative
"Just saying, I watched the latest episode .",neutral
"Overall, I absolutely hate this product after trying it.",negative
"After trying it, This is exactly what I wanted today.",positive
"Personally, The new features are brilliant right now.",positive
"Just saying, I am checking the latest information",neutral
"Just saying, I am very happy with the results .",positive
"Today, I absolutely love this product .",positive
"Just saying, The weather is cloudy today in my opinion.",neutral
"Personally, This movie was fantastic .",positive
"In my opinion, The results will be announced later .",neutral
"Overall, Feeling frustrated and disappointed today .",negative
"Overall, I really disliked this experience #review",negative
"In my opinion, I am very happy with the results #twitter",positive
"In my opinion, The team did an amazing job after trying it.",positive
"Just saying, Worst purchase I have made .",negative
"For me, I am unhappy with the results",negative
"Today, This is not what I wanted",negative
"Just saying, The temperature is around 25 degrees honestly.",neutral
"After trying it, Everything worked perfectly .",positive
"Just saying, Best purchase I have made in a long time after trying it.",positive
"For me, I really disliked this experience .",negative
"Overall, The temperature is around 25 degrees .",neutral
"In my opinion, I am disappointed with the quality after trying it.",negative
"Honestly, The team did a terrible job honestly.",negative
"Personally, The results will be announced later #twitter",neutral
"Just saying, Everything worked perfectly .",positive
I am checking the latest information #review,neutral
"Overall, The store opens at 9 AM after trying it.",neutral
"Today, This update is awesome today.",positive
This update is awesome honestly.,positive
The temperature is around 25 degrees .,neutral
"In my opinion, The new features are brilliant #review",positive
The package contains two items .,neutral
"Personally, Worst purchase I have made right now.",negative
"Honestly, This made my day so much better today.",positive
"In my opinion, The team will meet next week in my opinion.",neutral
"Honestly, What a horrible experience today .",negative
"After trying it, This is not what I wanted #twitter",negative
"After trying it, I would not recommend this .",negative
"Honestly, I am reading the news right now .",neutral
"Honestly, Absolutely awful experience .",negative
This update is terrible in my opinion.,negative
"After trying it, Worst purchase I have made today.",negative
"Right now, What a horrible experience today .",negative
"For me, The team will meet next week in my opinion.",neutral
"Just saying, Absolutely fantastic experience .",positive
"Today, This made my day so much better today.",positive
"Overall, I am unhappy with the results #review",negative
"Just saying, The class begins at 10 AM after trying it.",neutral
"Today, This is terrible and does not work right now.",negative
"Right now, This is exactly what I wanted after trying it.",positive
"In my opinion, This is exactly what I wanted .",positive
"Overall, Everything worked perfectly honestly.",positive
"For me, I am very happy with the results .",positive
"Honestly, What a wonderful experience today .",positive
"In my opinion, This movie was fantastic .",positive
"Right now, The new features are useless #review",negative
"After trying it, I watched the latest episode today.",neutral
"In my opinion, This is terrible and does not work right now.",negative
"Overall, This is exactly what I wanted",positive
"After trying it, The flight is scheduled for Monday .",neutral
"Just saying, Such a horrible day .",negative
"After trying it, What a horrible experience today #review",negative
This is exactly what I wanted .,positive
"Honestly, The store opens at 9 AM .",neutral
"Today, The report was published today .",neutral
"Overall, The website is currently available .",neutral
I am impressed with the quality .,positive
I watched the latest episode .,neutral
"In my opinion, Such a horrible day .",negative
"Just saying, Feeling great and positive today .",positive
"After trying it, Absolutely fantastic experience .",positive
"Just saying, I am disappointed with the quality after trying it.",negative
"Honestly, Feeling frustrated and disappointed today today.",negative
"For me, Best purchase I have made in a long time honestly.",positive
"After trying it, This update is terrible after trying it.",negative
"Honestly, The new features are brilliant .",positive
"In my opinion, What a wonderful experience today .",positive
I would not recommend this .,negative
"For me, I received the package this morning",neutral
"In my opinion, This update is terrible .",negative
Such a horrible day .,negative
"Right now, I am disappointed with the quality today.",negative
"Personally, I highly recommend this .",positive
The results will be announced later .,neutral
"Right now, Such a beautiful day .",positive
"After trying it, The website is currently available right now.",neutral
"Just saying, Absolutely awful experience honestly.",negative
"In my opinion, This is terrible and does not work honestly.",negative
"In my opinion, The application has been updated right now.",neutral
"For me, The team will meet next week #twitter",neutral
"Honestly, This update is terrible today.",negative
"Right now, I am very happy with the results .",positive
"Honestly, I am impressed with the quality .",positive
"Right now, I highly recommend this .",positive
"For me, I am impressed with the quality .",positive
"Personally, The service was excellent #review",positive
"Today, This is amazing and works perfectly .",positive
"Overall, The weather is cloudy today .",neutral
"Personally, What a wonderful experience today .",positive
"Right now, I received the package this morning .",neutral
"For me, This made my day much worse #review",negative
"After trying it, This update is terrible today.",negative
"For me, The new features are useless .",negative
"Overall, I really disliked this experience .",negative
"Just saying, I am very disappointed with the results .",negative
"In my opinion, The class begins at 10 AM .",neutral
"In my opinion, The event starts at 6 PM .",neutral
"Today, The service was awful in my opinion.",negative
"In my opinion, Best purchase I have made in a long time .",positive
"Personally, This update is awesome in my opinion.",positive
The team will meet next week honestly.,neutral
"After trying it, Feeling frustrated and disappointed today after trying it.",negative
"After trying it, The service was excellent #review",positive
"Right now, I am checking the latest information #review",neutral
What a wonderful experience today .,positive
"Today, The meeting is scheduled for tomorrow .",neutral
"Honestly, I received the package this morning",neutral
"Personally, What a horrible experience today #twitter",negative
"For me, The results will be announced later right now.",neutral
"Just saying, Absolutely fantastic experience after trying it.",positive
Absolutely awful experience #twitter,negative
"Today, Absolutely awful experience .",negative
"Today, This update is awesome .",positive
"Honestly, I am reading the news right now .",neutral
"Today, I am unhappy with the results",negative
"After trying it, What a wonderful experience today .",positive
"After trying it, I am impressed with the quality after trying it.",positive
The team did a terrible job .,negative
"For me, What a horrible experience today today.",negative
"Just saying, The package contains two items .",neutral
"Honestly, The team did a terrible job #twitter",negative
"Overall, I am very happy with the results #review",positive
"Honestly, Feeling great and positive today .",positive
"Personally, The product is available in three colors today.",neutral
"Overall, The weather is cloudy today .",neutral
"In my opinion, I watched the latest episode .",neutral
"Today, I am unhappy with the results right now.",negative
"Overall, What a wonderful experience today .",positive
"For me, The new features are useless .",negative
"After trying it, I really disliked this experience",negative
"For me, This movie was fantastic .",positive
I am satisfied with the results .,positive
"Honestly, The team did a terrible job",negative
"For me, Such a horrible day",negative
"For me, I absolutely hate this product .",negative
"Overall, This is amazing and works perfectly",positive
"Honestly, I am reading the news right now .",neutral
"After trying it, The service was awful today.",negative
"Personally, This is not what I wanted honestly.",negative
"Honestly, The service was excellent right now.",positive
"Personally, The results will be announced later in my opinion.",neutral
Absolutely fantastic experience .,positive
"Overall, The new features are brilliant .",positive
"In my opinion, This made my day much worse after trying it.",negative
"Overall, The package contains two items .",neutral
"Honestly, I received the package this morning .",neutral
"Today, I am very happy with the results .",positive
"After trying it, I am satisfied with the results honestly.",positive
"Honestly, The temperature is around 25 degrees .",neutral
The service was excellent today.,positive
"Right now, This is terrible and does not work right now.",negative
This update is awesome today.,positive
"Overall, This movie was extremely boring #twitter",negative
"Honestly, I really disliked this experience .",negative
"Just saying, The website is currently available right now.",neutral
"After trying it, I am reading the news right now .",neutral
"Personally, The website is currently available",neutral
"Personally, I really disliked this experience .",negative
"After trying it, This update is terrible .",negative
"Overall, The team did a terrible job right now.",negative
"Personally, The weather is cloudy today .",neutral
"For me, Worst purchase I have made .",negative
"After trying it, The application has been updated",neutral
"Overall, I am impressed with the quality after trying it.",positive
"For me, The weather is cloudy today after trying it.",neutral
"After trying it, Such a horrible day right now.",negative
"Today, Such a horrible day .",negative
"Personally, Such a horrible day .",negative
"For me, The website is currently available #review",neutral
"In my opinion, I really enjoyed this experience .",positive
"In my opinion, The new features are brilliant .",positive
"Overall, Everything went completely wrong",negative
"Just saying, This movie was extremely boring in my opinion.",negative
"After trying it, Worst purchase I have made honestly.",negative
"In my opinion, This update is terrible today.",negative
"In my opinion, The train arrived at the station #twitter",neutral
"Honestly, The service was excellent .",positive
"After trying it, The store opens at 9 AM in my opinion.",neutral
"Right now, Absolutely awful experience .",negative
"Right now, I absolutely hate this product",negative
"In my opinion, Feeling great and positive today in my opinion.",positive
"In my opinion, Feeling frustrated and disappointed today #review",negative
"Overall, I would not recommend this",negative
"Right now, Everything went completely wrong today.",negative
"Right now, The results will be announced later .",neutral
"Honestly, I would not recommend this .",negative
"Right now, The service was excellent .",positive
"Just saying, This is amazing and works perfectly today.",positive
This is terrible and does not work #twitter,negative
"Right now, The weather is cloudy today .",neutral
"After trying it, Such a beautiful day in my opinion.",positive
"Right now, This is amazing and works perfectly",positive
"For me, Absolutely fantastic experience .",positive
"Overall, This is exactly what I wanted .",positive
I received the package this morning .,neutral
"Right now, Feeling frustrated and disappointed today honestly.",negative
"Just saying, I absolutely love this product today.",positive
"Overall, I am unhappy with the results .",negative
"After trying it, I am unhappy with the results today.",negative
"After trying it, I highly recommend this today.",positive
Such a horrible day .,negative
"Personally, This is terrible and does not work today.",negative
"Honestly, This is amazing and works perfectly #review",positive
"In my opinion, This movie was fantastic after trying it.",positive
"For me, This update is awesome #twitter",positive
"Overall, I absolutely love this product after trying it.",positive
"For me, This update is terrible #review",negative
"Today, This is terrible and does not work honestly.",negative
"Today, The new features are useless .",negative
"Today, I am very disappointed with the results .",negative
"In my opinion, The product is available in three colors .",neutral
"Honestly, I am very disappointed with the results right now.",negative
"Overall, This is amazing and works perfectly .",positive
I received the package this morning .,neutral
"Just saying, I watched the latest episode #review",neutral
"Right now, I absolutely love this product honestly.",positive
"Today, This movie was extremely boring after trying it.",negative
"Overall, The meeting is scheduled for tomorrow .",neutral
"Right now, I am disappointed with the quality .",negative
"After trying it, I am satisfied with the results .",positive
This update is awesome .,positive
"Today, The store opens at 9 AM honestly.",neutral
"Right now, I am unhappy with the results .",negative
"After trying it, The team will meet next week #twitter",neutral
The new features are useless #twitter,negative
"For me, I am satisfied with the results in my opinion.",positive
"Right now, The package contains two items .",neutral
"For me, I am impressed with the quality .",positive
"After trying it, The results will be announced later today.",neutral
"Honestly, Everything worked perfectly honestly.",positive
"Honestly, Absolutely awful experience today.",negative
"Right now, The new features are useless #twitter",negative
"For me, The package contains two items #review",neutral
"Just saying, The team will meet next week .",neutral
"Today, This is not what I wanted in my opinion.",negative
The team will meet next week .,neutral
"Just saying, The results will be announced later right now.",neutral
"Personally, This is not what I wanted",negative
I absolutely love this product right now.,positive
"Today, The report was published today #review",neutral
"After trying it, Absolutely awful experience .",negative
"Honestly, This is exactly what I wanted .",positive
"Right now, The new features are useless honestly.",negative
"Personally, This movie was fantastic .",positive
"Honestly, The package contains two items .",neutral
"Personally, The team will meet next week in my opinion.",neutral
"Just saying, I watched the latest episode today.",neutral
"Honestly, Everything worked perfectly .",positive
I highly recommend this .,positive
"Honestly, I am reading the news right now .",neutral
"In my opinion, Best purchase I have made in a long time in my opinion.",positive
"Personally, Absolutely awful experience today.",negative
"Honestly, I am very happy with the results .",positive
"Overall, This is amazing and works perfectly .",positive
I really disliked this experience .,negative
"In my opinion, What a horrible experience today",negative
"Personally, This is not what I wanted #review",negative
"After trying it, The train arrived at the station today.",neutral
"Just saying, Feeling frustrated and disappointed today honestly.",negative
"Overall, Such a beautiful day after trying it.",positive
"Today, The results will be announced later #review",neutral
"In my opinion, I received the package this morning .",neutral
"For me, Everything worked perfectly",positive
The team did a terrible job .,negative
"Honestly, I absolutely love this product .",positive
"Overall, I am disappointed with the quality .",negative
"Today, The new features are brilliant .",positive
"Overall, Absolutely awful experience #review",negative
"In my opinion, I really disliked this experience .",negative
"For me, The team did a terrible job #review",negative
"Today, The new features are brilliant",positive
"Honestly, I am unhappy with the results .",negative
"For me, Best purchase I have made in a long time right now.",positive
"Overall, The store opens at 9 AM",neutral
"Right now, What a horrible experience today .",negative
"Right now, The website is currently available .",neutral
"Today, Best purchase I have made in a long time .",positive
"For me, This is not what I wanted .",negative
"Honestly, Worst purchase I have made .",negative
"Overall, Absolutely fantastic experience #review",positive
"For me, I am reading the news right now .",neutral
"In my opinion, The team did a terrible job honestly.",negative
"Right now, This is not what I wanted in my opinion.",negative
"Just saying, The flight is scheduled for Monday #review",neutral
"In my opinion, Worst purchase I have made #twitter",negative
"In my opinion, The temperature is around 25 degrees .",neutral
"Right now, The service was excellent .",positive
This is not what I wanted,negative
"For me, I am very disappointed with the results #review",negative
"In my opinion, The train arrived at the station .",neutral
"Right now, I am unhappy with the results",negative
"Overall, Such a beautiful day .",positive
"For me, I am very disappointed with the results after trying it.",negative
"Overall, The team did a terrible job .",negative
"Honestly, The temperature is around 25 degrees .",neutral
"Right now, Best purchase I have made in a long time .",positive
"Overall, The class begins at 10 AM .",neutral
"Right now, The class begins at 10 AM #review",neutral
"For me, This made my day so much better .",positive
"Personally, The temperature is around 25 degrees after trying it.",neutral
"Personally, The package contains two items #review",neutral
"Overall, The class begins at 10 AM today.",neutral
"For me, Absolutely awful experience honestly.",negative
"Today, What a horrible experience today .",negative
"Right now, Feeling great and positive today #twitter",positive
This update is terrible .,negative
"Personally, The event starts at 6 PM #review",neutral
"Honestly, The flight is scheduled for Monday .",neutral
"Today, Such a horrible day .",negative
"Today, This is terrible and does not work .",negative
"Just saying, The results will be announced later #review",neutral
"For me, The team did a terrible job #review",negative
"Honestly, The team will meet next week .",neutral
"After trying it, I received the package this morning .",neutral
"Honestly, The results will be announced later .",neutral
I am impressed with the quality .,positive
"After trying it, I am very happy with the results .",positive
"After trying it, I received the package this morning #review",neutral
"Honestly, I would not recommend this #twitter",negative
"For me, The application has been updated .",neutral
"Right now, This is terrible and does not work #twitter",negative
"Today, Such a beautiful day .",positive
"Honestly, I highly recommend this",positive
"Right now, This is amazing and works perfectly after trying it.",positive
"In my opinion, I am very disappointed with the results in my opinion.",negative
The results will be announced later .,neutral
"Honestly, The temperature is around 25 degrees .",neutral
"For me, I would not recommend this after trying it.",negative
"In my opinion, The product is available in three colors",neutral
"Overall, I watched the latest episode .",neutral
This movie was fantastic .,positive
"After trying it, I am impressed with the quality after trying it.",positive
"Right now, Such a horrible day .",negative
"Just saying, I am very happy with the results .",positive
"Personally, The service was excellent .",positive
"Just saying, The event starts at 6 PM .",neutral
"Right now, The report was published today .",neutral
This is amazing and works perfectly right now.,positive
"Today, Such a horrible day today.",negative
I watched the latest episode right now.,neutral
"Right now, The train arrived at the station .",neutral
"Today, I am impressed with the quality #review",positive
"Right now, The service was excellent in my opinion.",positive
"After trying it, This is amazing and works perfectly .",positive
"Honestly, Absolutely awful experience .",negative
"Personally, The service was awful after trying it.",negative
"For me, This movie was fantastic .",positive
"Just saying, I received the package this morning honestly.",neutral
"In my opinion, The product is available in three colors .",neutral
"Overall, This update is terrible .",negative
"After trying it, The website is currently available in my opinion.",neutral
"Honestly, The service was awful .",negative
"Overall, The new features are useless after trying it.",negative
"Overall, Absolutely awful experience after trying it.",negative
"For me, What a horrible experience today today.",negative
"Today, The team did a terrible job .",negative
"In my opinion, I am satisfied with the results after trying it.",positive
"For me, I absolutely hate this product #twitter",negative
"In my opinion, Absolutely awful experience honestly.",negative
"Overall, Absolutely awful experience #twitter",negative
The temperature is around 25 degrees .,neutral
"Personally, Such a horrible day honestly.",negative
"Right now, I am disappointed with the quality #review",negative
"Right now, What a wonderful experience today .",positive
"Honestly, I watched the latest episode .",neutral
"For me, The results will be announced later .",neutral
The package contains two items .,neutral
"After trying it, Such a beautiful day today.",positive
"Today, The weather is cloudy today #twitter",neutral
"Personally, The temperature is around 25 degrees .",neutral
"After trying it, I am very happy with the results",positive
"For me, I am checking the latest information #twitter",neutral
I would not recommend this .,negative
"Just saying, I am reading the news right now today.",neutral
The report was published today .,neutral
"Right now, Feeling frustrated and disappointed today after trying it.",negative
This movie was fantastic .,positive
"Today, The new features are brilliant #review",positive
I am disappointed with the quality .,negative
"Honestly, Everything went completely wrong after trying it.",negative
"After trying it, The package contains two items #review",neutral
"For me, I would not recommend this .",negative
"Today, This movie was extremely boring .",negative
"Just saying, I am impressed with the quality",positive
I am unhappy with the results .,negative
"For me, The class begins at 10 AM today.",neutral
"Personally, Feeling great and positive today .",positive
"Overall, What a wonderful experience today .",positive
"Today, The train arrived at the station in my opinion.",neutral
"Honestly, This movie was fantastic .",positive
What a horrible experience today .,negative
"Today, The team will meet next week .",neutral
The event starts at 6 PM,neutral
"In my opinion, Such a beautiful day .",positive
"In my opinion, The report was published today right now.",neutral
"Today, I am unhappy with the results #twitter",negative
"Right now, Such a horrible day .",negative
"In my opinion, Absolutely fantastic experience .",positive
"Today, I am very disappointed with the results .",negative
"After trying it, This update is terrible .",negative
"Personally, I am unhappy with the results .",negative
This update is terrible .,negative
"For me, I watched the latest episode in my opinion.",neutral
"Overall, I am unhappy with the results .",negative
"Just saying, Feeling frustrated and disappointed today .",negative
"Personally, What a wonderful experience today .",positive
"Personally, This movie was extremely boring .",negative
"Overall, Feeling great and positive today right now.",positive
"Right now, I really disliked this experience #review",negative
"Honestly, The report was published today right now.",neutral
"Overall, The service was excellent",positive
"In my opinion, This update is awesome .",positive
"Just saying, The service was awful .",negative
"Honestly, Worst purchase I have made .",negative
"In my opinion, I am checking the latest information right now.",neutral
The team did an amazing job right now.,positive
"Today, Worst purchase I have made .",negative
"In my opinion, Such a horrible day after trying it.",negative
"Honestly, The company released a new announcement after trying it.",neutral
"After trying it, This update is awesome",positive
"Today, I watched the latest episode #twitter",neutral
"After trying it, This is exactly what I wanted #twitter",positive
"Right now, The team did a terrible job .",negative
"Personally, I received the package this morning #review",neutral
"Honestly, Absolutely fantastic experience .",positive
"Honestly, This made my day so much better honestly.",positive
"Personally, This movie was fantastic",positive
"Right now, The company released a new announcement .",neutral
"Just saying, The class begins at 10 AM .",neutral
I am impressed with the quality right now.,positive
"In my opinion, Feeling frustrated and disappointed today .",negative
"Personally, The new features are brilliant .",positive
"Today, This update is terrible in my opinion.",negative
"After trying it, This movie was fantastic #review",positive
"Right now, I am disappointed with the quality .",negative
"Right now, I highly recommend this honestly.",positive
"In my opinion, This is amazing and works perfectly today.",positive
"Right now, The event starts at 6 PM right now.",neutral
"Honestly, I highly recommend this .",positive
"Personally, The team did an amazing job .",positive
"Overall, I absolutely love this product #twitter",positive
"Just saying, Such a horrible day .",negative
"Personally, This is not what I wanted .",negative
"For me, I am very disappointed with the results #review",negative
"Just saying, I am impressed with the quality today.",positive
"For me, The class begins at 10 AM #review",neutral
"Personally, The flight is scheduled for Monday .",neutral
"In my opinion, The meeting is scheduled for tomorrow after trying it.",neutral
"Personally, The train arrived at the station .",neutral
"Honestly, Everything worked perfectly .",positive
"For me, I am very happy with the results in my opinion.",positive
"Just saying, The new features are brilliant #twitter",positive
"Honestly, Absolutely awful experience .",negative
"Just saying, Everything went completely wrong today.",negative
"For me, Such a beautiful day today.",positive
Such a horrible day right now.,negative
This movie was extremely boring honestly.,negative
"Personally, This is not what I wanted .",negative
"After trying it, I highly recommend this .",positive
"Honestly, I am impressed with the quality after trying it.",positive
"Overall, I am checking the latest information honestly.",neutral
"Just saying, This update is awesome",positive
"For me, This is not what I wanted",negative
"Overall, This made my day so much better right now.",positive
"Today, The report was published today .",neutral
"Honestly, Feeling frustrated and disappointed today #review",negative
"Today, I really enjoyed this experience .",positive
"Just saying, Feeling frustrated and disappointed today",negative
"In my opinion, Best purchase I have made in a long time .",positive
"After trying it, The new features are brilliant in my opinion.",positive
"After trying it, The train arrived at the station .",neutral
"Personally, The temperature is around 25 degrees .",neutral
"After trying it, I received the package this morning",neutral
"After trying it, The team did a terrible job #review",negative
"After trying it, This is amazing and works perfectly honestly.",positive
"Right now, I am very happy with the results .",positive
"Today, The new features are brilliant .",positive
"Today, This is not what I wanted in my opinion.",negative
"Personally, Such a horrible day",negative
"Personally, The report was published today #review",neutral
"Right now, The product is available in three colors .",neutral
"Just saying, This update is terrible in my opinion.",negative
"Personally, I am reading the news right now",neutral
"Right now, I am very disappointed with the results .",negative
"Just saying, I absolutely hate this product after trying it.",negative
"Today, The product is available in three colors .",neutral
"Today, This update is terrible today.",negative
"Overall, I am checking the latest information .",neutral
"In my opinion, The store opens at 9 AM",neutral
"After trying it, The report was published today",neutral
"After trying it, I am disappointed with the quality right now.",negative
"Honestly, I am unhappy with the results .",negative
"Right now, Everything went completely wrong .",negative
"In my opinion, I received the package this morning",neutral
"Personally, This made my day so much better .",positive
"Today, This is amazing and works perfectly .",positive
"For me, Such a horrible day .",negative
"For me, The service was excellent #review",positive
"Just saying, The team did a terrible job in my opinion.",negative
"After trying it, This is not what I wanted .",negative
"Honestly, The team did an amazing job #twitter",positive
"Today, The service was excellent .",positive
"Overall, The company released a new announcement #twitter",neutral
"In my opinion, The temperature is around 25 degrees in my opinion.",neutral
This made my day so much better .,positive
"After trying it, This movie was fantastic in my opinion.",positive
I am reading the news right now,neutral
"Personally, This is terrible and does not work .",negative
The service was excellent .,positive
"For me, I would not recommend this in my opinion.",negative
"Personally, The weather is cloudy today .",neutral
"Honestly, I am disappointed with the quality #twitter",negative
"Just saying, Such a horrible day honestly.",negative
"Right now, This is amazing and works perfectly after trying it.",positive
"Overall, The meeting is scheduled for tomorrow .",neutral
"Right now, This update is awesome .",positive
"Honestly, The flight is scheduled for Monday .",neutral
"Personally, I am unhappy with the results .",negative
"Today, The class begins at 10 AM #review",neutral
"Personally, I received the package this morning .",neutral
"Right now, This made my day so much better .",positive
"Today, The store opens at 9 AM .",neutral
"Overall, Feeling frustrated and disappointed today",negative
"Overall, I watched the latest episode .",neutral
"Honestly, I am very happy with the results in my opinion.",positive
"Right now, I am unhappy with the results .",negative
"Honestly, The report was published today #twitter",neutral
"Overall, The train arrived at the station",neutral
"Right now, Absolutely fantastic experience",positive
"Today, I am checking the latest information in my opinion.",neutral
"Just saying, The flight is scheduled for Monday .",neutral
"Honestly, I am checking the latest information today.",neutral
"Today, This is exactly what I wanted .",positive
"After trying it, Such a horrible day #twitter",negative
"Today, Feeling frustrated and disappointed today .",negative
"Overall, I am checking the latest information after trying it.",neutral
"Overall, The class begins at 10 AM after trying it.",neutral
"Today, The results will be announced later .",neutral
"Personally, The temperature is around 25 degrees .",neutral
"Honestly, Such a beautiful day #review",positive
"Honestly, This is exactly what I wanted .",positive
"Right now, What a wonderful experience today .",positive
"For me, This made my day so much better",positive
"Honestly, Such a horrible day",negative
"Right now, The service was awful today.",negative
"Today, This is terrible and does not work #review",negative
I am checking the latest information .,neutral
"For me, The report was published today #review",neutral
"Right now, The application has been updated in my opinion.",neutral
"Today, This is terrible and does not work today.",negative
"Personally, The weather is cloudy today #review",neutral
"Honestly, Everything went completely wrong .",negative
"Honestly, The service was excellent .",positive
"After trying it, I would not recommend this .",negative
I received the package this morning .,neutral
"Just saying, Everything went completely wrong .",negative
"Overall, This is exactly what I wanted right now.",positive
"Honestly, Everything went completely wrong .",negative
"Honestly, Absolutely awful experience .",negative
"In my opinion, The weather is cloudy today .",neutral
"For me, I watched the latest episode",neutral
I am disappointed with the quality,negative
"In my opinion, I am disappointed with the quality .",negative
"Overall, The flight is scheduled for Monday .",neutral
"Today, This is amazing and works perfectly #review",positive
"Honestly, I would not recommend this .",negative
"Honestly, This movie was extremely boring .",negative
"After trying it, The temperature is around 25 degrees .",neutral
"Overall, Feeling frustrated and disappointed today #twitter",negative
"Today, The meeting is scheduled for tomorrow today.",neutral
"Just saying, This is not what I wanted .",negative
"Personally, The flight is scheduled for Monday #review",neutral
"Personally, The new features are brilliant after trying it.",positive
"In my opinion, Best purchase I have made in a long time .",positive
"Today, The service was awful .",negative
"After trying it, The company released a new announcement right now.",neutral
"For me, This update is awesome .",positive
"Overall, This is exactly what I wanted",positive
"Today, Everything worked perfectly .",positive
"Personally, This is exactly what I wanted .",positive
"In my opinion, I absolutely hate this product #twitter",negative
"For me, I absolutely love this product today.",positive
"Just saying, I am disappointed with the quality after trying it.",negative
"Today, The class begins at 10 AM .",neutral
"For me, This movie was fantastic .",positive
"Right now, This is terrible and does not work #twitter",negative
"For me, This is terrible and does not work .",negative
"After trying it, The meeting is scheduled for tomorrow after trying it.",neutral
"Right now, The store opens at 9 AM .",neutral
This is amazing and works perfectly .,positive
"Overall, I watched the latest episode .",neutral
"Overall, Everything went completely wrong today.",negative
"Personally, The team did a terrible job in my opinion.",negative
I am satisfied with the results .,positive
"Personally, The team did a terrible job .",negative
"In my opinion, I absolutely love this product honestly.",positive
"For me, Feeling great and positive today .",positive
"For me, The results will be announced later .",neutral
"Personally, What a wonderful experience today .",positive
"Personally, I am satisfied with the results honestly.",positive
"Right now, Feeling great and positive today",positive
The meeting is scheduled for tomorrow #review,neutral
"For me, This is amazing and works perfectly right now.",positive
"Today, Such a horrible day .",negative
"Just saying, I am very disappointed with the results .",negative
"Honestly, What a horrible experience today .",negative
This is not what I wanted .,negative
"Honestly, I am very happy with the results honestly.",positive
"Just saying, The temperature is around 25 degrees #twitter",neutral
"Right now, I highly recommend this #twitter",positive
"Today, This update is terrible",negative
"Right now, The class begins at 10 AM after trying it.",neutral
"Honestly, The team did an amazing job today.",positive
"Right now, This is exactly what I wanted .",positive
The service was awful right now.,negative
This is amazing and works perfectly .,positive
"Just saying, Feeling great and positive today honestly.",positive
"Today, I am reading the news right now honestly.",neutral
"Personally, This is terrible and does not work in my opinion.",negative
"For me, Best purchase I have made in a long time",positive
"Today, Feeling great and positive today .",positive
This is exactly what I wanted right now.,positive
"Right now, What a wonderful experience today today.",positive
"For me, The results will be announced later after trying it.",neutral
"Honestly, I am disappointed with the quality .",negative
"Honestly, This movie was fantastic .",positive
"Right now, The temperature is around 25 degrees .",neutral
"Honestly, I really disliked this experience",negative
"Today, I am satisfied with the results right now.",positive
"Personally, The product is available in three colors .",neutral
"Honestly, I watched the latest episode",neutral
"Personally, The new features are brilliant today.",positive
"Overall, The class begins at 10 AM .",neutral
"Overall, This update is awesome .",positive
What a horrible experience today .,negative
"Honestly, Feeling frustrated and disappointed today",negative
"Honestly, The service was excellent .",positive
"Honestly, Such a horrible day today.",negative
The team did a terrible job today.,negative
"Just saying, The new features are brilliant .",positive
"Today, The product is available in three colors #review",neutral
"Just saying, The website is currently available right now.",neutral
"Today, The report was published today in my opinion.",neutral
"Overall, The new features are useless .",negative
"Honestly, The temperature is around 25 degrees #twitter",neutral
"Just saying, Absolutely fantastic experience .",positive
"Honestly, This is terrible and does not work after trying it.",negative
"For me, The store opens at 9 AM after trying it.",neutral
"Honestly, The application has been updated",neutral
"For me, I am reading the news right now #review",neutral
"In my opinion, I am reading the news right now honestly.",neutral
"Right now, I am impressed with the quality .",positive
"Right now, The service was excellent .",positive
"Personally, This is exactly what I wanted honestly.",positive
"Today, The service was excellent in my opinion.",positive
"Honestly, The team will meet next week .",neutral
"For me, The temperature is around 25 degrees #review",neutral
"Right now, Everything worked perfectly today.",positive
"In my opinion, This made my day so much better right now.",positive
"Overall, Such a beautiful day .",positive
"Personally, The product is available in three colors honestly.",neutral
"Today, Everything worked perfectly in my opinion.",positive
"Personally, What a horrible experience today in my opinion.",negative
"Personally, Such a beautiful day .",positive
"Honestly, Absolutely awful experience #review",negative
"Honestly, This is amazing and works perfectly #twitter",positive
"Overall, Such a horrible day #review",negative
"Personally, This movie was extremely boring in my opinion.",negative
"In my opinion, I am disappointed with the quality #twitter",negative
What a horrible experience today honestly.,negative
"Today, This movie was fantastic #review",positive
"After trying it, The team did an amazing job .",positive
"Overall, The report was published today",neutral
"In my opinion, I absolutely love this product .",positive
"Honestly, The service was awful right now.",negative
"Just saying, Absolutely awful experience today.",negative
"Just saying, Everything went completely wrong .",negative
"Right now, I would not recommend this right now.",negative
"Honestly, This is exactly what I wanted .",positive
"In my opinion, Worst purchase I have made after trying it.",negative
"Overall, The application has been updated after trying it.",neutral
"Honestly, I am disappointed with the quality today.",negative
"Just saying, Absolutely awful experience honestly.",negative
"For me, Such a beautiful day .",positive
"Honestly, The company released a new announcement .",neutral
"Honestly, The new features are useless #twitter",negative
"Personally, The package contains two items .",neutral
"In my opinion, The team did an amazing job .",positive
The team will meet next week .,neutral
"For me, I am very happy with the results .",positive
"Just saying, The weather is cloudy today in my opinion.",neutral
"After trying it, The product is available in three colors after trying it.",neutral
"Honestly, Such a horrible day after trying it.",negative
"Overall, I am very disappointed with the results in my opinion.",negative
"In my opinion, This is amazing and works perfectly .",positive
"Right now, I really disliked this experience #twitter",negative
"Right now, This update is terrible .",negative
"Today, Feeling great and positive today .",positive
"In my opinion, This is terrible and does not work today.",negative
I am checking the latest information .,neutral
"Right now, The team did an amazing job today.",positive
"Honestly, I am very happy with the results",positive
"Just saying, I absolutely love this product .",positive
"Personally, The class begins at 10 AM right now.",neutral
"Personally, I am impressed with the quality .",positive
The team did a terrible job #review,negative
"Just saying, I absolutely hate this product honestly.",negative
"Honestly, Absolutely awful experience right now.",negative
"Right now, This movie was fantastic .",positive
"Today, The flight is scheduled for Monday .",neutral
"In my opinion, The temperature is around 25 degrees honestly.",neutral
"Just saying, I am reading the news right now today.",neutral
"After trying it, Feeling frustrated and disappointed today today.",negative
"In my opinion, The store opens at 9 AM in my opinion.",neutral
"Right now, Everything worked perfectly today.",positive
"After trying it, Worst purchase I have made #review",negative
"Honestly, I am reading the news right now .",neutral
"Honestly, Feeling great and positive today today.",positive
"After trying it, The temperature is around 25 degrees .",neutral
I really enjoyed this experience today.,positive
"Right now, Everything worked perfectly #review",positive
"Honestly, The company released a new announcement honestly.",neutral
"Just saying, The results will be announced later in my opinion.",neutral
"For me, Worst purchase I have made .",negative
"Honestly, The service was awful in my opinion.",negative
"In my opinion, The results will be announced later .",neutral
"Overall, I really disliked this experience .",negative
"Just saying, This made my day much worse .",negative
The service was excellent honestly.,positive
"Honestly, I am checking the latest information .",neutral
"In my opinion, Absolutely fantastic experience .",positive
"Honestly, The service was excellent .",positive
"Overall, This made my day so much better .",positive
"Overall, I received the package this morning honestly.",neutral
"In my opinion, The application has been updated .",neutral
"Right now, I really enjoyed this experience after trying it.",positive
"For me, I absolutely love this product .",positive
"Right now, What a horrible experience today in my opinion.",negative
"Personally, The store opens at 9 AM #review",neutral
I am satisfied with the results .,positive
"Honestly, Worst purchase I have made .",negative
"Today, The website is currently available after trying it.",neutral
"For me, The store opens at 9 AM in my opinion.",neutral
"Overall, The new features are brilliant .",positive
"Overall, Everything went completely wrong #twitter",negative
"Just saying, I really enjoyed this experience after trying it.",positive
"Right now, The event starts at 6 PM .",neutral
"Right now, Absolutely awful experience .",negative
"After trying it, I highly recommend this .",positive
"After trying it, This movie was fantastic in my opinion.",positive
"Right now, I am satisfied with the results .",positive
"Just saying, The temperature is around 25 degrees after trying it.",neutral
"Personally, The weather is cloudy today #twitter",neutral
"For me, Worst purchase I have made .",negative
"For me, The application has been updated .",neutral
"Overall, The team did a terrible job .",negative
"Just saying, The meeting is scheduled for tomorrow honestly.",neutral
"Today, What a horrible experience today after trying it.",negative
"Just saying, The package contains two items .",neutral
"In my opinion, This is terrible and does not work",negative
"Just saying, The new features are useless .",negative
"After trying it, This is exactly what I wanted #twitter",positive
"After trying it, I received the package this morning .",neutral
"Right now, Best purchase I have made in a long time .",positive
"Just saying, The website is currently available .",neutral
"After trying it, I am satisfied with the results .",positive
"Just saying, I am disappointed with the quality #review",negative
"Overall, Such a beautiful day .",positive
"In my opinion, The weather is cloudy today .",neutral
"In my opinion, I am reading the news right now honestly.",neutral
Everything went completely wrong,negative
"Honestly, The team did an amazing job honestly.",positive
The service was excellent #review,positive
"After trying it, This movie was fantastic .",positive
This update is terrible,negative
"Personally, I received the package this morning #review",neutral
"Honestly, This is terrible and does not work .",negative
"After trying it, I am checking the latest information .",neutral
"After trying it, The application has been updated .",neutral
The service was excellent,positive
"Right now, The website is currently available .",neutral
"Just saying, Everything went completely wrong #twitter",negative
"After trying it, The temperature is around 25 degrees .",neutral
"Right now, What a horrible experience today .",negative
Absolutely awful experience .,negative
The train arrived at the station .,neutral
"Just saying, This made my day so much better .",positive
"In my opinion, Everything worked perfectly today.",positive
"After trying it, This update is terrible #review",negative
"Just saying, Feeling frustrated and disappointed today #twitter",negative
"Right now, I am very happy with the results .",positive
"After trying it, The team did a terrible job .",negative
Absolutely fantastic experience .,positive
"Honestly, This is exactly what I wanted .",positive
"For me, I highly recommend this honestly.",positive
Such a beautiful day .,positive
"After trying it, I am very happy with the results .",positive
"For me, The product is available in three colors .",neutral
"After trying it, Feeling great and positive today .",positive
"Right now, Such a beautiful day .",positive
"In my opinion, I watched the latest episode honestly.",neutral
"Just saying, The store opens at 9 AM right now.",neutral
"For me, Such a beautiful day .",positive
"In my opinion, I am very disappointed with the results .",negative
"Today, I am very happy with the results #review",positive
"For me, Best purchase I have made in a long time #twitter",positive
The team did a terrible job #twitter,negative
"Right now, Everything worked perfectly #review",positive
"For me, This update is terrible .",negative
"Overall, I am very disappointed with the results .",negative
"Today, This is amazing and works perfectly #review",positive
"Overall, The weather is cloudy today .",neutral
"Overall, The weather is cloudy today .",neutral
"Personally, The report was published today .",neutral
"Overall, I am impressed with the quality .",positive
"For me, The store opens at 9 AM after trying it.",neutral
"Overall, I am satisfied with the results .",positive
"Honestly, This made my day much worse today.",negative
"Today, The application has been updated .",neutral
"Honestly, This is amazing and works perfectly after trying it.",positive
"Overall, The company released a new announcement .",neutral
"Personally, I really disliked this experience .",negative
"In my opinion, The team did an amazing job .",positive
"Overall, This movie was extremely boring #review",negative
"After trying it, I highly recommend this #twitter",positive
The website is currently available .,neutral
"Personally, This movie was extremely boring #review",negative
"In my opinion, The store opens at 9 AM honestly.",neutral
"Overall, I absolutely hate this product honestly.",negative
"Today, The report was published today honestly.",neutral
"Today, The report was published today .",neutral
"Honestly, Absolutely fantastic experience right now.",positive
"Just saying, Such a horrible day .",negative
"Just saying, This is terrible and does not work .",negative
"Today, The website is currently available .",neutral
"Right now, I absolutely love this product right now.",positive
"Today, The store opens at 9 AM after trying it.",neutral
I received the package this morning after trying it.,neutral
I am reading the news right now honestly.,neutral
"Right now, I absolutely hate this product today.",negative
"Just saying, I am very happy with the results .",positive
"In my opinion, The meeting is scheduled for tomorrow .",neutral
"Personally, The product is available in three colors .",neutral
"For me, I really disliked this experience .",negative
The new features are useless in my opinion.,negative
"After trying it, This movie was fantastic in my opinion.",positive
"After trying it, The class begins at 10 AM today.",neutral
"For me, Absolutely fantastic experience .",positive
"Overall, This movie was extremely boring .",negative
"Personally, I absolutely hate this product .",negative
"Just saying, I am very happy with the results .",positive
"Today, I absolutely hate this product .",negative
"Overall, The service was excellent",positive
"Today, The event starts at 6 PM right now.",neutral
"Just saying, I highly recommend this #twitter",positive
"Overall, The product is available in three colors .",neutral
"In my opinion, This update is awesome .",positive
"For me, The website is currently available #review",neutral
"After trying it, This made my day so much better .",positive
"Just saying, I am satisfied with the results in my opinion.",positive
"Personally, Everything worked perfectly honestly.",positive
"Honestly, I absolutely hate this product .",negative
"After trying it, Absolutely fantastic experience .",positive
"Overall, I am very happy with the results .",positive
I am reading the news right now .,neutral
"In my opinion, I am unhappy with the results .",negative
"Honestly, I am disappointed with the quality today.",negative
"Overall, The product is available in three colors .",neutral
The team did an amazing job .,positive
"Just saying, I watched the latest episode #twitter",neutral
"Today, Everything worked perfectly in my opinion.",positive
"Personally, The team did an amazing job #review",positive
"For me, I received the package this morning .",neutral
"Today, I am satisfied with the results right now.",positive
"After trying it, The product is available in three colors .",neutral
I am satisfied with the results #review,positive
"Personally, The event starts at 6 PM #review",neutral
"For me, This update is terrible honestly.",negative
"Personally, Best purchase I have made in a long time right now.",positive
"After trying it, The team did an amazing job .",positive
"Overall, This made my day much worse .",negative
"Today, The results will be announced later after trying it.",neutral
"After trying it, Absolutely fantastic experience .",positive
"Today, Feeling frustrated and disappointed today .",negative
"Just saying, The team did an amazing job .",positive
"Just saying, The new features are useless #twitter",negative
"Today, The store opens at 9 AM .",neutral
"Overall, This update is terrible .",negative
"In my opinion, I really disliked this experience after trying it.",negative
"Right now, Worst purchase I have made after trying it.",negative
"Today, This is not what I wanted after trying it.",negative
"Honestly, I am checking the latest information .",neutral
"Personally, Such a horrible day in my opinion.",negative
"Right now, Everything went completely wrong .",negative
"Right now, I watched the latest episode .",neutral
"Honestly, The weather is cloudy today .",neutral
"In my opinion, The new features are brilliant .",positive
"Just saying, This is not what I wanted today.",negative
The service was excellent .,positive
"In my opinion, Best purchase I have made in a long time in my opinion.",positive
"Just saying, Feeling frustrated and disappointed today honestly.",negative
This made my day so much better today.,positive
"After trying it, I am satisfied with the results .",positive
"Today, I really enjoyed this experience",positive
"Personally, This is not what I wanted .",negative
"Overall, The new features are useless .",negative
"Personally, I am very disappointed with the results today.",negative
"For me, The team did an amazing job .",positive
"Today, The team will meet next week today.",neutral
"Overall, This update is terrible #twitter",negative
"Overall, This made my day so much better .",positive
"Just saying, The new features are brilliant .",positive
"Today, The company released a new announcement #twitter",neutral
"Today, Everything worked perfectly #review",positive
"For me, I am very disappointed with the results .",negative
"In my opinion, I am disappointed with the quality .",negative
"Today, Best purchase I have made in a long time .",positive
"Just saying, I highly recommend this .",positive
This movie was fantastic #review,positive
"Just saying, I highly recommend this #twitter",positive
"Personally, This is not what I wanted right now.",negative
"Honestly, This made my day much worse .",negative
"Personally, The service was excellent honestly.",positive
"After trying it, This made my day much worse .",negative
"For me, The meeting is scheduled for tomorrow in my opinion.",neutral
"Overall, The team did an amazing job .",positive
"Right now, What a wonderful experience today",positive
"Just saying, I am very happy with the results .",positive
"Today, The new features are brilliant today.",positive
"Right now, The class begins at 10 AM .",neutral
"Right now, I am satisfied with the results .",positive
"Personally, The train arrived at the station .",neutral
"For me, The results will be announced later .",neutral
"Overall, The website is currently available today.",neutral
"Overall, Best purchase I have made in a long time .",positive
"Overall, The event starts at 6 PM right now.",neutral
"Right now, I would not recommend this .",negative
"In my opinion, The results will be announced later #twitter",neutral
"Just saying, I am very disappointed with the results #review",negative
This made my day so much better .,positive
"Just saying, I am satisfied with the results today.",positive
"Right now, Feeling frustrated and disappointed today .",negative
"Just saying, I received the package this morning after trying it.",neutral
"Today, Everything worked perfectly #review",positive
"Personally, The service was excellent .",positive
"Just saying, Such a horrible day #review",negative
"For me, The event starts at 6 PM .",neutral
I really enjoyed this experience honestly.,positive
"Overall, The website is currently available .",neutral
"After trying it, Everything went completely wrong #twitter",negative
"Today, I am impressed with the quality .",positive
"Today, The team did a terrible job right now.",negative
"After trying it, I absolutely love this product .",positive
"Personally, This movie was extremely boring .",negative
"In my opinion, I am satisfied with the results .",positive
"Honestly, Everything worked perfectly .",positive
"Right now, This movie was fantastic in my opinion.",positive
"Personally, This is not what I wanted .",negative
"In my opinion, The application has been updated right now.",neutral
"Today, Such a beautiful day .",positive
"Today, This update is awesome #twitter",positive
"Today, I absolutely hate this product .",negative
"Just saying, The meeting is scheduled for tomorrow right now.",neutral
"Honestly, I am checking the latest information .",neutral
"For me, Absolutely fantastic experience .",positive
"In my opinion, I am very happy with the results .",positive
"After trying it, The new features are useless .",negative
"Overall, Worst purchase I have made .",negative
"Personally, The class begins at 10 AM right now.",neutral
"Overall, The event starts at 6 PM .",neutral
"Right now, I really disliked this experience .",negative
"For me, This update is terrible in my opinion.",negative
"Just saying, This made my day so much better #review",positive
"Right now, The weather is cloudy today today.",neutral
"After trying it, I am checking the latest information .",neutral
"Just saying, The new features are useless .",negative
"After trying it, The store opens at 9 AM after trying it.",neutral
"Honestly, The event starts at 6 PM #twitter",neutral
"Just saying, The temperature is around 25 degrees after trying it.",neutral
"Overall, I am very disappointed with the results right now.",negative
"For me, This movie was extremely boring right now.",negative
"Personally, The package contains two items #twitter",neutral
"Today, This is amazing and works perfectly #twitter",positive
"After trying it, Best purchase I have made in a long time .",positive
"After trying it, The company released a new announcement #review",neutral
"Honestly, The flight is scheduled for Monday .",neutral
"In my opinion, I am reading the news right now #review",neutral
"Honestly, This made my day much worse honestly.",negative
"Personally, This is terrible and does not work #twitter",negative
"Today, This is amazing and works perfectly #twitter",positive
"In my opinion, I highly recommend this #review",positive
"For me, The package contains two items honestly.",neutral
The product is available in three colors .,neutral
"After trying it, The results will be announced later #twitter",neutral
"After trying it, The product is available in three colors today.",neutral
"Overall, Feeling great and positive today",positive
"Overall, The team will meet next week #twitter",neutral
"Overall, This is exactly what I wanted .",positive
"For me, The product is available in three colors",neutral
"Honestly, I am disappointed with the quality after trying it.",negative
"Today, I really disliked this experience .",negative
What a horrible experience today #twitter,negative
"Just saying, Everything went completely wrong after trying it.",negative
"Right now, The weather is cloudy today .",neutral
"In my opinion, What a wonderful experience today right now.",positive
"Today, The weather is cloudy today .",neutral
"Right now, The team did an amazing job today.",positive
"Just saying, The application has been updated right now.",neutral
"For me, What a horrible experience today .",negative
"Just saying, I am disappointed with the quality #twitter",negative
The train arrived at the station .,neutral
"Today, Worst purchase I have made #review",negative
"Overall, This is terrible and does not work in my opinion.",negative
"Honestly, This is exactly what I wanted #twitter",positive
What a wonderful experience today in my opinion.,positive
Feeling great and positive today in my opinion.,positive
"Just saying, The service was excellent .",positive
"After trying it, Absolutely awful experience .",negative
"Honestly, I watched the latest episode .",neutral
I am very happy with the results today.,positive
"Today, I am impressed with the quality .",positive
"Honestly, Such a horrible day right now.",negative
"For me, The temperature is around 25 degrees right now.",neutral
I absolutely love this product .,positive
"Right now, I really enjoyed this experience #review",positive
"Honestly, I absolutely love this product after trying it.",positive
"Just saying, The flight is scheduled for Monday .",neutral
The flight is scheduled for Monday in my opinion.,neutral
"In my opinion, This movie was fantastic .",positive
"After trying it, I absolutely hate this product #review",negative
"Overall, This update is awesome .",positive
"For me, I received the package this morning .",neutral
"Honestly, The service was excellent in my opinion.",positive
"After trying it, I highly recommend this .",positive
"In my opinion, I really enjoyed this experience .",positive
"Overall, I really disliked this experience after trying it.",negative
"Personally, The team will meet next week .",neutral
"Honestly, The temperature is around 25 degrees .",neutral
"Personally, Everything worked perfectly .",positive
"In my opinion, What a wonderful experience today #review",positive
"Honestly, This is exactly what I wanted #review",positive
"After trying it, Absolutely fantastic experience after trying it.",positive
"Today, The team did an amazing job .",positive
"Honestly, The service was excellent #review",positive
"For me, Worst purchase I have made .",negative
"Overall, This movie was extremely boring .",negative
"Personally, Absolutely awful experience .",negative
"Personally, I really enjoyed this experience right now.",positive
"Overall, Feeling great and positive today .",positive
"Honestly, What a wonderful experience today today.",positive
"Today, Such a beautiful day .",positive
"Personally, The store opens at 9 AM #review",neutral
"Today, Absolutely awful experience .",negative
"For me, This made my day so much better .",positive
"Right now, I am impressed with the quality after trying it.",positive
"For me, I absolutely hate this product today.",negative
"Right now, I absolutely love this product .",positive
"After trying it, I absolutely hate this product after trying it.",negative
"Just saying, Feeling great and positive today .",positive
"For me, I am very happy with the results .",positive
"After trying it, The product is available in three colors",neutral
"Right now, The report was published today #review",neutral
"Just saying, Such a horrible day right now.",negative
"Honestly, The meeting is scheduled for tomorrow .",neutral
"Overall, Absolutely awful experience .",negative
"After trying it, Such a horrible day .",negative
"Just saying, The service was excellent .",positive
"Overall, What a horrible experience today .",negative
The meeting is scheduled for tomorrow #twitter,neutral
"After trying it, The company released a new announcement .",neutral
"After trying it, Everything went completely wrong",negative
"Overall, The class begins at 10 AM .",neutral
"Today, The product is available in three colors #review",neutral
Worst purchase I have made #twitter,negative
"In my opinion, The team will meet next week .",neutral
"Personally, The team did an amazing job .",positive
The package contains two items #twitter,neutral
"Honestly, This is amazing and works perfectly .",positive
"Today, I am disappointed with the quality right now.",negative
