id,text,category
1117,"The movie was neither good nor bad; it was simply okay. Considering everything, this is my overall experience.",neutral
1369,"The book has some strong parts and some weak parts, making it average overall.",neutral
423,"I did not like a few characters, but I loved the plot and thought the book was very good overall. Overall, this is my opinion.",positive
414,"The first half was slow, but the second half was amazing and made the movie worth watching.",positive
452,"I like this book so much, the author described the story very well. I like the plot, although a few characters have a bad subplot, but overall everything is good. Overall, this is my opinion.",positive
862,"A few characters are interesting, but the plot is boring and the book is not enjoyable. Overall, this is my opinion.",negative
1064,"The movie has some good scenes and some boring scenes, but overall it is average. Considering everything, this is my overall experience.",neutral
742,"The product looks good, but it does not work properly and I am disappointed.",negative
1273,"The movie has some good scenes and some boring scenes, but overall it is average.",neutral
260,"This product has some small problems, but overall it works very well and I am happy with it.",positive
889,"A few characters are interesting, but the plot is boring and the book is not enjoyable. Overall, this is my opinion.",negative
1433,"The movie has both good and bad parts, but overall it is average.",neutral
713,"The story is interesting at times, but the ending is bad and the overall movie is terrible. Overall, this is my opinion.",negative
1383,"The movie is okay and has some enjoyable scenes, but nothing was especially impressive. Overall, this is my opinion.",neutral
71,"The plot is fantastic, although a few characters are weak. Overall, this is a very good book.",positive
1269,"The movie is okay and has some enjoyable scenes, but nothing was especially impressive. Considering everything, this is my overall experience.",neutral
1492,"The acting is decent, but the story is neither particularly good nor bad.",neutral
608,"I enjoyed the beginning, but the ending was terrible and ruined the entire movie. Considering everything, this is my overall experience.",negative
434,"The first half was slow, but the second half was amazing and made the movie worth watching.",positive
52,"The movie is not perfect, but the story is great and I would recommend it.",positive
1200,"The acting is decent, but the story is neither particularly good nor bad.",neutral
1129,"The book has some strong parts and some weak parts, making it average overall. Overall, this is my opinion.",neutral
1191,"The story is average, with a few interesting characters and some ordinary ones. Considering everything, this is my overall experience.",neutral
1250,"The movie was neither good nor bad; it was simply okay. Overall, this is my opinion.",neutral
1420,"The service was okay, with some good moments and some average moments.",neutral
433,"Some parts of the movie were terrible, but the acting and story were excellent, so I enjoyed it. Considering everything, this is my overall experience.",positive
1453,"The story is average, with a few interesting characters and some ordinary ones. Overall, this is my opinion.",neutral
1471,"The movie has both good and bad parts, but overall it is average.",neutral
1235,"The book has some strong parts and some weak parts, making it average overall. Considering everything, this is my overall experience.",neutral
1282,"The movie has both good and bad parts, but overall it is average. Considering everything, this is my overall experience.",neutral
1086,"The service was okay, with some good moments and some average moments. Considering everything, this is my overall experience.",neutral
611,"A few characters are good, but the story is confusing and the book is not worth reading.",negative
1285,"The experience was normal, with both positive and negative aspects. Considering everything, this is my overall experience.",neutral
1042,"The movie has some good scenes and some boring scenes, but overall it is average.",neutral
221,"Some parts of the movie were terrible, but the acting and story were excellent, so I enjoyed it. Overall, this is my opinion.",positive
340,"The service was slow at first, but the staff were friendly and the overall experience was good. Considering everything, this is my overall experience.",positive
424,"I did not like a few characters, but I loved the plot and thought the book was very good overall.",positive
429,"I disliked a few parts of the story, but overall I liked the book very much. Considering everything, this is my overall experience.",positive
1106,"The plot is decent, but the movie does not stand out in any major way. Overall, this is my opinion.",neutral
77,"The movie has problems, but the performances are wonderful and the overall experience is positive.",positive
1392,"The product works as expected, but it is neither excellent nor terrible. Overall, this is my opinion.",neutral
440,"The story is amazing and the acting is great, although a few scenes are disappointing. Overall, I enjoyed the movie. Considering everything, this is my overall experience.",positive
1337,"The experience was acceptable, although there were a few good and bad moments.",neutral
865,"The service started well, but the experience became awful and I was not satisfied.",negative
1081,"The product is decent and performs its basic functions as expected. Considering everything, this is my overall experience.",neutral
355,"Some parts of the movie were terrible, but the acting and story were excellent, so I enjoyed it.",positive
366,"The plot is fantastic, although a few characters are weak. Overall, this is a very good book.",positive
310,"The movie is not perfect, but the story is great and I would recommend it. Considering everything, this is my overall experience.",positive
737,"The service started well, but the experience became awful and I was not satisfied.",negative
999,"The product has some useful features, but it is unreliable and overall bad.",negative
622,"The movie has a few funny moments, but overall it is bad and I did not enjoy it.",negative
544,"The acting is good in some scenes, but the movie is awful overall.",negative
1141,"The story is average, with a few interesting characters and some ordinary ones.",neutral
1297,"The story is average, with a few interesting characters and some ordinary ones. Considering everything, this is my overall experience.",neutral
555,"The story is interesting at times, but the ending is bad and the overall movie is terrible.",negative
680,"There are some good scenes, but most of the movie is boring and poorly made.",negative
50,"The movie has problems, but the performances are wonderful and the overall experience is positive. Considering everything, this is my overall experience.",positive
491,"The plot is fantastic, although a few characters are weak. Overall, this is a very good book.",positive
317,"The product has a few flaws, but it is useful and the overall quality is good.",positive
905,"A few characters are interesting, but the plot is boring and the book is not enjoyable.",negative
637,"The first half was good, but the second half was awful and ruined the experience. Overall, this is my opinion.",negative
561,"I liked the main character, but the plot is terrible and the book is disappointing.",negative
487,"The movie is not perfect, but the story is great and I would recommend it. Considering everything, this is my overall experience.",positive
68,"A few jokes were bad, but the movie was entertaining and I had a great time.",positive
812,"The writing is good in places, but the plot is terrible and the book is disappointing. Considering everything, this is my overall experience.",negative
494,"The first half was slow, but the second half was amazing and made the movie worth watching.",positive
311,"The movie is not perfect, but the story is great and I would recommend it.",positive
1097,The quality is acceptable and the product works as expected.,neutral
1248,"The service was acceptable, although it was not particularly impressive.",neutral
185,"The service was slow at first, but the staff were friendly and the overall experience was good. Overall, this is my opinion.",positive
307,"The story is amazing and the acting is great, although a few scenes are disappointing. Overall, I enjoyed the movie. Overall, this is my opinion.",positive
853,"I enjoyed a few moments, but the movie is boring and I would not watch it again. Considering everything, this is my overall experience.",negative
793,"I enjoyed a few moments, but the movie is boring and I would not watch it again. Overall, this is my opinion.",negative
290,"Some characters were poorly written, but the main story was excellent and I loved the book.",positive
707,"The story has some good ideas, but the execution is terrible and the movie is disappointing overall. Considering everything, this is my overall experience.",negative
1330,"The story is decent, although a few characters are interesting and others are ordinary. Overall, this is my opinion.",neutral
655,"The service started well, but the experience became awful and I was not satisfied.",negative
523,"A few characters are good, but the story is confusing and the book is not worth reading.",negative
462,"The movie has a few boring scenes, but overall I really enjoyed it and the story is excellent. Overall, this is my opinion.",positive
931,"The story has some good ideas, but the execution is terrible and the movie is disappointing overall.",negative
1035,"The story is decent, although a few characters are interesting and others are ordinary.",neutral
30,"The story is amazing and the acting is great, although a few scenes are disappointing. Overall, I enjoyed the movie. Considering everything, this is my overall experience.",positive
241,"The service was slow at first, but the staff were friendly and the overall experience was good.",positive
799,"A few characters are interesting, but the plot is boring and the book is not enjoyable. Overall, this is my opinion.",negative
818,"A few characters are good, but the story is confusing and the book is not worth reading. Considering everything, this is my overall experience.",negative
66,"I like this book so much, the author described the story very well. I like the plot, although a few characters have a bad subplot, but overall everything is good. Overall, this is my opinion.",positive
602,"The movie has a few funny moments, but overall it is bad and I did not enjoy it. Considering everything, this is my overall experience.",negative
925,"The product has some useful features, but it is unreliable and overall bad. Overall, this is my opinion.",negative
755,"The movie has potential, but the execution is awful and I disliked it overall.",negative
927,"A few characters are interesting, but the plot is boring and the book is not enjoyable. Considering everything, this is my overall experience.",negative
1102,"The book is average. Some chapters are interesting, while others are ordinary.",neutral
248,"Some characters were poorly written, but the main story was excellent and I loved the book. Considering everything, this is my overall experience.",positive
278,"I disliked a few parts of the story, but overall I liked the book very much.",positive
1403,"The movie is fine overall, although the plot has both strengths and weaknesses. Considering everything, this is my overall experience.",neutral
1067,"The product works as expected, but it is neither excellent nor terrible. Considering everything, this is my overall experience.",neutral
480,"The service was slow at first, but the staff were friendly and the overall experience was good.",positive
427,"The product has a few flaws, but it is useful and the overall quality is good.",positive
124,"I found some parts confusing, but the author explained most of the story very well. Overall, this is my opinion.",positive
1170,"The movie is decent overall, although some scenes are good and others are not very interesting.",neutral
395,"This product has some small problems, but overall it works very well and I am happy with it. Overall, this is my opinion.",positive
986,"I liked the main character, but the plot is terrible and the book is disappointing. Overall, this is my opinion.",negative
716,"The movie has potential, but the execution is awful and I disliked it overall.",negative
1135,"The service was acceptable, although it was not particularly impressive.",neutral
1085,The product is decent and performs its basic functions as expected.,neutral
498,"I found some parts confusing, but the author explained most of the story very well. Overall, this is my opinion.",positive
45,"I liked most of the movie and the ending was excellent, even though some scenes were bad. Considering everything, this is my overall experience.",positive
60,"A few jokes were bad, but the movie was entertaining and I had a great time. Overall, this is my opinion.",positive
1162,"The service was okay, with some good moments and some average moments.",neutral
24,"Some characters were poorly written, but the main story was excellent and I loved the book. Overall, this is my opinion.",positive
875,"I liked the visuals, but the movie has a weak plot and is disappointing overall. Considering everything, this is my overall experience.",negative
482,"The story is amazing and the acting is great, although a few scenes are disappointing. Overall, I enjoyed the movie. Considering everything, this is my overall experience.",positive
1325,"The acting is decent, but the story is neither particularly good nor bad.",neutral
746,"The movie has potential, but the execution is awful and I disliked it overall. Overall, this is my opinion.",negative
232,"I like this book so much, the author described the story very well. I like the plot, although a few characters have a bad subplot, but overall everything is good.",positive
125,"The product has a few flaws, but it is useful and the overall quality is good. Considering everything, this is my overall experience.",positive
428,"I liked most of the movie and the ending was excellent, even though some scenes were bad. Overall, this is my opinion.",positive
819,"The first half was good, but the second half was awful and ruined the experience. Considering everything, this is my overall experience.",negative
169,"Some characters were poorly written, but the main story was excellent and I loved the book. Considering everything, this is my overall experience.",positive
116,"The movie has a few boring scenes, but overall I really enjoyed it and the story is excellent.",positive
1089,"The movie is decent overall, although some scenes are good and others are not very interesting. Overall, this is my opinion.",neutral
987,"The movie has a few funny moments, but overall it is bad and I did not enjoy it. Overall, this is my opinion.",negative
1396,"The plot is decent, but the movie does not stand out in any major way. Overall, this is my opinion.",neutral
1425,"The service was acceptable, although it was not particularly impressive.",neutral
416,"The product has a few flaws, but it is useful and the overall quality is good. Overall, this is my opinion.",positive
142,"The book has a few boring chapters, but the story is interesting and I really liked it overall. Considering everything, this is my overall experience.",positive
1234,"The service was okay, with some good moments and some average moments. Considering everything, this is my overall experience.",neutral
1294,"The story is decent, although a few characters are interesting and others are ordinary. Overall, this is my opinion.",neutral
763,"A few characters are good, but the story is confusing and the book is not worth reading.",negative
1207,"The experience was acceptable, although there were a few good and bad moments.",neutral
463,"The first half was slow, but the second half was amazing and made the movie worth watching. Considering everything, this is my overall experience.",positive
1244,"The movie has some good scenes and some boring scenes, but overall it is average.",neutral
79,"I loved the book because the writing is beautiful, even though some characters were not developed well.",positive
1005,"The plot is decent, but the movie does not stand out in any major way.",neutral
1491,"The acting is decent, but the story is neither particularly good nor bad.",neutral
572,"I liked the main character, but the plot is terrible and the book is disappointing.",negative
16,"I liked most of the movie and the ending was excellent, even though some scenes were bad. Overall, this is my opinion.",positive
495,"The service was slow at first, but the staff were friendly and the overall experience was good. Considering everything, this is my overall experience.",positive
351,"I liked most of the movie and the ending was excellent, even though some scenes were bad.",positive
1000,"Some parts of the book are excellent, but the overall story is boring and poorly written. Overall, this is my opinion.",negative
275,"There are some bad scenes, but the movie is enjoyable and the ending is excellent. Overall, this is my opinion.",positive
1192,"The experience was normal, with both positive and negative aspects. Considering everything, this is my overall experience.",neutral
272,"The first half was slow, but the second half was amazing and made the movie worth watching.",positive
1474,"The plot is decent, but the movie does not stand out in any major way.",neutral
238,"There are some bad scenes, but the movie is enjoyable and the ending is excellent.",positive
586,"The movie has potential, but the execution is awful and I disliked it overall.",negative
1313,"The story is decent, although a few characters are interesting and others are ordinary.",neutral
695,"The service started well, but the experience became awful and I was not satisfied. Overall, this is my opinion.",negative
1002,"The product works as expected, but it is neither excellent nor terrible.",neutral
323,"I loved the book because the writing is beautiful, even though some characters were not developed well. Overall, this is my opinion.",positive
783,"The movie has a few funny moments, but overall it is bad and I did not enjoy it. Considering everything, this is my overall experience.",negative
1359,"The movie has both good and bad parts, but overall it is average.",neutral
1204,"The movie is decent overall, although some scenes are good and others are not very interesting.",neutral
971,"The story has some good ideas, but the execution is terrible and the movie is disappointing overall.",negative
1467,"The book is okay, with some good chapters and some average chapters. Considering everything, this is my overall experience.",neutral
527,"The product looks good, but it does not work properly and I am disappointed. Overall, this is my opinion.",negative
1426,"The product works as expected, but it is neither excellent nor terrible.",neutral
1171,"The plot is decent, but the movie does not stand out in any major way. Considering everything, this is my overall experience.",neutral
176,"The movie is not perfect, but the story is great and I would recommend it.",positive
359,"The book has a few boring chapters, but the story is interesting and I really liked it overall.",positive
44,"I liked most of the movie and the ending was excellent, even though some scenes were bad. Overall, this is my opinion.",positive
417,"I did not like a few characters, but I loved the plot and thought the book was very good overall.",positive
345,"The movie is not perfect, but the story is great and I would recommend it. Considering everything, this is my overall experience.",positive
1027,"The story is decent, although a few characters are interesting and others are ordinary. Overall, this is my opinion.",neutral
1402,"The experience was normal, with both positive and negative aspects. Considering everything, this is my overall experience.",neutral
102,"The story is amazing and the acting is great, although a few scenes are disappointing. Overall, I enjoyed the movie.",positive
108,"The story is amazing and the acting is great, although a few scenes are disappointing. Overall, I enjoyed the movie.",positive
1490,"The movie is okay and has some enjoyable scenes, but nothing was especially impressive. Considering everything, this is my overall experience.",neutral
1053,"The movie was neither good nor bad; it was simply okay. Considering everything, this is my overall experience.",neutral
965,"Some parts are excellent, but the overall quality is poor and the experience is bad. Overall, this is my opinion.",negative
381,"I liked most of the movie and the ending was excellent, even though some scenes were bad.",positive
245,"This product has some small problems, but overall it works very well and I am happy with it. Considering everything, this is my overall experience.",positive
1100,The quality is acceptable and the product works as expected.,neutral
501,"The story is interesting at times, but the ending is bad and the overall movie is terrible. Overall, this is my opinion.",negative
701,"The service started well, but the experience became awful and I was not satisfied.",negative
129,"I did not like a few characters, but I loved the plot and thought the book was very good overall.",positive
240,"The story is amazing and the acting is great, although a few scenes are disappointing. Overall, I enjoyed the movie. Considering everything, this is my overall experience.",positive
1115,"The book is okay, with some good chapters and some average chapters. Overall, this is my opinion.",neutral
683,"The story is interesting at times, but the ending is bad and the overall movie is terrible. Overall, this is my opinion.",negative
483,"The plot is fantastic, although a few characters are weak. Overall, this is a very good book. Overall, this is my opinion.",positive
1306,"The plot is decent, but the movie does not stand out in any major way. Considering everything, this is my overall experience.",neutral
276,"There are some bad scenes, but the movie is enjoyable and the ending is excellent.",positive
583,"The first half was good, but the second half was awful and ruined the experience. Overall, this is my opinion.",negative
204,"The product has a few flaws, but it is useful and the overall quality is good.",positive
33,"The movie is not perfect, but the story is great and I would recommend it. Overall, this is my opinion.",positive
1320,"The story is average, with a few interesting characters and some ordinary ones.",neutral
814,"Some parts of the book are excellent, but the overall story is boring and poorly written. Overall, this is my opinion.",negative
998,"The first half was good, but the second half was awful and ruined the experience. Overall, this is my opinion.",negative
382,"The book has a few boring chapters, but the story is interesting and I really liked it overall.",positive
1074,"The book is okay, with some good chapters and some average chapters. Considering everything, this is my overall experience.",neutral
1349,"The product works as expected, but it is neither excellent nor terrible.",neutral
579,"I liked the main character, but the plot is terrible and the book is disappointing.",negative
888,"I enjoyed a few moments, but the movie is boring and I would not watch it again. Overall, this is my opinion.",negative
1326,"The movie has some good scenes and some boring scenes, but overall it is average.",neutral
1327,"The experience was normal, with both positive and negative aspects.",neutral
942,"A few characters are interesting, but the plot is boring and the book is not enjoyable. Considering everything, this is my overall experience.",negative
164,"I loved the book because the writing is beautiful, even though some characters were not developed well. Considering everything, this is my overall experience.",positive
910,"There are some good scenes, but most of the movie is boring and poorly made. Overall, this is my opinion.",negative
298,"The movie has problems, but the performances are wonderful and the overall experience is positive.",positive
756,"I liked the main character, but the plot is terrible and the book is disappointing.",negative
406,"I disliked a few parts of the story, but overall I liked the book very much. Overall, this is my opinion.",positive
969,"The product looks good, but it does not work properly and I am disappointed. Considering everything, this is my overall experience.",negative
606,"A few characters are good, but the story is confusing and the book is not worth reading. Overall, this is my opinion.",negative
421,"Some characters were poorly written, but the main story was excellent and I loved the book.",positive
465,"The first half was slow, but the second half was amazing and made the movie worth watching.",positive
1188,"The book is average. Some chapters are interesting, while others are ordinary. Overall, this is my opinion.",neutral
940,"Some parts are excellent, but the overall quality is poor and the experience is bad.",negative
193,"There are some bad scenes, but the movie is enjoyable and the ending is excellent. Overall, this is my opinion.",positive
675,"The movie has a few funny moments, but overall it is bad and I did not enjoy it. Considering everything, this is my overall experience.",negative
352,"The first half was slow, but the second half was amazing and made the movie worth watching. Overall, this is my opinion.",positive
859,"The acting is good in some scenes, but the movie is awful overall.",negative
64,"Some parts of the movie were terrible, but the acting and story were excellent, so I enjoyed it. Considering everything, this is my overall experience.",positive
1174,"The service was acceptable, although it was not particularly impressive.",neutral
766,"A few characters are good, but the story is confusing and the book is not worth reading.",negative
1441,"The movie is fine overall, although the plot has both strengths and weaknesses.",neutral
262,"The product has a few flaws, but it is useful and the overall quality is good. Overall, this is my opinion.",positive
343,"The first half was slow, but the second half was amazing and made the movie worth watching. Overall, this is my opinion.",positive
1221,The movie was neither good nor bad; it was simply okay.,neutral
472,"The book has a few boring chapters, but the story is interesting and I really liked it overall. Overall, this is my opinion.",positive
1335,"The product is decent and performs its basic functions as expected. Overall, this is my opinion.",neutral
199,"The book has a few boring chapters, but the story is interesting and I really liked it overall.",positive
1232,"The acting is decent, but the story is neither particularly good nor bad.",neutral
918,"The acting is good in some scenes, but the movie is awful overall.",negative
744,"A few characters are good, but the story is confusing and the book is not worth reading. Overall, this is my opinion.",negative
571,"I enjoyed the beginning, but the ending was terrible and ruined the entire movie.",negative
219,"I disliked a few parts of the story, but overall I liked the book very much. Overall, this is my opinion.",positive
454,"This product has some small problems, but overall it works very well and I am happy with it. Considering everything, this is my overall experience.",positive
31,"The book has a few boring chapters, but the story is interesting and I really liked it overall. Considering everything, this is my overall experience.",positive
57,"I disliked a few parts of the story, but overall I liked the book very much.",positive
1211,"The story is average, with a few interesting characters and some ordinary ones.",neutral
1386,"The product works as expected, but it is neither excellent nor terrible. Considering everything, this is my overall experience.",neutral
1066,"The book is okay, with some good chapters and some average chapters. Considering everything, this is my overall experience.",neutral
431,"I liked most of the movie and the ending was excellent, even though some scenes were bad. Overall, this is my opinion.",positive
725,"I liked the visuals, but the movie has a weak plot and is disappointing overall.",negative
1145,"The experience was acceptable, although there were a few good and bad moments. Overall, this is my opinion.",neutral
1006,"The book is average. Some chapters are interesting, while others are ordinary.",neutral
1051,"The service was acceptable, although it was not particularly impressive.",neutral
1346,"The service was acceptable, although it was not particularly impressive.",neutral
1237,"The movie has both good and bad parts, but overall it is average. Overall, this is my opinion.",neutral
1236,"The story is decent, although a few characters are interesting and others are ordinary.",neutral
1449,"The movie has both good and bad parts, but overall it is average.",neutral
621,"I enjoyed the beginning, but the ending was terrible and ruined the entire movie. Considering everything, this is my overall experience.",negative
1068,"The book has some strong parts and some weak parts, making it average overall.",neutral
839,"The movie has potential, but the execution is awful and I disliked it overall. Considering everything, this is my overall experience.",negative
100,"The service was slow at first, but the staff were friendly and the overall experience was good. Considering everything, this is my overall experience.",positive
533,"A few characters are interesting, but the plot is boring and the book is not enjoyable. Considering everything, this is my overall experience.",negative
529,"There are some good scenes, but most of the movie is boring and poorly made.",negative
1347,"The experience was normal, with both positive and negative aspects.",neutral
1173,"The quality is acceptable and the product works as expected. Considering everything, this is my overall experience.",neutral
1179,"The movie is decent overall, although some scenes are good and others are not very interesting. Considering everything, this is my overall experience.",neutral
630,"There are some good scenes, but most of the movie is boring and poorly made. Overall, this is my opinion.",negative
1028,"The service was okay, with some good moments and some average moments. Considering everything, this is my overall experience.",neutral
271,"Some characters were poorly written, but the main story was excellent and I loved the book.",positive
1342,"The product works as expected, but it is neither excellent nor terrible. Considering everything, this is my overall experience.",neutral
627,"The movie has potential, but the execution is awful and I disliked it overall. Overall, this is my opinion.",negative
1043,"The acting is decent, but the story is neither particularly good nor bad. Overall, this is my opinion.",neutral
977,"The story has some good ideas, but the execution is terrible and the movie is disappointing overall.",negative
372,"The movie has problems, but the performances are wonderful and the overall experience is positive. Overall, this is my opinion.",positive
589,"The story has some good ideas, but the execution is terrible and the movie is disappointing overall. Considering everything, this is my overall experience.",negative
968,"The story has some good ideas, but the execution is terrible and the movie is disappointing overall. Considering everything, this is my overall experience.",negative
1166,"The movie has both good and bad parts, but overall it is average.",neutral
1147,"The book has some strong parts and some weak parts, making it average overall.",neutral
237,"There are some bad scenes, but the movie is enjoyable and the ending is excellent. Considering everything, this is my overall experience.",positive
597,"I liked the visuals, but the movie has a weak plot and is disappointing overall. Overall, this is my opinion.",negative
963,"The story is interesting at times, but the ending is bad and the overall movie is terrible. Overall, this is my opinion.",negative
1446,"The product is decent and performs its basic functions as expected. Considering everything, this is my overall experience.",neutral
1164,"The service was okay, with some good moments and some average moments.",neutral
591,"The acting is good in some scenes, but the movie is awful overall. Considering everything, this is my overall experience.",negative
209,"The movie is not perfect, but the story is great and I would recommend it. Considering everything, this is my overall experience.",positive
1075,The product is decent and performs its basic functions as expected.,neutral
900,"The movie has potential, but the execution is awful and I disliked it overall.",negative
354,"The story is amazing and the acting is great, although a few scenes are disappointing. Overall, I enjoyed the movie.",positive
59,"I disliked a few parts of the story, but overall I liked the book very much. Considering everything, this is my overall experience.",positive
304,"Some parts of the movie were terrible, but the acting and story were excellent, so I enjoyed it. Considering everything, this is my overall experience.",positive
1448,"The book is average. Some chapters are interesting, while others are ordinary. Overall, this is my opinion.",neutral
844,"The movie has potential, but the execution is awful and I disliked it overall.",negative
1262,The quality is acceptable and the product works as expected.,neutral
1431,"The service was acceptable, although it was not particularly impressive.",neutral
1210,"The experience was normal, with both positive and negative aspects. Overall, this is my opinion.",neutral
368,"The story is amazing and the acting is great, although a few scenes are disappointing. Overall, I enjoyed the movie.",positive
1358,"The service was acceptable, although it was not particularly impressive.",neutral
1198,"The book is average. Some chapters are interesting, while others are ordinary.",neutral
1305,"The book has some strong parts and some weak parts, making it average overall.",neutral
1233,"The product works as expected, but it is neither excellent nor terrible.",neutral
705,"There are some good scenes, but most of the movie is boring and poorly made. Considering everything, this is my overall experience.",negative
234,"I disliked a few parts of the story, but overall I liked the book very much.",positive
619,"The story is interesting at times, but the ending is bad and the overall movie is terrible.",negative
197,"Some characters were poorly written, but the main story was excellent and I loved the book. Overall, this is my opinion.",positive
1260,"The movie is okay and has some enjoyable scenes, but nothing was especially impressive. Considering everything, this is my overall experience.",neutral
82,"The book has a few boring chapters, but the story is interesting and I really liked it overall. Considering everything, this is my overall experience.",positive
1405,"The acting is decent, but the story is neither particularly good nor bad. Overall, this is my opinion.",neutral
598,"The first half was good, but the second half was awful and ruined the experience. Considering everything, this is my overall experience.",negative
1157,"The movie has some good scenes and some boring scenes, but overall it is average.",neutral
112,"The plot is fantastic, although a few characters are weak. Overall, this is a very good book. Overall, this is my opinion.",positive
1277,"The movie has both good and bad parts, but overall it is average. Considering everything, this is my overall experience.",neutral
781,"The movie has a few funny moments, but overall it is bad and I did not enjoy it. Overall, this is my opinion.",negative
984,"I liked the main character, but the plot is terrible and the book is disappointing. Considering everything, this is my overall experience.",negative
800,"The movie has a few funny moments, but overall it is bad and I did not enjoy it.",negative
1266,"The service was okay, with some good moments and some average moments. Considering everything, this is my overall experience.",neutral
1151,"The book is okay, with some good chapters and some average chapters.",neutral
825,"The movie has potential, but the execution is awful and I disliked it overall.",negative
383,"The plot is fantastic, although a few characters are weak. Overall, this is a very good book.",positive
539,"The movie has a few funny moments, but overall it is bad and I did not enjoy it. Considering everything, this is my overall experience.",negative
1494,"The plot is decent, but the movie does not stand out in any major way. Overall, this is my opinion.",neutral
1113,"The experience was normal, with both positive and negative aspects.",neutral
325,"I found some parts confusing, but the author explained most of the story very well. Considering everything, this is my overall experience.",positive
362,"The story is amazing and the acting is great, although a few scenes are disappointing. Overall, I enjoyed the movie.",positive
1488,"The product works as expected, but it is neither excellent nor terrible. Overall, this is my opinion.",neutral
1030,"The movie is decent overall, although some scenes are good and others are not very interesting. Overall, this is my opinion.",neutral
708,"The acting is good in some scenes, but the movie is awful overall. Overall, this is my opinion.",negative
333,"A few jokes were bad, but the movie was entertaining and I had a great time.",positive
430,"I found some parts confusing, but the author explained most of the story very well.",positive
1243,"The experience was normal, with both positive and negative aspects.",neutral
426,"Some characters were poorly written, but the main story was excellent and I loved the book. Considering everything, this is my overall experience.",positive
629,"I liked the main character, but the plot is terrible and the book is disappointing. Overall, this is my opinion.",negative
1112,"The acting is decent, but the story is neither particularly good nor bad.",neutral
678,"I liked the visuals, but the movie has a weak plot and is disappointing overall. Overall, this is my opinion.",negative
694,"The product has some useful features, but it is unreliable and overall bad. Considering everything, this is my overall experience.",negative
758,"The writing is good in places, but the plot is terrible and the book is disappointing.",negative
255,"Some parts of the movie were terrible, but the acting and story were excellent, so I enjoyed it.",positive
1095,"The movie is fine overall, although the plot has both strengths and weaknesses.",neutral
917,"The movie has a few funny moments, but overall it is bad and I did not enjoy it.",negative
1186,"The product is decent and performs its basic functions as expected. Considering everything, this is my overall experience.",neutral
669,"A few characters are good, but the story is confusing and the book is not worth reading. Overall, this is my opinion.",negative
842,"The story is interesting at times, but the ending is bad and the overall movie is terrible. Overall, this is my opinion.",negative
807,"The first half was good, but the second half was awful and ruined the experience.",negative
1457,"The service was acceptable, although it was not particularly impressive.",neutral
87,"The story is amazing and the acting is great, although a few scenes are disappointing. Overall, I enjoyed the movie.",positive
1422,"The book is average. Some chapters are interesting, while others are ordinary. Considering everything, this is my overall experience.",neutral
266,"There are some bad scenes, but the movie is enjoyable and the ending is excellent.",positive
288,"The book has a few boring chapters, but the story is interesting and I really liked it overall.",positive
1484,"The product works as expected, but it is neither excellent nor terrible.",neutral
893,"I enjoyed a few moments, but the movie is boring and I would not watch it again.",negative
1496,"The movie has some good scenes and some boring scenes, but overall it is average.",neutral
979,"The writing is good in places, but the plot is terrible and the book is disappointing. Overall, this is my opinion.",negative
535,"The writing is good in places, but the plot is terrible and the book is disappointing.",negative
1001,"The experience was normal, with both positive and negative aspects. Overall, this is my opinion.",neutral
222,"I liked most of the movie and the ending was excellent, even though some scenes were bad. Considering everything, this is my overall experience.",positive
114,"I loved the book because the writing is beautiful, even though some characters were not developed well. Considering everything, this is my overall experience.",positive
673,"The story is interesting at times, but the ending is bad and the overall movie is terrible.",negative
584,"I enjoyed a few moments, but the movie is boring and I would not watch it again.",negative
175,"The movie has a few boring scenes, but overall I really enjoyed it and the story is excellent. Overall, this is my opinion.",positive
536,"The first half was good, but the second half was awful and ruined the experience. Overall, this is my opinion.",negative
1079,The movie was neither good nor bad; it was simply okay.,neutral
1177,"The plot is decent, but the movie does not stand out in any major way. Overall, this is my opinion.",neutral
1107,"The book is average. Some chapters are interesting, while others are ordinary. Overall, this is my opinion.",neutral
983,"The writing is good in places, but the plot is terrible and the book is disappointing. Overall, this is my opinion.",negative
286,"I did not like a few characters, but I loved the plot and thought the book was very good overall. Considering everything, this is my overall experience.",positive
868,"The acting is good in some scenes, but the movie is awful overall.",negative
375,"I disliked a few parts of the story, but overall I liked the book very much.",positive
1197,"The plot is decent, but the movie does not stand out in any major way.",neutral
32,"The movie is not perfect, but the story is great and I would recommend it.",positive
552,"A few characters are good, but the story is confusing and the book is not worth reading.",negative
211,"I disliked a few parts of the story, but overall I liked the book very much. Overall, this is my opinion.",positive
1047,"The story is average, with a few interesting characters and some ordinary ones. Overall, this is my opinion.",neutral
924,"The product has some useful features, but it is unreliable and overall bad. Considering everything, this is my overall experience.",negative
810,"The story has some good ideas, but the execution is terrible and the movie is disappointing overall. Overall, this is my opinion.",negative
618,"The movie has potential, but the execution is awful and I disliked it overall. Overall, this is my opinion.",negative
933,"The movie has potential, but the execution is awful and I disliked it overall. Considering everything, this is my overall experience.",negative
620,"Some parts are excellent, but the overall quality is poor and the experience is bad.",negative
189,"I liked most of the movie and the ending was excellent, even though some scenes were bad. Considering everything, this is my overall experience.",positive
711,"The first half was good, but the second half was awful and ruined the experience. Considering everything, this is my overall experience.",negative
937,"The story is interesting at times, but the ending is bad and the overall movie is terrible. Considering everything, this is my overall experience.",negative
1169,"The movie has both good and bad parts, but overall it is average.",neutral
1220,"The product is decent and performs its basic functions as expected. Considering everything, this is my overall experience.",neutral
1098,"The book is average. Some chapters are interesting, while others are ordinary.",neutral
902,"The service started well, but the experience became awful and I was not satisfied. Considering everything, this is my overall experience.",negative
84,"Some parts of the movie were terrible, but the acting and story were excellent, so I enjoyed it. Considering everything, this is my overall experience.",positive
702,"A few characters are interesting, but the plot is boring and the book is not enjoyable. Considering everything, this is my overall experience.",negative
49,"Some characters were poorly written, but the main story was excellent and I loved the book. Overall, this is my opinion.",positive
1284,"The movie has some good scenes and some boring scenes, but overall it is average. Considering everything, this is my overall experience.",neutral
156,"The story is amazing and the acting is great, although a few scenes are disappointing. Overall, I enjoyed the movie.",positive
1152,"The product works as expected, but it is neither excellent nor terrible.",neutral
1142,"The experience was normal, with both positive and negative aspects. Overall, this is my opinion.",neutral
975,"A few characters are good, but the story is confusing and the book is not worth reading.",negative
1058,"The movie has both good and bad parts, but overall it is average.",neutral
808,"The service started well, but the experience became awful and I was not satisfied.",negative
1230,"The movie is decent overall, although some scenes are good and others are not very interesting. Overall, this is my opinion.",neutral
1481,"The book has some strong parts and some weak parts, making it average overall.",neutral
1437,"The product works as expected, but it is neither excellent nor terrible.",neutral
180,"I disliked a few parts of the story, but overall I liked the book very much.",positive
1356,"The movie was neither good nor bad; it was simply okay. Considering everything, this is my overall experience.",neutral
1247,"The experience was acceptable, although there were a few good and bad moments. Overall, this is my opinion.",neutral
1041,"The movie is okay and has some enjoyable scenes, but nothing was especially impressive. Overall, this is my opinion.",neutral
950,"The movie has potential, but the execution is awful and I disliked it overall. Considering everything, this is my overall experience.",negative
817,"The acting is good in some scenes, but the movie is awful overall. Overall, this is my opinion.",negative
364,"The first half was slow, but the second half was amazing and made the movie worth watching. Considering everything, this is my overall experience.",positive
1178,"The experience was normal, with both positive and negative aspects. Overall, this is my opinion.",neutral
1199,"The movie has some good scenes and some boring scenes, but overall it is average. Considering everything, this is my overall experience.",neutral
347,"The book has a few boring chapters, but the story is interesting and I really liked it overall.",positive
1011,"The movie was neither good nor bad; it was simply okay. Considering everything, this is my overall experience.",neutral
615,"The acting is good in some scenes, but the movie is awful overall. Considering everything, this is my overall experience.",negative
966,"I liked a few scenes, but overall the movie was bad and I would not recommend it. Considering everything, this is my overall experience.",negative
1274,"The experience was normal, with both positive and negative aspects.",neutral
590,"I liked the visuals, but the movie has a weak plot and is disappointing overall. Considering everything, this is my overall experience.",negative
1289,The product is decent and performs its basic functions as expected.,neutral
632,"I enjoyed the beginning, but the ending was terrible and ruined the entire movie. Considering everything, this is my overall experience.",negative
244,"The story is amazing and the acting is great, although a few scenes are disappointing. Overall, I enjoyed the movie. Considering everything, this is my overall experience.",positive
1375,"The story is decent, although a few characters are interesting and others are ordinary.",neutral
1452,"The movie is fine overall, although the plot has both strengths and weaknesses.",neutral
765,"The story is interesting at times, but the ending is bad and the overall movie is terrible.",negative
988,"The service started well, but the experience became awful and I was not satisfied.",negative
412,"The book has a few boring chapters, but the story is interesting and I really liked it overall.",positive
1421,"The story is average, with a few interesting characters and some ordinary ones. Overall, this is my opinion.",neutral
1226,"The product works as expected, but it is neither excellent nor terrible. Considering everything, this is my overall experience.",neutral
309,"The movie has problems, but the performances are wonderful and the overall experience is positive.",positive
882,"I enjoyed the beginning, but the ending was terrible and ruined the entire movie. Considering everything, this is my overall experience.",negative
399,"I found some parts confusing, but the author explained most of the story very well.",positive
371,"This product has some small problems, but overall it works very well and I am happy with it.",positive
55,"The story is amazing and the acting is great, although a few scenes are disappointing. Overall, I enjoyed the movie.",positive
1339,"The story is decent, although a few characters are interesting and others are ordinary.",neutral
1183,"The quality is acceptable and the product works as expected. Overall, this is my opinion.",neutral
313,"I like this book so much, the author described the story very well. I like the plot, although a few characters have a bad subplot, but overall everything is good. Considering everything, this is my overall experience.",positive
922,"There are some good scenes, but most of the movie is boring and poorly made. Overall, this is my opinion.",negative
110,"Some characters were poorly written, but the main story was excellent and I loved the book. Considering everything, this is my overall experience.",positive
719,"The writing is good in places, but the plot is terrible and the book is disappointing. Considering everything, this is my overall experience.",negative
692,"There are some good scenes, but most of the movie is boring and poorly made.",negative
101,"The product has a few flaws, but it is useful and the overall quality is good.",positive
1126,"The story is average, with a few interesting characters and some ordinary ones.",neutral
670,"The acting is good in some scenes, but the movie is awful overall. Considering everything, this is my overall experience.",negative
1376,"The movie is fine overall, although the plot has both strengths and weaknesses. Overall, this is my opinion.",neutral
267,"The movie has problems, but the performances are wonderful and the overall experience is positive. Considering everything, this is my overall experience.",positive
679,"There are some good scenes, but most of the movie is boring and poorly made.",negative
297,"The first half was slow, but the second half was amazing and made the movie worth watching.",positive
530,"The first half was good, but the second half was awful and ruined the experience.",negative
945,"The movie has potential, but the execution is awful and I disliked it overall.",negative
1014,"The experience was acceptable, although there were a few good and bad moments.",neutral
951,"I enjoyed a few moments, but the movie is boring and I would not watch it again.",negative
378,"Some parts of the movie were terrible, but the acting and story were excellent, so I enjoyed it. Considering everything, this is my overall experience.",positive
287,"The book has a few boring chapters, but the story is interesting and I really liked it overall. Considering everything, this is my overall experience.",positive
1439,The quality is acceptable and the product works as expected.,neutral
731,"I liked a few scenes, but overall the movie was bad and I would not recommend it. Overall, this is my opinion.",negative
127,"Some parts of the movie were terrible, but the acting and story were excellent, so I enjoyed it.",positive
328,"The plot is fantastic, although a few characters are weak. Overall, this is a very good book. Considering everything, this is my overall experience.",positive
293,"I like this book so much, the author described the story very well. I like the plot, although a few characters have a bad subplot, but overall everything is good.",positive
549,"I liked the visuals, but the movie has a weak plot and is disappointing overall. Considering everything, this is my overall experience.",negative
728,"There are some good scenes, but most of the movie is boring and poorly made.",negative
909,"There are some good scenes, but most of the movie is boring and poorly made.",negative
356,"The movie is not perfect, but the story is great and I would recommend it.",positive
171,"The story is amazing and the acting is great, although a few scenes are disappointing. Overall, I enjoyed the movie.",positive
967,"I liked the main character, but the plot is terrible and the book is disappointing.",negative
1134,"The movie has some good scenes and some boring scenes, but overall it is average.",neutral
652,"The story has some good ideas, but the execution is terrible and the movie is disappointing overall.",negative
210,"I loved the book because the writing is beautiful, even though some characters were not developed well. Overall, this is my opinion.",positive
1398,"The service was acceptable, although it was not particularly impressive. Overall, this is my opinion.",neutral
141,"I did not like a few characters, but I loved the plot and thought the book was very good overall.",positive
1084,"The experience was normal, with both positive and negative aspects.",neutral
991,"The writing is good in places, but the plot is terrible and the book is disappointing. Overall, this is my opinion.",negative
651,"I enjoyed a few moments, but the movie is boring and I would not watch it again. Overall, this is my opinion.",negative
1189,"The movie has both good and bad parts, but overall it is average.",neutral
1499,"The movie has some good scenes and some boring scenes, but overall it is average.",neutral
486,"Some parts of the movie were terrible, but the acting and story were excellent, so I enjoyed it. Overall, this is my opinion.",positive
528,"The product has some useful features, but it is unreliable and overall bad. Overall, this is my opinion.",negative
200,"The movie has problems, but the performances are wonderful and the overall experience is positive. Overall, this is my opinion.",positive
890,"Some parts of the book are excellent, but the overall story is boring and poorly written. Overall, this is my opinion.",negative
845,"The first half was good, but the second half was awful and ruined the experience. Overall, this is my opinion.",negative
1069,"The experience was normal, with both positive and negative aspects. Considering everything, this is my overall experience.",neutral
1206,"The story is average, with a few interesting characters and some ordinary ones.",neutral
1055,"The book is average. Some chapters are interesting, while others are ordinary.",neutral
11,"The service was slow at first, but the staff were friendly and the overall experience was good. Considering everything, this is my overall experience.",positive
148,"A few jokes were bad, but the movie was entertaining and I had a great time. Overall, this is my opinion.",positive
722,"There are some good scenes, but most of the movie is boring and poorly made.",negative
283,"The book has a few boring chapters, but the story is interesting and I really liked it overall. Considering everything, this is my overall experience.",positive
299,"I found some parts confusing, but the author explained most of the story very well. Overall, this is my opinion.",positive
614,"Some parts are excellent, but the overall quality is poor and the experience is bad. Overall, this is my opinion.",negative
292,"I loved the book because the writing is beautiful, even though some characters were not developed well.",positive
650,"Some parts are excellent, but the overall quality is poor and the experience is bad. Considering everything, this is my overall experience.",negative
599,"The acting is good in some scenes, but the movie is awful overall.",negative
1044,"The book is average. Some chapters are interesting, while others are ordinary.",neutral
553,"The product has some useful features, but it is unreliable and overall bad. Considering everything, this is my overall experience.",negative
1299,The product is decent and performs its basic functions as expected.,neutral
130,"The movie has a few boring scenes, but overall I really enjoyed it and the story is excellent. Considering everything, this is my overall experience.",positive
1062,"The plot is decent, but the movie does not stand out in any major way. Considering everything, this is my overall experience.",neutral
332,"Some characters were poorly written, but the main story was excellent and I loved the book.",positive
324,"I found some parts confusing, but the author explained most of the story very well.",positive
681,"A few characters are interesting, but the plot is boring and the book is not enjoyable.",negative
479,"The service was slow at first, but the staff were friendly and the overall experience was good. Overall, this is my opinion.",positive
562,"The acting is good in some scenes, but the movie is awful overall. Considering everything, this is my overall experience.",negative
136,"The story is amazing and the acting is great, although a few scenes are disappointing. Overall, I enjoyed the movie.",positive
507,"Some parts are excellent, but the overall quality is poor and the experience is bad. Overall, this is my opinion.",negative
514,"The movie has potential, but the execution is awful and I disliked it overall. Overall, this is my opinion.",negative
1372,"The book is okay, with some good chapters and some average chapters. Considering everything, this is my overall experience.",neutral
436,"The plot is fantastic, although a few characters are weak. Overall, this is a very good book. Overall, this is my opinion.",positive
874,"A few characters are interesting, but the plot is boring and the book is not enjoyable. Overall, this is my opinion.",negative
1463,"The service was acceptable, although it was not particularly impressive.",neutral
753,"I liked the visuals, but the movie has a weak plot and is disappointing overall. Considering everything, this is my overall experience.",negative
666,"A few characters are interesting, but the plot is boring and the book is not enjoyable. Overall, this is my opinion.",negative
159,"The book has a few boring chapters, but the story is interesting and I really liked it overall. Overall, this is my opinion.",positive
1254,"The book is average. Some chapters are interesting, while others are ordinary. Considering everything, this is my overall experience.",neutral
1293,"The story is decent, although a few characters are interesting and others are ordinary.",neutral
576,"I liked a few scenes, but overall the movie was bad and I would not recommend it. Overall, this is my opinion.",negative
353,"The movie has problems, but the performances are wonderful and the overall experience is positive. Overall, this is my opinion.",positive
938,"The story is interesting at times, but the ending is bad and the overall movie is terrible.",negative
1296,"The book has some strong parts and some weak parts, making it average overall. Overall, this is my opinion.",neutral
1393,"The movie was neither good nor bad; it was simply okay. Considering everything, this is my overall experience.",neutral
1301,"The experience was acceptable, although there were a few good and bad moments. Considering everything, this is my overall experience.",neutral
592,"The first half was good, but the second half was awful and ruined the experience.",negative
665,"I liked a few scenes, but overall the movie was bad and I would not recommend it. Considering everything, this is my overall experience.",negative
196,"A few jokes were bad, but the movie was entertaining and I had a great time. Considering everything, this is my overall experience.",positive
1241,"The experience was acceptable, although there were a few good and bad moments. Considering everything, this is my overall experience.",neutral
1049,The product is decent and performs its basic functions as expected.,neutral
439,"I loved the book because the writing is beautiful, even though some characters were not developed well.",positive
1436,"The product works as expected, but it is neither excellent nor terrible. Considering everything, this is my overall experience.",neutral
644,"The first half was good, but the second half was awful and ruined the experience. Considering everything, this is my overall experience.",negative
97,"The book has a few boring chapters, but the story is interesting and I really liked it overall. Considering everything, this is my overall experience.",positive
585,"The first half was good, but the second half was awful and ruined the experience.",negative
1215,"The movie has both good and bad parts, but overall it is average. Overall, this is my opinion.",neutral
157,"The book has a few boring chapters, but the story is interesting and I really liked it overall.",positive
420,"Some parts of the movie were terrible, but the acting and story were excellent, so I enjoyed it. Considering everything, this is my overall experience.",positive
411,"A few jokes were bad, but the movie was entertaining and I had a great time. Considering everything, this is my overall experience.",positive
1223,"The movie has both good and bad parts, but overall it is average. Overall, this is my opinion.",neutral
478,"I disliked a few parts of the story, but overall I liked the book very much.",positive
515,"The movie has a few funny moments, but overall it is bad and I did not enjoy it.",negative
1286,"The experience was normal, with both positive and negative aspects.",neutral
1454,"The book is okay, with some good chapters and some average chapters.",neutral
1119,"The story is average, with a few interesting characters and some ordinary ones.",neutral
448,"I disliked a few parts of the story, but overall I liked the book very much.",positive
179,"The movie is not perfect, but the story is great and I would recommend it. Considering everything, this is my overall experience.",positive
391,"I loved the book because the writing is beautiful, even though some characters were not developed well.",positive
1290,The quality is acceptable and the product works as expected.,neutral
1308,"The story is decent, although a few characters are interesting and others are ordinary. Considering everything, this is my overall experience.",neutral
1367,"The acting is decent, but the story is neither particularly good nor bad. Overall, this is my opinion.",neutral
1048,"The story is decent, although a few characters are interesting and others are ordinary. Overall, this is my opinion.",neutral
1143,"The experience was acceptable, although there were a few good and bad moments. Considering everything, this is my overall experience.",neutral
635,"I enjoyed a few moments, but the movie is boring and I would not watch it again.",negative
866,"The product looks good, but it does not work properly and I am disappointed. Overall, this is my opinion.",negative
788,"I enjoyed the beginning, but the ending was terrible and ruined the entire movie. Overall, this is my opinion.",negative
745,"The movie has a few funny moments, but overall it is bad and I did not enjoy it. Considering everything, this is my overall experience.",negative
860,"A few characters are interesting, but the plot is boring and the book is not enjoyable. Considering everything, this is my overall experience.",negative
295,"I disliked a few parts of the story, but overall I liked the book very much.",positive
545,"The story has some good ideas, but the execution is terrible and the movie is disappointing overall.",negative
1363,"The service was okay, with some good moments and some average moments. Considering everything, this is my overall experience.",neutral
89,"I did not like a few characters, but I loved the plot and thought the book was very good overall.",positive
1032,"The service was okay, with some good moments and some average moments. Considering everything, this is my overall experience.",neutral
1380,"The book is okay, with some good chapters and some average chapters. Overall, this is my opinion.",neutral
577,"The movie has a few funny moments, but overall it is bad and I did not enjoy it. Overall, this is my opinion.",negative
907,"A few characters are good, but the story is confusing and the book is not worth reading. Considering everything, this is my overall experience.",negative
1388,"The product works as expected, but it is neither excellent nor terrible.",neutral
1092,"The book is average. Some chapters are interesting, while others are ordinary.",neutral
944,"The writing is good in places, but the plot is terrible and the book is disappointing. Overall, this is my opinion.",negative
291,"The movie is not perfect, but the story is great and I would recommend it.",positive
1419,"The movie has both good and bad parts, but overall it is average. Overall, this is my opinion.",neutral
1019,"The story is average, with a few interesting characters and some ordinary ones. Considering everything, this is my overall experience.",neutral
349,"I did not like a few characters, but I loved the plot and thought the book was very good overall.",positive
568,"A few characters are interesting, but the plot is boring and the book is not enjoyable.",negative
1413,"The book has some strong parts and some weak parts, making it average overall. Considering everything, this is my overall experience.",neutral
1059,"The book is okay, with some good chapters and some average chapters.",neutral
600,"The writing is good in places, but the plot is terrible and the book is disappointing.",negative
459,"I liked most of the movie and the ending was excellent, even though some scenes were bad.",positive
376,"A few jokes were bad, but the movie was entertaining and I had a great time. Considering everything, this is my overall experience.",positive
334,"I loved the book because the writing is beautiful, even though some characters were not developed well.",positive
757,"The product has some useful features, but it is unreliable and overall bad. Overall, this is my opinion.",negative
1324,"The movie is fine overall, although the plot has both strengths and weaknesses.",neutral
712,"I enjoyed a few moments, but the movie is boring and I would not watch it again.",negative
1390,"The movie is okay and has some enjoyable scenes, but nothing was especially impressive.",neutral
567,"Some parts are excellent, but the overall quality is poor and the experience is bad.",negative
329,"I liked most of the movie and the ending was excellent, even though some scenes were bad. Overall, this is my opinion.",positive
319,"I disliked a few parts of the story, but overall I liked the book very much. Considering everything, this is my overall experience.",positive
1303,"The product works as expected, but it is neither excellent nor terrible. Overall, this is my opinion.",neutral
953,"I enjoyed the beginning, but the ending was terrible and ruined the entire movie. Overall, this is my opinion.",negative
13,"I like this book so much, the author described the story very well. I like the plot, although a few characters have a bad subplot, but overall everything is good.",positive
172,"This product has some small problems, but overall it works very well and I am happy with it.",positive
261,"I loved the book because the writing is beautiful, even though some characters were not developed well. Considering everything, this is my overall experience.",positive
820,"There are some good scenes, but most of the movie is boring and poorly made.",negative
1495,"The book is okay, with some good chapters and some average chapters. Considering everything, this is my overall experience.",neutral
797,"The story is interesting at times, but the ending is bad and the overall movie is terrible. Overall, this is my opinion.",negative
139,"The product has a few flaws, but it is useful and the overall quality is good. Overall, this is my opinion.",positive
550,"The story is interesting at times, but the ending is bad and the overall movie is terrible. Considering everything, this is my overall experience.",negative
616,"The story is interesting at times, but the ending is bad and the overall movie is terrible. Considering everything, this is my overall experience.",negative
846,"The story is interesting at times, but the ending is bad and the overall movie is terrible. Considering everything, this is my overall experience.",negative
778,"I liked the main character, but the plot is terrible and the book is disappointing.",negative
559,"The writing is good in places, but the plot is terrible and the book is disappointing. Overall, this is my opinion.",negative
140,"The book has a few boring chapters, but the story is interesting and I really liked it overall.",positive
1310,"The movie has both good and bad parts, but overall it is average. Overall, this is my opinion.",neutral
1024,"The book has some strong parts and some weak parts, making it average overall. Considering everything, this is my overall experience.",neutral
225,"I found some parts confusing, but the author explained most of the story very well.",positive
964,"The acting is good in some scenes, but the movie is awful overall. Considering everything, this is my overall experience.",negative
410,"The plot is fantastic, although a few characters are weak. Overall, this is a very good book. Considering everything, this is my overall experience.",positive
326,"I did not like a few characters, but I loved the plot and thought the book was very good overall.",positive
300,"The movie is not perfect, but the story is great and I would recommend it.",positive
994,"I liked the visuals, but the movie has a weak plot and is disappointing overall. Overall, this is my opinion.",negative
1033,"The movie was neither good nor bad; it was simply okay. Overall, this is my opinion.",neutral
671,"I liked a few scenes, but overall the movie was bad and I would not recommend it. Overall, this is my opinion.",negative
1480,The movie was neither good nor bad; it was simply okay.,neutral
947,"I liked the visuals, but the movie has a weak plot and is disappointing overall. Overall, this is my opinion.",negative
1270,"The acting is decent, but the story is neither particularly good nor bad. Considering everything, this is my overall experience.",neutral
574,"The product looks good, but it does not work properly and I am disappointed.",negative
504,"Some parts of the book are excellent, but the overall story is boring and poorly written. Considering everything, this is my overall experience.",negative
1038,"The movie is decent overall, although some scenes are good and others are not very interesting. Overall, this is my opinion.",neutral
4,"The story is amazing and the acting is great, although a few scenes are disappointing. Overall, I enjoyed the movie.",positive
1469,"The plot is decent, but the movie does not stand out in any major way. Considering everything, this is my overall experience.",neutral
468,"The story is amazing and the acting is great, although a few scenes are disappointing. Overall, I enjoyed the movie. Considering everything, this is my overall experience.",positive
322,"I did not like a few characters, but I loved the plot and thought the book was very good overall.",positive
6,"The movie has a few boring scenes, but overall I really enjoyed it and the story is excellent.",positive
974,"A few characters are good, but the story is confusing and the book is not worth reading.",negative
548,"The movie has a few funny moments, but overall it is bad and I did not enjoy it.",negative
1477,"The experience was acceptable, although there were a few good and bad moments. Considering everything, this is my overall experience.",neutral
40,"I did not like a few characters, but I loved the plot and thought the book was very good overall.",positive
543,"The service started well, but the experience became awful and I was not satisfied. Considering everything, this is my overall experience.",negative
243,"The movie has a few boring scenes, but overall I really enjoyed it and the story is excellent.",positive
137,"The movie has problems, but the performances are wonderful and the overall experience is positive.",positive
603,"There are some good scenes, but most of the movie is boring and poorly made. Considering everything, this is my overall experience.",negative
773,"I enjoyed the beginning, but the ending was terrible and ruined the entire movie.",negative
847,"A few characters are interesting, but the plot is boring and the book is not enjoyable.",negative
1091,"The experience was normal, with both positive and negative aspects. Considering everything, this is my overall experience.",neutral
1366,"The movie has some good scenes and some boring scenes, but overall it is average.",neutral
582,"A few characters are interesting, but the plot is boring and the book is not enjoyable. Considering everything, this is my overall experience.",negative
1475,"The product works as expected, but it is neither excellent nor terrible. Overall, this is my opinion.",neutral
789,"A few characters are good, but the story is confusing and the book is not worth reading.",negative
1389,"The book is average. Some chapters are interesting, while others are ordinary.",neutral
377,"I found some parts confusing, but the author explained most of the story very well. Considering everything, this is my overall experience.",positive
315,"The product has a few flaws, but it is useful and the overall quality is good. Overall, this is my opinion.",positive
443,"A few jokes were bad, but the movie was entertaining and I had a great time. Overall, this is my opinion.",positive
320,"I found some parts confusing, but the author explained most of the story very well. Considering everything, this is my overall experience.",positive
1479,"The book is average. Some chapters are interesting, while others are ordinary.",neutral
794,"A few characters are interesting, but the plot is boring and the book is not enjoyable.",negative
1133,"The movie has both good and bad parts, but overall it is average.",neutral
425,"There are some bad scenes, but the movie is enjoyable and the ending is excellent.",positive
554,"I liked the main character, but the plot is terrible and the book is disappointing.",negative
595,"A few characters are interesting, but the plot is boring and the book is not enjoyable.",negative
894,"Some parts are excellent, but the overall quality is poor and the experience is bad.",negative
1482,"The experience was acceptable, although there were a few good and bad moments.",neutral
1218,"The acting is decent, but the story is neither particularly good nor bad. Considering everything, this is my overall experience.",neutral
1165,"The plot is decent, but the movie does not stand out in any major way.",neutral
228,"Some parts of the movie were terrible, but the acting and story were excellent, so I enjoyed it. Overall, this is my opinion.",positive
715,"A few characters are good, but the story is confusing and the book is not worth reading. Overall, this is my opinion.",negative
811,"The service started well, but the experience became awful and I was not satisfied. Considering everything, this is my overall experience.",negative
980,"The product has some useful features, but it is unreliable and overall bad. Considering everything, this is my overall experience.",negative
1076,"The experience was normal, with both positive and negative aspects.",neutral
67,"A few jokes were bad, but the movie was entertaining and I had a great time.",positive
394,"Some characters were poorly written, but the main story was excellent and I loved the book.",positive
580,"I enjoyed the beginning, but the ending was terrible and ruined the entire movie. Considering everything, this is my overall experience.",negative
990,"The product has some useful features, but it is unreliable and overall bad. Overall, this is my opinion.",negative
212,"The story is amazing and the acting is great, although a few scenes are disappointing. Overall, I enjoyed the movie. Overall, this is my opinion.",positive
1160,"The service was acceptable, although it was not particularly impressive. Considering everything, this is my overall experience.",neutral
782,"The acting is good in some scenes, but the movie is awful overall.",negative
537,"I liked the main character, but the plot is terrible and the book is disappointing. Considering everything, this is my overall experience.",negative
775,"I enjoyed the beginning, but the ending was terrible and ruined the entire movie. Considering everything, this is my overall experience.",negative
662,"I enjoyed a few moments, but the movie is boring and I would not watch it again. Overall, this is my opinion.",negative
86,"A few jokes were bad, but the movie was entertaining and I had a great time. Considering everything, this is my overall experience.",positive
1350,"The movie is okay and has some enjoyable scenes, but nothing was especially impressive. Considering everything, this is my overall experience.",neutral
1217,"The movie is okay and has some enjoyable scenes, but nothing was especially impressive.",neutral
916,"I liked the main character, but the plot is terrible and the book is disappointing. Considering everything, this is my overall experience.",negative
661,"I liked the visuals, but the movie has a weak plot and is disappointing overall.",negative
1351,The quality is acceptable and the product works as expected.,neutral
631,"I liked a few scenes, but overall the movie was bad and I would not recommend it.",negative
1034,"The movie has both good and bad parts, but overall it is average. Considering everything, this is my overall experience.",neutral
1400,"The movie has both good and bad parts, but overall it is average. Considering everything, this is my overall experience.",neutral
1093,"The book has some strong parts and some weak parts, making it average overall. Overall, this is my opinion.",neutral
274,"The first half was slow, but the second half was amazing and made the movie worth watching.",positive
723,"Some parts are excellent, but the overall quality is poor and the experience is bad.",negative
363,"The movie has problems, but the performances are wonderful and the overall experience is positive. Overall, this is my opinion.",positive
623,"The story is interesting at times, but the ending is bad and the overall movie is terrible. Overall, this is my opinion.",negative
3,"The service was slow at first, but the staff were friendly and the overall experience was good.",positive
7,"I loved the book because the writing is beautiful, even though some characters were not developed well.",positive
312,"A few jokes were bad, but the movie was entertaining and I had a great time. Overall, this is my opinion.",positive
1168,"The product works as expected, but it is neither excellent nor terrible.",neutral
939,"I liked the visuals, but the movie has a weak plot and is disappointing overall.",negative
1478,"The book is average. Some chapters are interesting, while others are ordinary.",neutral
216,"Some characters were poorly written, but the main story was excellent and I loved the book.",positive
1321,The quality is acceptable and the product works as expected.,neutral
28,"The service was slow at first, but the staff were friendly and the overall experience was good. Overall, this is my opinion.",positive
1466,"The movie is fine overall, although the plot has both strengths and weaknesses.",neutral
1025,"The product works as expected, but it is neither excellent nor terrible. Considering everything, this is my overall experience.",neutral
786,"The product has some useful features, but it is unreliable and overall bad.",negative
639,"The service started well, but the experience became awful and I was not satisfied. Overall, this is my opinion.",negative
830,"The first half was good, but the second half was awful and ruined the experience. Considering everything, this is my overall experience.",negative
827,"There are some good scenes, but most of the movie is boring and poorly made.",negative
625,"Some parts are excellent, but the overall quality is poor and the experience is bad.",negative
850,"I liked the main character, but the plot is terrible and the book is disappointing.",negative
257,"I did not like a few characters, but I loved the plot and thought the book was very good overall.",positive
26,"The movie has problems, but the performances are wonderful and the overall experience is positive.",positive
337,"The first half was slow, but the second half was amazing and made the movie worth watching. Considering everything, this is my overall experience.",positive
573,"I enjoyed the beginning, but the ending was terrible and ruined the entire movie. Overall, this is my opinion.",negative
48,"This product has some small problems, but overall it works very well and I am happy with it.",positive
107,"There are some bad scenes, but the movie is enjoyable and the ending is excellent. Overall, this is my opinion.",positive
350,"Some characters were poorly written, but the main story was excellent and I loved the book.",positive
56,"The plot is fantastic, although a few characters are weak. Overall, this is a very good book. Considering everything, this is my overall experience.",positive
809,"The story has some good ideas, but the execution is terrible and the movie is disappointing overall.",negative
214,"The product has a few flaws, but it is useful and the overall quality is good. Overall, this is my opinion.",positive
121,"The movie has a few boring scenes, but overall I really enjoyed it and the story is excellent.",positive
870,"The product has some useful features, but it is unreliable and overall bad.",negative
856,"The first half was good, but the second half was awful and ruined the experience.",negative
73,"The first half was slow, but the second half was amazing and made the movie worth watching.",positive
1381,"The experience was normal, with both positive and negative aspects. Overall, this is my opinion.",neutral
721,"The movie has potential, but the execution is awful and I disliked it overall.",negative
46,"There are some bad scenes, but the movie is enjoyable and the ending is excellent. Considering everything, this is my overall experience.",positive
1264,The quality is acceptable and the product works as expected.,neutral
524,"Some parts of the book are excellent, but the overall story is boring and poorly written.",negative
869,"I enjoyed the beginning, but the ending was terrible and ruined the entire movie.",negative
1108,"The movie has some good scenes and some boring scenes, but overall it is average. Overall, this is my opinion.",neutral
1275,"The book has some strong parts and some weak parts, making it average overall.",neutral
803,"The story is interesting at times, but the ending is bad and the overall movie is terrible. Overall, this is my opinion.",negative
534,"I liked a few scenes, but overall the movie was bad and I would not recommend it. Overall, this is my opinion.",negative
1138,"The movie is fine overall, although the plot has both strengths and weaknesses.",neutral
604,"I liked the visuals, but the movie has a weak plot and is disappointing overall. Considering everything, this is my overall experience.",negative
466,"This product has some small problems, but overall it works very well and I am happy with it. Overall, this is my opinion.",positive
1203,"The service was okay, with some good moments and some average moments. Overall, this is my opinion.",neutral
1278,"The service was acceptable, although it was not particularly impressive.",neutral
1444,"The story is decent, although a few characters are interesting and others are ordinary.",neutral
989,"The product has some useful features, but it is unreliable and overall bad. Overall, this is my opinion.",negative
61,"Some characters were poorly written, but the main story was excellent and I loved the book.",positive
886,"The product looks good, but it does not work properly and I am disappointed. Overall, this is my opinion.",negative
93,"The movie has a few boring scenes, but overall I really enjoyed it and the story is excellent.",positive
667,"Some parts are excellent, but the overall quality is poor and the experience is bad. Considering everything, this is my overall experience.",negative
706,"I enjoyed a few moments, but the movie is boring and I would not watch it again.",negative
195,"The book has a few boring chapters, but the story is interesting and I really liked it overall. Overall, this is my opinion.",positive
281,"This product has some small problems, but overall it works very well and I am happy with it. Considering everything, this is my overall experience.",positive
696,"Some parts are excellent, but the overall quality is poor and the experience is bad.",negative
360,"The movie has a few boring scenes, but overall I really enjoyed it and the story is excellent. Overall, this is my opinion.",positive
520,"Some parts are excellent, but the overall quality is poor and the experience is bad. Overall, this is my opinion.",negative
813,"I liked the main character, but the plot is terrible and the book is disappointing.",negative
768,"The movie has a few funny moments, but overall it is bad and I did not enjoy it. Considering everything, this is my overall experience.",negative
183,"I like this book so much, the author described the story very well. I like the plot, although a few characters have a bad subplot, but overall everything is good.",positive
1487,"The service was okay, with some good moments and some average moments. Overall, this is my opinion.",neutral
111,"This product has some small problems, but overall it works very well and I am happy with it. Considering everything, this is my overall experience.",positive
43,"The book has a few boring chapters, but the story is interesting and I really liked it overall.",positive
1007,"The story is decent, although a few characters are interesting and others are ordinary. Considering everything, this is my overall experience.",neutral
205,"There are some bad scenes, but the movie is enjoyable and the ending is excellent.",positive
821,"The product has some useful features, but it is unreliable and overall bad. Considering everything, this is my overall experience.",negative
53,"This product has some small problems, but overall it works very well and I am happy with it. Considering everything, this is my overall experience.",positive
546,"The service started well, but the experience became awful and I was not satisfied. Considering everything, this is my overall experience.",negative
1132,"The story is average, with a few interesting characters and some ordinary ones.",neutral
1158,"The service was acceptable, although it was not particularly impressive. Overall, this is my opinion.",neutral
1468,"The plot is decent, but the movie does not stand out in any major way. Overall, this is my opinion.",neutral
911,"The story is interesting at times, but the ending is bad and the overall movie is terrible. Considering everything, this is my overall experience.",negative
184,"I did not like a few characters, but I loved the plot and thought the book was very good overall. Considering everything, this is my overall experience.",positive
138,"I disliked a few parts of the story, but overall I liked the book very much.",positive
1150,"The movie is okay and has some enjoyable scenes, but nothing was especially impressive. Considering everything, this is my overall experience.",neutral
81,"Some characters were poorly written, but the main story was excellent and I loved the book.",positive
1213,"The book is okay, with some good chapters and some average chapters.",neutral
106,"The story is amazing and the acting is great, although a few scenes are disappointing. Overall, I enjoyed the movie.",positive
542,"A few characters are interesting, but the plot is boring and the book is not enjoyable. Considering everything, this is my overall experience.",negative
1314,"The book is average. Some chapters are interesting, while others are ordinary.",neutral
481,"The product has a few flaws, but it is useful and the overall quality is good.",positive
166,"I like this book so much, the author described the story very well. I like the plot, although a few characters have a bad subplot, but overall everything is good. Overall, this is my opinion.",positive
249,"The plot is fantastic, although a few characters are weak. Overall, this is a very good book. Considering everything, this is my overall experience.",positive
308,"I disliked a few parts of the story, but overall I liked the book very much.",positive
447,"There are some bad scenes, but the movie is enjoyable and the ending is excellent.",positive
747,"The first half was good, but the second half was awful and ruined the experience.",negative
335,"The product has a few flaws, but it is useful and the overall quality is good. Considering everything, this is my overall experience.",positive
98,"I liked most of the movie and the ending was excellent, even though some scenes were bad.",positive
760,"The service started well, but the experience became awful and I was not satisfied.",negative
738,"I enjoyed a few moments, but the movie is boring and I would not watch it again.",negative
837,"The story is interesting at times, but the ending is bad and the overall movie is terrible.",negative
943,"I enjoyed a few moments, but the movie is boring and I would not watch it again. Considering everything, this is my overall experience.",negative
103,"The product has a few flaws, but it is useful and the overall quality is good. Overall, this is my opinion.",positive
435,"I like this book so much, the author described the story very well. I like the plot, although a few characters have a bad subplot, but overall everything is good.",positive
75,"Some parts of the movie were terrible, but the acting and story were excellent, so I enjoyed it.",positive
1341,"The service was okay, with some good moments and some average moments. Overall, this is my opinion.",neutral
1125,The movie was neither good nor bad; it was simply okay.,neutral
1360,"The book is average. Some chapters are interesting, while others are ordinary. Overall, this is my opinion.",neutral
303,"The story is amazing and the acting is great, although a few scenes are disappointing. Overall, I enjoyed the movie.",positive
1263,"The experience was acceptable, although there were a few good and bad moments. Overall, this is my opinion.",neutral
1224,"The book is average. Some chapters are interesting, while others are ordinary.",neutral
734,"The product has some useful features, but it is unreliable and overall bad.",negative
389,"The service was slow at first, but the staff were friendly and the overall experience was good. Overall, this is my opinion.",positive
236,"The movie has problems, but the performances are wonderful and the overall experience is positive.",positive
1246,"The product works as expected, but it is neither excellent nor terrible. Overall, this is my opinion.",neutral
268,"The first half was slow, but the second half was amazing and made the movie worth watching.",positive
306,"I loved the book because the writing is beautiful, even though some characters were not developed well.",positive
118,"The plot is fantastic, although a few characters are weak. Overall, this is a very good book. Considering everything, this is my overall experience.",positive
1212,"The movie has both good and bad parts, but overall it is average. Overall, this is my opinion.",neutral
674,"A few characters are good, but the story is confusing and the book is not worth reading.",negative
250,"I found some parts confusing, but the author explained most of the story very well. Overall, this is my opinion.",positive
1094,"The product works as expected, but it is neither excellent nor terrible. Overall, this is my opinion.",neutral
1080,"The product works as expected, but it is neither excellent nor terrible. Considering everything, this is my overall experience.",neutral
72,"I disliked a few parts of the story, but overall I liked the book very much. Overall, this is my opinion.",positive
95,"I did not like a few characters, but I loved the plot and thought the book was very good overall.",positive
848,"I enjoyed a few moments, but the movie is boring and I would not watch it again. Overall, this is my opinion.",negative
34,"I liked most of the movie and the ending was excellent, even though some scenes were bad. Overall, this is my opinion.",positive
1101,"The book has some strong parts and some weak parts, making it average overall.",neutral
449,"I loved the book because the writing is beautiful, even though some characters were not developed well. Overall, this is my opinion.",positive
446,"I found some parts confusing, but the author explained most of the story very well.",positive
772,"There are some good scenes, but most of the movie is boring and poorly made.",negative
717,"There are some good scenes, but most of the movie is boring and poorly made.",negative
887,"The movie has a few funny moments, but overall it is bad and I did not enjoy it. Overall, this is my opinion.",negative
1245,"The story is average, with a few interesting characters and some ordinary ones.",neutral
901,"The product has some useful features, but it is unreliable and overall bad. Overall, this is my opinion.",negative
1036,"The product works as expected, but it is neither excellent nor terrible. Considering everything, this is my overall experience.",neutral
78,"I loved the book because the writing is beautiful, even though some characters were not developed well. Considering everything, this is my overall experience.",positive
85,"The movie is not perfect, but the story is great and I would recommend it. Considering everything, this is my overall experience.",positive
835,"I liked the main character, but the plot is terrible and the book is disappointing.",negative
83,"I liked most of the movie and the ending was excellent, even though some scenes were bad.",positive
458,"I found some parts confusing, but the author explained most of the story very well. Overall, this is my opinion.",positive
919,"The service started well, but the experience became awful and I was not satisfied. Considering everything, this is my overall experience.",negative
677,"I enjoyed a few moments, but the movie is boring and I would not watch it again.",negative
985,"Some parts of the book are excellent, but the overall story is boring and poorly written.",negative
1240,"The story is average, with a few interesting characters and some ordinary ones.",neutral
437,"Some characters were poorly written, but the main story was excellent and I loved the book.",positive
771,"There are some good scenes, but most of the movie is boring and poorly made.",negative
645,"The product has some useful features, but it is unreliable and overall bad. Considering everything, this is my overall experience.",negative
1120,"The experience was normal, with both positive and negative aspects. Considering everything, this is my overall experience.",neutral
906,"The product looks good, but it does not work properly and I am disappointed. Considering everything, this is my overall experience.",negative
1194,"The service was okay, with some good moments and some average moments.",neutral
405,"The product has a few flaws, but it is useful and the overall quality is good. Overall, this is my opinion.",positive
1304,"The experience was acceptable, although there were a few good and bad moments. Overall, this is my opinion.",neutral
934,"The service started well, but the experience became awful and I was not satisfied.",negative
1486,"The product is decent and performs its basic functions as expected. Overall, this is my opinion.",neutral
105,"I found some parts confusing, but the author explained most of the story very well.",positive
610,"A few characters are interesting, but the plot is boring and the book is not enjoyable.",negative
1456,"The story is decent, although a few characters are interesting and others are ordinary.",neutral
689,"The product has some useful features, but it is unreliable and overall bad. Considering everything, this is my overall experience.",negative
949,"I enjoyed the beginning, but the ending was terrible and ruined the entire movie.",negative
932,"The service started well, but the experience became awful and I was not satisfied. Considering everything, this is my overall experience.",negative
63,"I did not like a few characters, but I loved the plot and thought the book was very good overall.",positive
282,"The plot is fantastic, although a few characters are weak. Overall, this is a very good book.",positive
779,"I enjoyed the beginning, but the ending was terrible and ruined the entire movie. Considering everything, this is my overall experience.",negative
1394,"The book has some strong parts and some weak parts, making it average overall.",neutral
239,"This product has some small problems, but overall it works very well and I am happy with it.",positive
224,"I found some parts confusing, but the author explained most of the story very well. Considering everything, this is my overall experience.",positive
146,"I found some parts confusing, but the author explained most of the story very well.",positive
1399,"The movie has some good scenes and some boring scenes, but overall it is average.",neutral
374,"The story is amazing and the acting is great, although a few scenes are disappointing. Overall, I enjoyed the movie. Considering everything, this is my overall experience.",positive
1229,"The story is decent, although a few characters are interesting and others are ordinary.",neutral
119,"The first half was slow, but the second half was amazing and made the movie worth watching. Considering everything, this is my overall experience.",positive
1167,"The movie is decent overall, although some scenes are good and others are not very interesting. Considering everything, this is my overall experience.",neutral
251,"The service was slow at first, but the staff were friendly and the overall experience was good. Overall, this is my opinion.",positive
1445,"The story is decent, although a few characters are interesting and others are ordinary. Considering everything, this is my overall experience.",neutral
1023,"The movie is okay and has some enjoyable scenes, but nothing was especially impressive. Overall, this is my opinion.",neutral
10,"Some characters were poorly written, but the main story was excellent and I loved the book. Considering everything, this is my overall experience.",positive
450,"The product has a few flaws, but it is useful and the overall quality is good. Overall, this is my opinion.",positive
883,"I enjoyed a few moments, but the movie is boring and I would not watch it again.",negative
709,"A few characters are interesting, but the plot is boring and the book is not enjoyable.",negative
256,"The book has a few boring chapters, but the story is interesting and I really liked it overall. Overall, this is my opinion.",positive
594,"The movie has potential, but the execution is awful and I disliked it overall.",negative
390,"Some parts of the movie were terrible, but the acting and story were excellent, so I enjoyed it. Considering everything, this is my overall experience.",positive
1088,"The book is average. Some chapters are interesting, while others are ordinary.",neutral
1201,"The movie has both good and bad parts, but overall it is average. Overall, this is my opinion.",neutral
558,"The acting is good in some scenes, but the movie is awful overall. Overall, this is my opinion.",negative
1288,"The story is decent, although a few characters are interesting and others are ordinary.",neutral
840,"The story has some good ideas, but the execution is terrible and the movie is disappointing overall.",negative
461,"The service was slow at first, but the staff were friendly and the overall experience was good. Considering everything, this is my overall experience.",positive
724,"The story is interesting at times, but the ending is bad and the overall movie is terrible. Overall, this is my opinion.",negative
1382,The quality is acceptable and the product works as expected.,neutral
145,"I loved the book because the writing is beautiful, even though some characters were not developed well.",positive
502,"A few characters are good, but the story is confusing and the book is not worth reading. Overall, this is my opinion.",negative
1099,"The movie has both good and bad parts, but overall it is average.",neutral
740,"The movie has potential, but the execution is awful and I disliked it overall. Considering everything, this is my overall experience.",negative
1385,"The plot is decent, but the movie does not stand out in any major way.",neutral
732,"The service started well, but the experience became awful and I was not satisfied.",negative
540,"I liked a few scenes, but overall the movie was bad and I would not recommend it. Overall, this is my opinion.",negative
178,"The service was slow at first, but the staff were friendly and the overall experience was good.",positive
1447,"The movie is okay and has some enjoyable scenes, but nothing was especially impressive.",neutral
698,"The service started well, but the experience became awful and I was not satisfied. Considering everything, this is my overall experience.",negative
941,"The story is interesting at times, but the ending is bad and the overall movie is terrible. Overall, this is my opinion.",negative
1050,"The book is average. Some chapters are interesting, while others are ordinary.",neutral
923,"Some parts of the book are excellent, but the overall story is boring and poorly written.",negative
899,"Some parts of the book are excellent, but the overall story is boring and poorly written. Considering everything, this is my overall experience.",negative
1493,"The service was acceptable, although it was not particularly impressive. Considering everything, this is my overall experience.",neutral
8,"The service was slow at first, but the staff were friendly and the overall experience was good.",positive
863,"The story is interesting at times, but the ending is bad and the overall movie is terrible.",negative
668,"Some parts are excellent, but the overall quality is poor and the experience is bad. Considering everything, this is my overall experience.",negative
1161,"The service was okay, with some good moments and some average moments. Overall, this is my opinion.",neutral
358,"Some characters were poorly written, but the main story was excellent and I loved the book.",positive
784,"The movie has potential, but the execution is awful and I disliked it overall. Considering everything, this is my overall experience.",negative
736,"I enjoyed the beginning, but the ending was terrible and ruined the entire movie.",negative
330,"The book has a few boring chapters, but the story is interesting and I really liked it overall. Overall, this is my opinion.",positive
1056,"The plot is decent, but the movie does not stand out in any major way. Considering everything, this is my overall experience.",neutral
1149,"The movie is fine overall, although the plot has both strengths and weaknesses. Overall, this is my opinion.",neutral
1118,"The product works as expected, but it is neither excellent nor terrible. Overall, this is my opinion.",neutral
259,"The service was slow at first, but the staff were friendly and the overall experience was good. Considering everything, this is my overall experience.",positive
1176,"The movie is decent overall, although some scenes are good and others are not very interesting.",neutral
373,"I loved the book because the writing is beautiful, even though some characters were not developed well.",positive
1104,"The book is average. Some chapters are interesting, while others are ordinary.",neutral
926,"The product has some useful features, but it is unreliable and overall bad.",negative
143,"This product has some small problems, but overall it works very well and I am happy with it. Overall, this is my opinion.",positive
526,"I enjoyed a few moments, but the movie is boring and I would not watch it again. Overall, this is my opinion.",negative
1139,"The service was acceptable, although it was not particularly impressive.",neutral
1008,"The movie is okay and has some enjoyable scenes, but nothing was especially impressive. Considering everything, this is my overall experience.",neutral
1122,"The experience was acceptable, although there were a few good and bad moments.",neutral
1424,"The movie is decent overall, although some scenes are good and others are not very interesting.",neutral
441,"The story is amazing and the acting is great, although a few scenes are disappointing. Overall, I enjoyed the movie.",positive
532,"I liked the visuals, but the movie has a weak plot and is disappointing overall. Overall, this is my opinion.",negative
1202,"The experience was normal, with both positive and negative aspects.",neutral
227,"The plot is fantastic, although a few characters are weak. Overall, this is a very good book.",positive
1037,"The movie is okay and has some enjoyable scenes, but nothing was especially impressive.",neutral
229,"I loved the book because the writing is beautiful, even though some characters were not developed well.",positive
1280,"The acting is decent, but the story is neither particularly good nor bad.",neutral
1450,"The experience was normal, with both positive and negative aspects. Overall, this is my opinion.",neutral
213,"A few jokes were bad, but the movie was entertaining and I had a great time. Overall, this is my opinion.",positive
80,"This product has some small problems, but overall it works very well and I am happy with it. Considering everything, this is my overall experience.",positive
149,"This product has some small problems, but overall it works very well and I am happy with it. Overall, this is my opinion.",positive
815,"The story is interesting at times, but the ending is bad and the overall movie is terrible.",negative
904,"The service started well, but the experience became awful and I was not satisfied. Considering everything, this is my overall experience.",negative
959,"Some parts are excellent, but the overall quality is poor and the experience is bad. Overall, this is my opinion.",negative
672,"The product looks good, but it does not work properly and I am disappointed. Considering everything, this is my overall experience.",negative
1156,"The book is average. Some chapters are interesting, while others are ordinary. Considering everything, this is my overall experience.",neutral
556,"The first half was good, but the second half was awful and ruined the experience. Considering everything, this is my overall experience.",negative
908,"The first half was good, but the second half was awful and ruined the experience.",negative
134,"I disliked a few parts of the story, but overall I liked the book very much.",positive
1109,"The book is average. Some chapters are interesting, while others are ordinary. Overall, this is my opinion.",neutral
824,"A few characters are interesting, but the plot is boring and the book is not enjoyable. Considering everything, this is my overall experience.",negative
409,"The book has a few boring chapters, but the story is interesting and I really liked it overall.",positive
369,"There are some bad scenes, but the movie is enjoyable and the ending is excellent. Considering everything, this is my overall experience.",positive
508,"Some parts are excellent, but the overall quality is poor and the experience is bad. Overall, this is my opinion.",negative
1182,"The book is average. Some chapters are interesting, while others are ordinary.",neutral
505,"The product has some useful features, but it is unreliable and overall bad.",negative
1489,"The story is decent, although a few characters are interesting and others are ordinary.",neutral
348,"The story is amazing and the acting is great, although a few scenes are disappointing. Overall, I enjoyed the movie.",positive
387,"I disliked a few parts of the story, but overall I liked the book very much. Considering everything, this is my overall experience.",positive
1,"The story is amazing and the acting is great, although a few scenes are disappointing. Overall, I enjoyed the movie.",positive
361,"This product has some small problems, but overall it works very well and I am happy with it. Considering everything, this is my overall experience.",positive
895,"The product looks good, but it does not work properly and I am disappointed. Overall, this is my opinion.",negative
829,"The service started well, but the experience became awful and I was not satisfied. Overall, this is my opinion.",negative
1416,"The experience was acceptable, although there were a few good and bad moments.",neutral
476,"I did not like a few characters, but I loved the plot and thought the book was very good overall. Considering everything, this is my overall experience.",positive
1281,"The movie was neither good nor bad; it was simply okay. Considering everything, this is my overall experience.",neutral
58,"There are some bad scenes, but the movie is enjoyable and the ending is excellent. Considering everything, this is my overall experience.",positive
638,"The product looks good, but it does not work properly and I am disappointed. Overall, this is my opinion.",negative
1331,"The service was acceptable, although it was not particularly impressive. Overall, this is my opinion.",neutral
1054,"The experience was normal, with both positive and negative aspects.",neutral
1371,"The book is average. Some chapters are interesting, while others are ordinary. Overall, this is my opinion.",neutral
173,"The movie is not perfect, but the story is great and I would recommend it.",positive
451,"A few jokes were bad, but the movie was entertaining and I had a great time. Overall, this is my opinion.",positive
126,"This product has some small problems, but overall it works very well and I am happy with it.",positive
1180,"The service was okay, with some good moments and some average moments.",neutral
531,"I enjoyed the beginning, but the ending was terrible and ruined the entire movie.",negative
858,"The product has some useful features, but it is unreliable and overall bad.",negative
714,"The service started well, but the experience became awful and I was not satisfied. Considering everything, this is my overall experience.",negative
91,"The movie has problems, but the performances are wonderful and the overall experience is positive.",positive
1451,"The movie is decent overall, although some scenes are good and others are not very interesting. Overall, this is my opinion.",neutral
182,"The plot is fantastic, although a few characters are weak. Overall, this is a very good book. Considering everything, this is my overall experience.",positive
876,"I enjoyed a few moments, but the movie is boring and I would not watch it again. Considering everything, this is my overall experience.",negative
1031,"The experience was acceptable, although there were a few good and bad moments.",neutral
787,"I enjoyed a few moments, but the movie is boring and I would not watch it again.",negative
415,"The first half was slow, but the second half was amazing and made the movie worth watching. Overall, this is my opinion.",positive
252,"A few jokes were bad, but the movie was entertaining and I had a great time. Considering everything, this is my overall experience.",positive
70,"This product has some small problems, but overall it works very well and I am happy with it. Overall, this is my opinion.",positive
804,"The product looks good, but it does not work properly and I am disappointed. Considering everything, this is my overall experience.",negative
132,"The movie has a few boring scenes, but overall I really enjoyed it and the story is excellent.",positive
301,"I disliked a few parts of the story, but overall I liked the book very much.",positive
1430,The movie was neither good nor bad; it was simply okay.,neutral
327,"The first half was slow, but the second half was amazing and made the movie worth watching. Overall, this is my opinion.",positive
1465,"The movie is decent overall, although some scenes are good and others are not very interesting. Overall, this is my opinion.",neutral
1114,"The movie was neither good nor bad; it was simply okay. Considering everything, this is my overall experience.",neutral
500,"I loved the book because the writing is beautiful, even though some characters were not developed well. Considering everything, this is my overall experience.",positive
1378,"The service was okay, with some good moments and some average moments.",neutral
833,"The story has some good ideas, but the execution is terrible and the movie is disappointing overall. Overall, this is my opinion.",negative
365,"I found some parts confusing, but the author explained most of the story very well. Overall, this is my opinion.",positive
496,"The book has a few boring chapters, but the story is interesting and I really liked it overall. Considering everything, this is my overall experience.",positive
1395,"The movie has both good and bad parts, but overall it is average. Considering everything, this is my overall experience.",neutral
339,"I loved the book because the writing is beautiful, even though some characters were not developed well. Overall, this is my opinion.",positive
422,"I found some parts confusing, but the author explained most of the story very well.",positive
165,"The book has a few boring chapters, but the story is interesting and I really liked it overall.",positive
29,"I loved the book because the writing is beautiful, even though some characters were not developed well.",positive
517,"I enjoyed the beginning, but the ending was terrible and ruined the entire movie.",negative
194,"The book has a few boring chapters, but the story is interesting and I really liked it overall.",positive
1328,"The product is decent and performs its basic functions as expected. Overall, this is my opinion.",neutral
1362,"The book is average. Some chapters are interesting, while others are ordinary. Overall, this is my opinion.",neutral
946,"I enjoyed the beginning, but the ending was terrible and ruined the entire movie.",negative
1361,"The book is okay, with some good chapters and some average chapters. Overall, this is my opinion.",neutral
170,"Some characters were poorly written, but the main story was excellent and I loved the book.",positive
168,"The plot is fantastic, although a few characters are weak. Overall, this is a very good book. Considering everything, this is my overall experience.",positive
653,"I liked the visuals, but the movie has a weak plot and is disappointing overall.",negative
174,"The product has a few flaws, but it is useful and the overall quality is good.",positive
519,"The first half was good, but the second half was awful and ruined the experience.",negative
1214,The movie was neither good nor bad; it was simply okay.,neutral
1401,The product is decent and performs its basic functions as expected.,neutral
913,"I enjoyed a few moments, but the movie is boring and I would not watch it again.",negative
492,"I loved the book because the writing is beautiful, even though some characters were not developed well. Considering everything, this is my overall experience.",positive
954,"The product has some useful features, but it is unreliable and overall bad. Considering everything, this is my overall experience.",negative
74,"The story is amazing and the acting is great, although a few scenes are disappointing. Overall, I enjoyed the movie. Overall, this is my opinion.",positive
1253,"The product is decent and performs its basic functions as expected. Overall, this is my opinion.",neutral
588,"The first half was good, but the second half was awful and ruined the experience.",negative
751,"Some parts are excellent, but the overall quality is poor and the experience is bad. Considering everything, this is my overall experience.",negative
658,"The acting is good in some scenes, but the movie is awful overall.",negative
843,"I liked the visuals, but the movie has a weak plot and is disappointing overall.",negative
235,"I found some parts confusing, but the author explained most of the story very well. Considering everything, this is my overall experience.",positive
733,"Some parts of the book are excellent, but the overall story is boring and poorly written. Overall, this is my opinion.",negative
215,"There are some bad scenes, but the movie is enjoyable and the ending is excellent. Overall, this is my opinion.",positive
163,"The book has a few boring chapters, but the story is interesting and I really liked it overall.",positive
133,"The plot is fantastic, although a few characters are weak. Overall, this is a very good book.",positive
1312,"The movie is decent overall, although some scenes are good and others are not very interesting. Overall, this is my opinion.",neutral
223,"The movie has problems, but the performances are wonderful and the overall experience is positive. Overall, this is my opinion.",positive
1228,"The movie is okay and has some enjoyable scenes, but nothing was especially impressive. Overall, this is my opinion.",neutral
935,"The acting is good in some scenes, but the movie is awful overall. Considering everything, this is my overall experience.",negative
186,"The plot is fantastic, although a few characters are weak. Overall, this is a very good book.",positive
42,"I did not like a few characters, but I loved the plot and thought the book was very good overall. Considering everything, this is my overall experience.",positive
693,"The first half was good, but the second half was awful and ruined the experience.",negative
109,"I liked most of the movie and the ending was excellent, even though some scenes were bad.",positive
39,"Some characters were poorly written, but the main story was excellent and I loved the book.",positive
569,"Some parts are excellent, but the overall quality is poor and the experience is bad.",negative
995,"I enjoyed the beginning, but the ending was terrible and ruined the entire movie. Overall, this is my opinion.",negative
1343,The movie was neither good nor bad; it was simply okay.,neutral
1442,"The movie was neither good nor bad; it was simply okay. Considering everything, this is my overall experience.",neutral
484,"I like this book so much, the author described the story very well. I like the plot, although a few characters have a bad subplot, but overall everything is good.",positive
469,"I like this book so much, the author described the story very well. I like the plot, although a few characters have a bad subplot, but overall everything is good.",positive
891,"I enjoyed the beginning, but the ending was terrible and ruined the entire movie. Overall, this is my opinion.",negative
948,"There are some good scenes, but most of the movie is boring and poorly made. Overall, this is my opinion.",negative
25,"I disliked a few parts of the story, but overall I liked the book very much. Overall, this is my opinion.",positive
1010,"The movie is decent overall, although some scenes are good and others are not very interesting.",neutral
1193,"The book is okay, with some good chapters and some average chapters.",neutral
69,"Some parts of the movie were terrible, but the acting and story were excellent, so I enjoyed it.",positive
885,"The service started well, but the experience became awful and I was not satisfied.",negative
1355,"The experience was normal, with both positive and negative aspects. Considering everything, this is my overall experience.",neutral
367,"The book has a few boring chapters, but the story is interesting and I really liked it overall. Considering everything, this is my overall experience.",positive
506,"The movie has a few funny moments, but overall it is bad and I did not enjoy it. Considering everything, this is my overall experience.",negative
851,"The acting is good in some scenes, but the movie is awful overall.",negative
1316,"The movie is okay and has some enjoyable scenes, but nothing was especially impressive. Considering everything, this is my overall experience.",neutral
384,"The plot is fantastic, although a few characters are weak. Overall, this is a very good book.",positive
735,"The movie has a few funny moments, but overall it is bad and I did not enjoy it.",negative
718,"There are some good scenes, but most of the movie is boring and poorly made.",negative
1336,"The book has some strong parts and some weak parts, making it average overall.",neutral
455,"Some characters were poorly written, but the main story was excellent and I loved the book. Considering everything, this is my overall experience.",positive
265,"I liked most of the movie and the ending was excellent, even though some scenes were bad. Considering everything, this is my overall experience.",positive
76,"The movie has a few boring scenes, but overall I really enjoyed it and the story is excellent.",positive
915,"The first half was good, but the second half was awful and ruined the experience.",negative
233,"The service was slow at first, but the staff were friendly and the overall experience was good. Considering everything, this is my overall experience.",positive
445,"The first half was slow, but the second half was amazing and made the movie worth watching.",positive
396,"This product has some small problems, but overall it works very well and I am happy with it.",positive
612,"The story is interesting at times, but the ending is bad and the overall movie is terrible.",negative
177,"The movie is not perfect, but the story is great and I would recommend it.",positive
19,"The movie is not perfect, but the story is great and I would recommend it. Overall, this is my opinion.",positive
1311,"The book is okay, with some good chapters and some average chapters.",neutral
1222,"The movie has some good scenes and some boring scenes, but overall it is average. Considering everything, this is my overall experience.",neutral
342,"The movie has problems, but the performances are wonderful and the overall experience is positive. Overall, this is my opinion.",positive
1348,"The service was acceptable, although it was not particularly impressive. Overall, this is my opinion.",neutral
880,"The first half was good, but the second half was awful and ruined the experience. Overall, this is my opinion.",negative
596,"I liked the main character, but the plot is terrible and the book is disappointing. Overall, this is my opinion.",negative
62,"The story is amazing and the acting is great, although a few scenes are disappointing. Overall, I enjoyed the movie. Overall, this is my opinion.",positive
1261,"The movie is okay and has some enjoyable scenes, but nothing was especially impressive. Considering everything, this is my overall experience.",neutral
273,"The book has a few boring chapters, but the story is interesting and I really liked it overall. Considering everything, this is my overall experience.",positive
1209,"The movie has some good scenes and some boring scenes, but overall it is average. Considering everything, this is my overall experience.",neutral
873,"The movie has potential, but the execution is awful and I disliked it overall.",negative
1121,"The book is average. Some chapters are interesting, while others are ordinary.",neutral
1407,"The experience was normal, with both positive and negative aspects.",neutral
279,"There are some bad scenes, but the movie is enjoyable and the ending is excellent.",positive
37,"The plot is fantastic, although a few characters are weak. Overall, this is a very good book. Considering everything, this is my overall experience.",positive
663,"A few characters are interesting, but the plot is boring and the book is not enjoyable. Considering everything, this is my overall experience.",negative
1352,The product is decent and performs its basic functions as expected.,neutral
1090,"The book has some strong parts and some weak parts, making it average overall. Considering everything, this is my overall experience.",neutral
978,"I enjoyed a few moments, but the movie is boring and I would not watch it again.",negative
739,"There are some good scenes, but most of the movie is boring and poorly made.",negative
192,"I like this book so much, the author described the story very well. I like the plot, although a few characters have a bad subplot, but overall everything is good.",positive
920,"The movie has potential, but the execution is awful and I disliked it overall. Considering everything, this is my overall experience.",negative
457,"Some characters were poorly written, but the main story was excellent and I loved the book. Considering everything, this is my overall experience.",positive
676,"Some parts are excellent, but the overall quality is poor and the experience is bad. Considering everything, this is my overall experience.",negative
761,"The product looks good, but it does not work properly and I am disappointed. Overall, this is my opinion.",negative
1353,"The service was acceptable, although it was not particularly impressive.",neutral
729,"I enjoyed a few moments, but the movie is boring and I would not watch it again.",negative
413,"The movie has problems, but the performances are wonderful and the overall experience is positive. Considering everything, this is my overall experience.",positive
826,"The writing is good in places, but the plot is terrible and the book is disappointing. Overall, this is my opinion.",negative
617,"The story has some good ideas, but the execution is terrible and the movie is disappointing overall. Overall, this is my opinion.",negative
115,"Some characters were poorly written, but the main story was excellent and I loved the book.",positive
418,"The plot is fantastic, although a few characters are weak. Overall, this is a very good book. Overall, this is my opinion.",positive
1429,"The movie is okay and has some enjoyable scenes, but nothing was especially impressive.",neutral
970,"I enjoyed the beginning, but the ending was terrible and ruined the entire movie.",negative
605,"The acting is good in some scenes, but the movie is awful overall. Overall, this is my opinion.",negative
1435,"The product is decent and performs its basic functions as expected. Overall, this is my opinion.",neutral
90,"The movie has problems, but the performances are wonderful and the overall experience is positive.",positive
849,"I liked the visuals, but the movie has a weak plot and is disappointing overall. Overall, this is my opinion.",negative
1146,"The product is decent and performs its basic functions as expected. Considering everything, this is my overall experience.",neutral
1434,"The story is decent, although a few characters are interesting and others are ordinary. Overall, this is my opinion.",neutral
754,"The product looks good, but it does not work properly and I am disappointed.",negative
499,"Some characters were poorly written, but the main story was excellent and I loved the book.",positive
12,"The movie has problems, but the performances are wonderful and the overall experience is positive. Overall, this is my opinion.",positive
397,"The movie has a few boring scenes, but overall I really enjoyed it and the story is excellent.",positive
285,"I found some parts confusing, but the author explained most of the story very well. Overall, this is my opinion.",positive
691,"Some parts are excellent, but the overall quality is poor and the experience is bad. Overall, this is my opinion.",negative
1231,"The book has some strong parts and some weak parts, making it average overall. Overall, this is my opinion.",neutral
1404,"The movie is fine overall, although the plot has both strengths and weaknesses. Considering everything, this is my overall experience.",neutral
690,"Some parts are excellent, but the overall quality is poor and the experience is bad. Considering everything, this is my overall experience.",negative
852,"The product looks good, but it does not work properly and I am disappointed. Considering everything, this is my overall experience.",negative
160,"I disliked a few parts of the story, but overall I liked the book very much.",positive
896,"Some parts are excellent, but the overall quality is poor and the experience is bad.",negative
1190,"The movie has both good and bad parts, but overall it is average. Considering everything, this is my overall experience.",neutral
258,"This product has some small problems, but overall it works very well and I am happy with it.",positive
336,"Some characters were poorly written, but the main story was excellent and I loved the book.",positive
1408,"The movie has some good scenes and some boring scenes, but overall it is average. Considering everything, this is my overall experience.",neutral
1040,"The book has some strong parts and some weak parts, making it average overall. Overall, this is my opinion.",neutral
516,"The movie has potential, but the execution is awful and I disliked it overall. Overall, this is my opinion.",negative
1016,"The experience was normal, with both positive and negative aspects.",neutral
769,"A few characters are interesting, but the plot is boring and the book is not enjoyable. Overall, this is my opinion.",negative
1317,"The book has some strong parts and some weak parts, making it average overall.",neutral
762,"The first half was good, but the second half was awful and ruined the experience.",negative
1103,"The story is average, with a few interesting characters and some ordinary ones. Considering everything, this is my overall experience.",neutral
522,"The service started well, but the experience became awful and I was not satisfied. Overall, this is my opinion.",negative
23,"There are some bad scenes, but the movie is enjoyable and the ending is excellent.",positive
357,"Some parts of the movie were terrible, but the acting and story were excellent, so I enjoyed it.",positive
1272,"The movie has some good scenes and some boring scenes, but overall it is average.",neutral
341,"The service was slow at first, but the staff were friendly and the overall experience was good. Overall, this is my opinion.",positive
432,"Some characters were poorly written, but the main story was excellent and I loved the book.",positive
474,"I loved the book because the writing is beautiful, even though some characters were not developed well. Overall, this is my opinion.",positive
218,"There are some bad scenes, but the movie is enjoyable and the ending is excellent.",positive
912,"I enjoyed the beginning, but the ending was terrible and ruined the entire movie. Overall, this is my opinion.",negative
1205,"The movie has some good scenes and some boring scenes, but overall it is average.",neutral
1012,"The service was acceptable, although it was not particularly impressive.",neutral
1459,"The product is decent and performs its basic functions as expected. Overall, this is my opinion.",neutral
94,"I loved the book because the writing is beautiful, even though some characters were not developed well.",positive
1009,"The story is decent, although a few characters are interesting and others are ordinary.",neutral
1071,"The story is average, with a few interesting characters and some ordinary ones. Overall, this is my opinion.",neutral
697,"The story is interesting at times, but the ending is bad and the overall movie is terrible.",negative
997,"A few characters are interesting, but the plot is boring and the book is not enjoyable. Overall, this is my opinion.",negative
154,"I disliked a few parts of the story, but overall I liked the book very much.",positive
1300,"The service was acceptable, although it was not particularly impressive.",neutral
1498,"The acting is decent, but the story is neither particularly good nor bad.",neutral
790,"The movie has potential, but the execution is awful and I disliked it overall. Overall, this is my opinion.",negative
581,"I enjoyed a few moments, but the movie is boring and I would not watch it again.",negative
704,"The first half was good, but the second half was awful and ruined the experience.",negative
1259,"The movie is okay and has some enjoyable scenes, but nothing was especially impressive. Considering everything, this is my overall experience.",neutral
488,"This product has some small problems, but overall it works very well and I am happy with it.",positive
560,"The story has some good ideas, but the execution is terrible and the movie is disappointing overall. Considering everything, this is my overall experience.",negative
802,"I enjoyed the beginning, but the ending was terrible and ruined the entire movie.",negative
513,"The service started well, but the experience became awful and I was not satisfied.",negative
634,"I liked a few scenes, but overall the movie was bad and I would not recommend it.",negative
1111,"The movie was neither good nor bad; it was simply okay. Overall, this is my opinion.",neutral
1472,"The acting is decent, but the story is neither particularly good nor bad.",neutral
791,"The movie has a few funny moments, but overall it is bad and I did not enjoy it. Considering everything, this is my overall experience.",negative
117,"I loved the book because the writing is beautiful, even though some characters were not developed well.",positive
741,"I enjoyed the beginning, but the ending was terrible and ruined the entire movie.",negative
1082,"The book has some strong parts and some weak parts, making it average overall. Considering everything, this is my overall experience.",neutral
831,"The product looks good, but it does not work properly and I am disappointed. Considering everything, this is my overall experience.",negative
120,"I liked most of the movie and the ending was excellent, even though some scenes were bad. Considering everything, this is my overall experience.",positive
657,"The service started well, but the experience became awful and I was not satisfied. Overall, this is my opinion.",negative
636,"I liked the visuals, but the movie has a weak plot and is disappointing overall. Considering everything, this is my overall experience.",negative
370,"I loved the book because the writing is beautiful, even though some characters were not developed well.",positive
269,"The movie is not perfect, but the story is great and I would recommend it. Overall, this is my opinion.",positive
656,"I enjoyed the beginning, but the ending was terrible and ruined the entire movie. Overall, this is my opinion.",negative
936,"I enjoyed the beginning, but the ending was terrible and ruined the entire movie. Overall, this is my opinion.",negative
823,"A few characters are interesting, but the plot is boring and the book is not enjoyable. Considering everything, this is my overall experience.",negative
867,"I enjoyed a few moments, but the movie is boring and I would not watch it again.",negative
47,"This product has some small problems, but overall it works very well and I am happy with it. Overall, this is my opinion.",positive
1291,"The movie has some good scenes and some boring scenes, but overall it is average. Considering everything, this is my overall experience.",neutral
992,"The service started well, but the experience became awful and I was not satisfied.",negative
877,"A few characters are good, but the story is confusing and the book is not worth reading.",negative
774,"The service started well, but the experience became awful and I was not satisfied. Considering everything, this is my overall experience.",negative
1500,"The book is average. Some chapters are interesting, while others are ordinary.",neutral
5,"The movie has problems, but the performances are wonderful and the overall experience is positive. Considering everything, this is my overall experience.",positive
1004,"The book is average. Some chapters are interesting, while others are ordinary.",neutral
1302,"The movie has both good and bad parts, but overall it is average.",neutral
264,"The product has a few flaws, but it is useful and the overall quality is good.",positive
1334,"The movie has some good scenes and some boring scenes, but overall it is average.",neutral
1443,"The movie is fine overall, although the plot has both strengths and weaknesses.",neutral
444,"The product has a few flaws, but it is useful and the overall quality is good. Considering everything, this is my overall experience.",positive
1003,The quality is acceptable and the product works as expected.,neutral
1078,"The book is okay, with some good chapters and some average chapters. Overall, this is my opinion.",neutral
838,"I liked a few scenes, but overall the movie was bad and I would not recommend it.",negative
1340,"The experience was acceptable, although there were a few good and bad moments.",neutral
305,"There are some bad scenes, but the movie is enjoyable and the ending is excellent.",positive
1175,"The movie is decent overall, although some scenes are good and others are not very interesting. Considering everything, this is my overall experience.",neutral
314,"The first half was slow, but the second half was amazing and made the movie worth watching.",positive
150,"I loved the book because the writing is beautiful, even though some characters were not developed well.",positive
575,"I liked a few scenes, but overall the movie was bad and I would not recommend it.",negative
51,"The movie has problems, but the performances are wonderful and the overall experience is positive. Considering everything, this is my overall experience.",positive
1415,"The movie is fine overall, although the plot has both strengths and weaknesses.",neutral
727,"The service started well, but the experience became awful and I was not satisfied. Considering everything, this is my overall experience.",negative
834,"The movie has potential, but the execution is awful and I disliked it overall. Considering everything, this is my overall experience.",negative
1116,"The story is average, with a few interesting characters and some ordinary ones. Overall, this is my opinion.",neutral
471,"I loved the book because the writing is beautiful, even though some characters were not developed well. Considering everything, this is my overall experience.",positive
972,"Some parts of the book are excellent, but the overall story is boring and poorly written.",negative
654,"I liked a few scenes, but overall the movie was bad and I would not recommend it.",negative
400,"I found some parts confusing, but the author explained most of the story very well. Overall, this is my opinion.",positive
512,"The movie has potential, but the execution is awful and I disliked it overall. Considering everything, this is my overall experience.",negative
321,"The movie has problems, but the performances are wonderful and the overall experience is positive. Overall, this is my opinion.",positive
20,"I disliked a few parts of the story, but overall I liked the book very much. Overall, this is my opinion.",positive
685,"The acting is good in some scenes, but the movie is awful overall.",negative
36,"Some characters were poorly written, but the main story was excellent and I loved the book.",positive
903,"The movie has a few funny moments, but overall it is bad and I did not enjoy it. Considering everything, this is my overall experience.",negative
828,"A few characters are interesting, but the plot is boring and the book is not enjoyable. Overall, this is my opinion.",negative
1345,The movie was neither good nor bad; it was simply okay.,neutral
408,"The service was slow at first, but the staff were friendly and the overall experience was good.",positive
921,"The movie has a few funny moments, but overall it is bad and I did not enjoy it.",negative
538,"The story is interesting at times, but the ending is bad and the overall movie is terrible.",negative
759,"I enjoyed a few moments, but the movie is boring and I would not watch it again.",negative
1063,"The story is decent, although a few characters are interesting and others are ordinary.",neutral
246,"A few jokes were bad, but the movie was entertaining and I had a great time. Overall, this is my opinion.",positive
1128,"The movie is okay and has some enjoyable scenes, but nothing was especially impressive.",neutral
785,"A few characters are interesting, but the plot is boring and the book is not enjoyable.",negative
490,"The movie has problems, but the performances are wonderful and the overall experience is positive.",positive
155,"Some characters were poorly written, but the main story was excellent and I loved the book. Overall, this is my opinion.",positive
962,"The product has some useful features, but it is unreliable and overall bad.",negative
854,"The writing is good in places, but the plot is terrible and the book is disappointing.",negative
626,"A few characters are good, but the story is confusing and the book is not worth reading.",negative
686,"I liked the main character, but the plot is terrible and the book is disappointing.",negative
570,"The movie has a few funny moments, but overall it is bad and I did not enjoy it. Overall, this is my opinion.",negative
1427,"The plot is decent, but the movie does not stand out in any major way. Considering everything, this is my overall experience.",neutral
18,"There are some bad scenes, but the movie is enjoyable and the ending is excellent.",positive
128,"The movie has a few boring scenes, but overall I really enjoyed it and the story is excellent.",positive
928,"I enjoyed a few moments, but the movie is boring and I would not watch it again. Considering everything, this is my overall experience.",negative
981,"There are some good scenes, but most of the movie is boring and poorly made.",negative
1470,"The movie was neither good nor bad; it was simply okay. Considering everything, this is my overall experience.",neutral
191,"The service was slow at first, but the staff were friendly and the overall experience was good.",positive
1140,The quality is acceptable and the product works as expected.,neutral
993,"Some parts are excellent, but the overall quality is poor and the experience is bad. Considering everything, this is my overall experience.",negative
1464,"The movie is decent overall, although some scenes are good and others are not very interesting.",neutral
1252,"The service was acceptable, although it was not particularly impressive.",neutral
607,"I liked the main character, but the plot is terrible and the book is disappointing. Overall, this is my opinion.",negative
181,"The service was slow at first, but the staff were friendly and the overall experience was good.",positive
302,"The plot is fantastic, although a few characters are weak. Overall, this is a very good book. Overall, this is my opinion.",positive
497,"The book has a few boring chapters, but the story is interesting and I really liked it overall.",positive
1315,"The experience was normal, with both positive and negative aspects.",neutral
1256,"The book has some strong parts and some weak parts, making it average overall.",neutral
1238,"The experience was normal, with both positive and negative aspects.",neutral
518,"The story has some good ideas, but the execution is terrible and the movie is disappointing overall. Overall, this is my opinion.",negative
1070,"The experience was acceptable, although there were a few good and bad moments.",neutral
477,"Some characters were poorly written, but the main story was excellent and I loved the book.",positive
158,"The story is amazing and the acting is great, although a few scenes are disappointing. Overall, I enjoyed the movie.",positive
1196,"The movie is okay and has some enjoyable scenes, but nothing was especially impressive.",neutral
17,"The story is amazing and the acting is great, although a few scenes are disappointing. Overall, I enjoyed the movie.",positive
1073,"The movie has some good scenes and some boring scenes, but overall it is average.",neutral
547,"The acting is good in some scenes, but the movie is awful overall.",negative
659,"The product has some useful features, but it is unreliable and overall bad. Considering everything, this is my overall experience.",negative
1227,"The product works as expected, but it is neither excellent nor terrible. Considering everything, this is my overall experience.",neutral
1020,"The service was okay, with some good moments and some average moments. Overall, this is my opinion.",neutral
1319,"The service was okay, with some good moments and some average moments. Considering everything, this is my overall experience.",neutral
960,"I enjoyed a few moments, but the movie is boring and I would not watch it again. Considering everything, this is my overall experience.",negative
1410,"The book is okay, with some good chapters and some average chapters.",neutral
284,"I did not like a few characters, but I loved the plot and thought the book was very good overall.",positive
798,"I liked a few scenes, but overall the movie was bad and I would not recommend it. Overall, this is my opinion.",negative
226,"A few jokes were bad, but the movie was entertaining and I had a great time. Considering everything, this is my overall experience.",positive
27,"I loved the book because the writing is beautiful, even though some characters were not developed well.",positive
438,"Some characters were poorly written, but the main story was excellent and I loved the book. Considering everything, this is my overall experience.",positive
1458,"The plot is decent, but the movie does not stand out in any major way.",neutral
230,"Some parts of the movie were terrible, but the acting and story were excellent, so I enjoyed it.",positive
38,"There are some bad scenes, but the movie is enjoyable and the ending is excellent. Overall, this is my opinion.",positive
750,"Some parts of the book are excellent, but the overall story is boring and poorly written. Overall, this is my opinion.",negative
1046,"The experience was acceptable, although there were a few good and bad moments.",neutral
470,"The product has a few flaws, but it is useful and the overall quality is good.",positive
1279,"The experience was acceptable, although there were a few good and bad moments.",neutral
1473,"The experience was acceptable, although there were a few good and bad moments.",neutral
688,"A few characters are interesting, but the plot is boring and the book is not enjoyable.",negative
1379,"The movie is fine overall, although the plot has both strengths and weaknesses.",neutral
640,"Some parts are excellent, but the overall quality is poor and the experience is bad.",negative
1417,"The acting is decent, but the story is neither particularly good nor bad.",neutral
1219,"The service was acceptable, although it was not particularly impressive.",neutral
1159,"The acting is decent, but the story is neither particularly good nor bad. Considering everything, this is my overall experience.",neutral
1251,"The movie was neither good nor bad; it was simply okay. Overall, this is my opinion.",neutral
1440,"The book has some strong parts and some weak parts, making it average overall. Overall, this is my opinion.",neutral
801,"Some parts are excellent, but the overall quality is poor and the experience is bad. Overall, this is my opinion.",negative
161,"I did not like a few characters, but I loved the plot and thought the book was very good overall.",positive
957,"The product looks good, but it does not work properly and I am disappointed. Considering everything, this is my overall experience.",negative
1187,"The book has some strong parts and some weak parts, making it average overall.",neutral
822,"The story is interesting at times, but the ending is bad and the overall movie is terrible. Overall, this is my opinion.",negative
1271,The product is decent and performs its basic functions as expected.,neutral
878,"I enjoyed the beginning, but the ending was terrible and ruined the entire movie. Overall, this is my opinion.",negative
914,"There are some good scenes, but most of the movie is boring and poorly made.",negative
153,"Some characters were poorly written, but the main story was excellent and I loved the book. Overall, this is my opinion.",positive
1374,"The movie has both good and bad parts, but overall it is average. Considering everything, this is my overall experience.",neutral
510,"I liked the visuals, but the movie has a weak plot and is disappointing overall. Overall, this is my opinion.",negative
1136,"The movie is okay and has some enjoyable scenes, but nothing was especially impressive. Overall, this is my opinion.",neutral
1322,"The book has some strong parts and some weak parts, making it average overall. Considering everything, this is my overall experience.",neutral
104,"The product has a few flaws, but it is useful and the overall quality is good. Considering everything, this is my overall experience.",positive
587,"I enjoyed a few moments, but the movie is boring and I would not watch it again. Overall, this is my opinion.",negative
1329,"The movie is fine overall, although the plot has both strengths and weaknesses. Considering everything, this is my overall experience.",neutral
1144,"The book has some strong parts and some weak parts, making it average overall. Overall, this is my opinion.",neutral
54,"I loved the book because the writing is beautiful, even though some characters were not developed well.",positive
152,"The plot is fantastic, although a few characters are weak. Overall, this is a very good book. Considering everything, this is my overall experience.",positive
404,"I disliked a few parts of the story, but overall I liked the book very much.",positive
1455,"The service was acceptable, although it was not particularly impressive. Considering everything, this is my overall experience.",neutral
208,"A few jokes were bad, but the movie was entertaining and I had a great time.",positive
1418,"The product is decent and performs its basic functions as expected. Overall, this is my opinion.",neutral
1123,"The book has some strong parts and some weak parts, making it average overall.",neutral
9,"Some characters were poorly written, but the main story was excellent and I loved the book.",positive
1015,"The movie has both good and bad parts, but overall it is average.",neutral
1344,"The movie has some good scenes and some boring scenes, but overall it is average. Considering everything, this is my overall experience.",neutral
1061,"The service was okay, with some good moments and some average moments. Overall, this is my opinion.",neutral
453,"Some parts of the movie were terrible, but the acting and story were excellent, so I enjoyed it. Considering everything, this is my overall experience.",positive
254,"I found some parts confusing, but the author explained most of the story very well.",positive
897,"I liked a few scenes, but overall the movie was bad and I would not recommend it.",negative
1309,"The book has some strong parts and some weak parts, making it average overall. Overall, this is my opinion.",neutral
881,"I enjoyed the beginning, but the ending was terrible and ruined the entire movie.",negative
1428,"The movie is decent overall, although some scenes are good and others are not very interesting.",neutral
624,"The acting is good in some scenes, but the movie is awful overall. Overall, this is my opinion.",negative
346,"The book has a few boring chapters, but the story is interesting and I really liked it overall. Overall, this is my opinion.",positive
1287,The product is decent and performs its basic functions as expected.,neutral
263,"Some characters were poorly written, but the main story was excellent and I loved the book. Considering everything, this is my overall experience.",positive
151,"The movie is not perfect, but the story is great and I would recommend it. Overall, this is my opinion.",positive
473,"I disliked a few parts of the story, but overall I liked the book very much. Considering everything, this is my overall experience.",positive
641,"The story has some good ideas, but the execution is terrible and the movie is disappointing overall.",negative
1485,"The service was okay, with some good moments and some average moments. Considering everything, this is my overall experience.",neutral
1411,"The book has some strong parts and some weak parts, making it average overall.",neutral
551,"Some parts are excellent, but the overall quality is poor and the experience is bad.",negative
929,"The movie has a few funny moments, but overall it is bad and I did not enjoy it.",negative
489,"A few jokes were bad, but the movie was entertaining and I had a great time. Considering everything, this is my overall experience.",positive
1357,"The movie was neither good nor bad; it was simply okay. Considering everything, this is my overall experience.",neutral
1172,The product is decent and performs its basic functions as expected.,neutral
147,"I loved the book because the writing is beautiful, even though some characters were not developed well.",positive
403,"I found some parts confusing, but the author explained most of the story very well.",positive
955,"I enjoyed the beginning, but the ending was terrible and ruined the entire movie.",negative
1406,"The experience was acceptable, although there were a few good and bad moments. Overall, this is my opinion.",neutral
660,"The product looks good, but it does not work properly and I am disappointed.",negative
464,"There are some bad scenes, but the movie is enjoyable and the ending is excellent.",positive
187,"There are some bad scenes, but the movie is enjoyable and the ending is excellent.",positive
1148,"The service was acceptable, although it was not particularly impressive. Overall, this is my opinion.",neutral
1225,"The movie has both good and bad parts, but overall it is average. Overall, this is my opinion.",neutral
609,"A few characters are interesting, but the plot is boring and the book is not enjoyable.",negative
144,"I found some parts confusing, but the author explained most of the story very well. Overall, this is my opinion.",positive
752,"The first half was good, but the second half was awful and ruined the experience. Overall, this is my opinion.",negative
982,"The first half was good, but the second half was awful and ruined the experience. Overall, this is my opinion.",negative
198,"I like this book so much, the author described the story very well. I like the plot, although a few characters have a bad subplot, but overall everything is good.",positive
884,"The acting is good in some scenes, but the movie is awful overall.",negative
280,"I loved the book because the writing is beautiful, even though some characters were not developed well. Considering everything, this is my overall experience.",positive
294,"I liked most of the movie and the ending was excellent, even though some scenes were bad.",positive
1365,"The experience was normal, with both positive and negative aspects.",neutral
401,"There are some bad scenes, but the movie is enjoyable and the ending is excellent. Overall, this is my opinion.",positive
123,"There are some bad scenes, but the movie is enjoyable and the ending is excellent. Overall, this is my opinion.",positive
1208,"The movie has some good scenes and some boring scenes, but overall it is average.",neutral
203,"The movie is not perfect, but the story is great and I would recommend it. Overall, this is my opinion.",positive
836,"A few characters are interesting, but the plot is boring and the book is not enjoyable. Considering everything, this is my overall experience.",negative
247,"I found some parts confusing, but the author explained most of the story very well. Considering everything, this is my overall experience.",positive
1423,"The movie has both good and bad parts, but overall it is average.",neutral
1409,"The movie is okay and has some enjoyable scenes, but nothing was especially impressive.",neutral
1154,"The experience was acceptable, although there were a few good and bad moments.",neutral
385,"The plot is fantastic, although a few characters are weak. Overall, this is a very good book.",positive
1323,"The story is average, with a few interesting characters and some ordinary ones.",neutral
855,"I liked the main character, but the plot is terrible and the book is disappointing. Overall, this is my opinion.",negative
220,"There are some bad scenes, but the movie is enjoyable and the ending is excellent.",positive
642,"The product looks good, but it does not work properly and I am disappointed.",negative
2,"The book has a few boring chapters, but the story is interesting and I really liked it overall.",positive
113,"I found some parts confusing, but the author explained most of the story very well.",positive
699,"The first half was good, but the second half was awful and ruined the experience.",negative
1432,"The book is average. Some chapters are interesting, while others are ordinary. Considering everything, this is my overall experience.",neutral
952,"The story has some good ideas, but the execution is terrible and the movie is disappointing overall.",negative
1318,"The story is average, with a few interesting characters and some ordinary ones.",neutral
1292,"The movie is okay and has some enjoyable scenes, but nothing was especially impressive. Considering everything, this is my overall experience.",neutral
1354,"The movie is fine overall, although the plot has both strengths and weaknesses. Considering everything, this is my overall experience.",neutral
442,"The first half was slow, but the second half was amazing and made the movie worth watching. Overall, this is my opinion.",positive
1137,"The movie is decent overall, although some scenes are good and others are not very interesting.",neutral
1257,"The product works as expected, but it is neither excellent nor terrible. Overall, this is my opinion.",neutral
664,"The story has some good ideas, but the execution is terrible and the movie is disappointing overall. Considering everything, this is my overall experience.",negative
1373,"The acting is decent, but the story is neither particularly good nor bad. Overall, this is my opinion.",neutral
1258,"The movie is decent overall, although some scenes are good and others are not very interesting. Considering everything, this is my overall experience.",neutral
1332,"The quality is acceptable and the product works as expected. Considering everything, this is my overall experience.",neutral
318,"A few jokes were bad, but the movie was entertaining and I had a great time. Overall, this is my opinion.",positive
649,"The acting is good in some scenes, but the movie is awful overall. Overall, this is my opinion.",negative
710,"The story has some good ideas, but the execution is terrible and the movie is disappointing overall.",negative
1283,"The quality is acceptable and the product works as expected. Considering everything, this is my overall experience.",neutral
973,"The first half was good, but the second half was awful and ruined the experience. Overall, this is my opinion.",negative
628,"I liked a few scenes, but overall the movie was bad and I would not recommend it.",negative
633,"A few characters are interesting, but the plot is boring and the book is not enjoyable.",negative
1307,"The product is decent and performs its basic functions as expected. Considering everything, this is my overall experience.",neutral
1249,"The movie has both good and bad parts, but overall it is average.",neutral
1462,The product is decent and performs its basic functions as expected.,neutral
1255,The quality is acceptable and the product works as expected.,neutral
1384,"The experience was acceptable, although there were a few good and bad moments. Overall, this is my opinion.",neutral
796,"The story has some good ideas, but the execution is terrible and the movie is disappointing overall. Considering everything, this is my overall experience.",negative
646,"A few characters are good, but the story is confusing and the book is not worth reading. Overall, this is my opinion.",negative
1013,"The experience was acceptable, although there were a few good and bad moments. Overall, this is my opinion.",neutral
557,"The movie has a few funny moments, but overall it is bad and I did not enjoy it. Overall, this is my opinion.",negative
682,"I enjoyed a few moments, but the movie is boring and I would not watch it again.",negative
578,"I liked a few scenes, but overall the movie was bad and I would not recommend it.",negative
1110,"The product works as expected, but it is neither excellent nor terrible.",neutral
1267,"The movie is okay and has some enjoyable scenes, but nothing was especially impressive. Overall, this is my opinion.",neutral
1184,"The product is decent and performs its basic functions as expected. Overall, this is my opinion.",neutral
525,"The writing is good in places, but the plot is terrible and the book is disappointing. Overall, this is my opinion.",negative
1060,"The movie has some good scenes and some boring scenes, but overall it is average.",neutral
541,"The movie has potential, but the execution is awful and I disliked it overall.",negative
1195,"The service was acceptable, although it was not particularly impressive. Considering everything, this is my overall experience.",neutral
749,"The service started well, but the experience became awful and I was not satisfied. Considering everything, this is my overall experience.",negative
1387,"The book is okay, with some good chapters and some average chapters. Overall, this is my opinion.",neutral
485,"I did not like a few characters, but I loved the plot and thought the book was very good overall.",positive
96,"A few jokes were bad, but the movie was entertaining and I had a great time.",positive
1021,"The book is okay, with some good chapters and some average chapters.",neutral
564,"The movie has potential, but the execution is awful and I disliked it overall.",negative
1265,"The service was acceptable, although it was not particularly impressive. Overall, this is my opinion.",neutral
743,"The first half was good, but the second half was awful and ruined the experience.",negative
864,"The writing is good in places, but the plot is terrible and the book is disappointing. Overall, this is my opinion.",negative
892,"The movie has potential, but the execution is awful and I disliked it overall.",negative
1039,"The story is average, with a few interesting characters and some ordinary ones.",neutral
207,"The product has a few flaws, but it is useful and the overall quality is good.",positive
393,"The product has a few flaws, but it is useful and the overall quality is good.",positive
795,"I liked the visuals, but the movie has a weak plot and is disappointing overall. Considering everything, this is my overall experience.",negative
871,"The story is interesting at times, but the ending is bad and the overall movie is terrible. Overall, this is my opinion.",negative
398,"Some parts of the movie were terrible, but the acting and story were excellent, so I enjoyed it. Overall, this is my opinion.",positive
767,"I liked the visuals, but the movie has a weak plot and is disappointing overall. Overall, this is my opinion.",negative
1377,"The quality is acceptable and the product works as expected. Considering everything, this is my overall experience.",neutral
1242,"The story is average, with a few interesting characters and some ordinary ones.",neutral
1029,"The acting is decent, but the story is neither particularly good nor bad.",neutral
643,"A few characters are interesting, but the plot is boring and the book is not enjoyable. Overall, this is my opinion.",negative
613,"The writing is good in places, but the plot is terrible and the book is disappointing.",negative
961,"Some parts are excellent, but the overall quality is poor and the experience is bad. Overall, this is my opinion.",negative
726,"The movie has potential, but the execution is awful and I disliked it overall.",negative
684,"I enjoyed the beginning, but the ending was terrible and ruined the entire movie.",negative
99,"The movie has problems, but the performances are wonderful and the overall experience is positive. Considering everything, this is my overall experience.",positive
805,"The product has some useful features, but it is unreliable and overall bad.",negative
407,"I like this book so much, the author described the story very well. I like the plot, although a few characters have a bad subplot, but overall everything is good.",positive
503,"The first half was good, but the second half was awful and ruined the experience. Overall, this is my opinion.",negative
1072,"The movie is decent overall, although some scenes are good and others are not very interesting.",neutral
1057,"The plot is decent, but the movie does not stand out in any major way. Overall, this is my opinion.",neutral
930,"Some parts are excellent, but the overall quality is poor and the experience is bad. Overall, this is my opinion.",negative
780,"The acting is good in some scenes, but the movie is awful overall. Overall, this is my opinion.",negative
201,"The movie has a few boring scenes, but overall I really enjoyed it and the story is excellent.",positive
135,"The service was slow at first, but the staff were friendly and the overall experience was good. Considering everything, this is my overall experience.",positive
1052,"The book has some strong parts and some weak parts, making it average overall. Overall, this is my opinion.",neutral
41,"The service was slow at first, but the staff were friendly and the overall experience was good.",positive
1018,"The service was okay, with some good moments and some average moments.",neutral
231,"I liked most of the movie and the ending was excellent, even though some scenes were bad.",positive
379,"Some parts of the movie were terrible, but the acting and story were excellent, so I enjoyed it.",positive
289,"The first half was slow, but the second half was amazing and made the movie worth watching.",positive
419,"The product has a few flaws, but it is useful and the overall quality is good. Considering everything, this is my overall experience.",positive
392,"The book has a few boring chapters, but the story is interesting and I really liked it overall.",positive
593,"A few characters are interesting, but the plot is boring and the book is not enjoyable. Overall, this is my opinion.",negative
1163,"The experience was normal, with both positive and negative aspects. Considering everything, this is my overall experience.",neutral
1087,"The plot is decent, but the movie does not stand out in any major way.",neutral
648,"The story is interesting at times, but the ending is bad and the overall movie is terrible. Considering everything, this is my overall experience.",negative
1153,"The acting is decent, but the story is neither particularly good nor bad. Considering everything, this is my overall experience.",neutral
1368,"The experience was normal, with both positive and negative aspects.",neutral
521,"I enjoyed the beginning, but the ending was terrible and ruined the entire movie.",negative
65,"The plot is fantastic, although a few characters are weak. Overall, this is a very good book. Considering everything, this is my overall experience.",positive
15,"The book has a few boring chapters, but the story is interesting and I really liked it overall.",positive
1181,"The story is decent, although a few characters are interesting and others are ordinary.",neutral
1065,"The movie has both good and bad parts, but overall it is average. Considering everything, this is my overall experience.",neutral
493,"I disliked a few parts of the story, but overall I liked the book very much.",positive
380,"I disliked a few parts of the story, but overall I liked the book very much.",positive
188,"The first half was slow, but the second half was amazing and made the movie worth watching.",positive
764,"The movie has a few funny moments, but overall it is bad and I did not enjoy it. Considering everything, this is my overall experience.",negative
217,"I liked most of the movie and the ending was excellent, even though some scenes were bad. Considering everything, this is my overall experience.",positive
792,"The product looks good, but it does not work properly and I am disappointed.",negative
1077,"The movie has both good and bad parts, but overall it is average. Considering everything, this is my overall experience.",neutral
879,"A few characters are interesting, but the plot is boring and the book is not enjoyable. Considering everything, this is my overall experience.",negative
338,"I found some parts confusing, but the author explained most of the story very well.",positive
720,"The service started well, but the experience became awful and I was not satisfied. Overall, this is my opinion.",negative
296,"The service was slow at first, but the staff were friendly and the overall experience was good.",positive
1017,"The service was okay, with some good moments and some average moments. Considering everything, this is my overall experience.",neutral
1276,"The book has some strong parts and some weak parts, making it average overall. Overall, this is my opinion.",neutral
456,"The movie is not perfect, but the story is great and I would recommend it. Overall, this is my opinion.",positive
1497,The product is decent and performs its basic functions as expected.,neutral
816,"There are some good scenes, but most of the movie is boring and poorly made. Overall, this is my opinion.",negative
270,"There are some bad scenes, but the movie is enjoyable and the ending is excellent. Considering everything, this is my overall experience.",positive
996,"The story has some good ideas, but the execution is terrible and the movie is disappointing overall. Overall, this is my opinion.",negative
202,"I disliked a few parts of the story, but overall I liked the book very much. Considering everything, this is my overall experience.",positive
162,"The book has a few boring chapters, but the story is interesting and I really liked it overall. Considering everything, this is my overall experience.",positive
730,"A few characters are good, but the story is confusing and the book is not worth reading. Overall, this is my opinion.",negative
402,"A few jokes were bad, but the movie was entertaining and I had a great time. Considering everything, this is my overall experience.",positive
703,"The first half was good, but the second half was awful and ruined the experience.",negative
1130,"The movie has both good and bad parts, but overall it is average.",neutral
566,"The movie has a few funny moments, but overall it is bad and I did not enjoy it.",negative
1414,"The movie is decent overall, although some scenes are good and others are not very interesting. Considering everything, this is my overall experience.",neutral
1022,"The experience was acceptable, although there were a few good and bad moments.",neutral
1026,"The acting is decent, but the story is neither particularly good nor bad.",neutral
1412,"The story is decent, although a few characters are interesting and others are ordinary.",neutral
1105,"The book is okay, with some good chapters and some average chapters.",neutral
206,"The book has a few boring chapters, but the story is interesting and I really liked it overall.",positive
35,"I loved the book because the writing is beautiful, even though some characters were not developed well.",positive
776,"The first half was good, but the second half was awful and ruined the experience.",negative
509,"The service started well, but the experience became awful and I was not satisfied.",negative
1476,"The story is average, with a few interesting characters and some ordinary ones.",neutral
1391,"The story is average, with a few interesting characters and some ordinary ones. Considering everything, this is my overall experience.",neutral
92,"I like this book so much, the author described the story very well. I like the plot, although a few characters have a bad subplot, but overall everything is good.",positive
1364,"The movie has some good scenes and some boring scenes, but overall it is average. Considering everything, this is my overall experience.",neutral
898,"The story has some good ideas, but the execution is terrible and the movie is disappointing overall. Overall, this is my opinion.",negative
565,"The story has some good ideas, but the execution is terrible and the movie is disappointing overall. Overall, this is my opinion.",negative
1370,The movie was neither good nor bad; it was simply okay.,neutral
777,"A few characters are interesting, but the plot is boring and the book is not enjoyable.",negative
242,"A few jokes were bad, but the movie was entertaining and I had a great time. Considering everything, this is my overall experience.",positive
14,"The product has a few flaws, but it is useful and the overall quality is good. Overall, this is my opinion.",positive
316,"I found some parts confusing, but the author explained most of the story very well.",positive
601,"A few characters are good, but the story is confusing and the book is not worth reading. Considering everything, this is my overall experience.",negative
388,"Some parts of the movie were terrible, but the acting and story were excellent, so I enjoyed it.",positive
1298,"The movie has some good scenes and some boring scenes, but overall it is average.",neutral
167,"This product has some small problems, but overall it works very well and I am happy with it. Overall, this is my opinion.",positive
841,"A few characters are interesting, but the plot is boring and the book is not enjoyable.",negative
21,"The movie has a few boring scenes, but overall I really enjoyed it and the story is excellent. Considering everything, this is my overall experience.",positive
647,"Some parts of the book are excellent, but the overall story is boring and poorly written.",negative
1155,"The movie is fine overall, although the plot has both strengths and weaknesses. Overall, this is my opinion.",neutral
832,"The story is interesting at times, but the ending is bad and the overall movie is terrible. Considering everything, this is my overall experience.",negative
1268,"The service was acceptable, although it was not particularly impressive.",neutral
563,"A few characters are interesting, but the plot is boring and the book is not enjoyable.",negative
1461,"The movie has some good scenes and some boring scenes, but overall it is average. Considering everything, this is my overall experience.",neutral
687,"The product looks good, but it does not work properly and I am disappointed.",negative
958,"The movie has potential, but the execution is awful and I disliked it overall. Overall, this is my opinion.",negative
190,"The movie is not perfect, but the story is great and I would recommend it. Overall, this is my opinion.",positive
976,"A few characters are good, but the story is confusing and the book is not worth reading. Considering everything, this is my overall experience.",negative
700,"The story has some good ideas, but the execution is terrible and the movie is disappointing overall. Overall, this is my opinion.",negative
511,"I liked a few scenes, but overall the movie was bad and I would not recommend it.",negative
1083,"The story is average, with a few interesting characters and some ordinary ones.",neutral
475,"Some characters were poorly written, but the main story was excellent and I loved the book. Considering everything, this is my overall experience.",positive
857,"The movie has potential, but the execution is awful and I disliked it overall. Overall, this is my opinion.",negative
748,"The writing is good in places, but the plot is terrible and the book is disappointing.",negative
253,"The service was slow at first, but the staff were friendly and the overall experience was good. Overall, this is my opinion.",positive
22,"Some characters were poorly written, but the main story was excellent and I loved the book.",positive
1338,"The product works as expected, but it is neither excellent nor terrible. Overall, this is my opinion.",neutral
460,"The movie has problems, but the performances are wonderful and the overall experience is positive. Considering everything, this is my overall experience.",positive
1185,"The story is average, with a few interesting characters and some ordinary ones.",neutral
277,"I found some parts confusing, but the author explained most of the story very well.",positive
956,"There are some good scenes, but most of the movie is boring and poorly made. Overall, this is my opinion.",negative
1216,"The quality is acceptable and the product works as expected. Considering everything, this is my overall experience.",neutral
386,"The product has a few flaws, but it is useful and the overall quality is good. Considering everything, this is my overall experience.",positive
806,"I enjoyed the beginning, but the ending was terrible and ruined the entire movie.",negative
1438,"The movie has both good and bad parts, but overall it is average.",neutral
344,"The product has a few flaws, but it is useful and the overall quality is good. Overall, this is my opinion.",positive
770,"The movie has a few funny moments, but overall it is bad and I did not enjoy it.",negative
1333,"The quality is acceptable and the product works as expected. Considering everything, this is my overall experience.",neutral
131,"A few jokes were bad, but the movie was entertaining and I had a great time.",positive
872,"The first half was good, but the second half was awful and ruined the experience.",negative
1124,"The experience was normal, with both positive and negative aspects. Considering everything, this is my overall experience.",neutral
1397,"The product is decent and performs its basic functions as expected. Considering everything, this is my overall experience.",neutral
88,"The service was slow at first, but the staff were friendly and the overall experience was good.",positive
1483,"The story is decent, although a few characters are interesting and others are ordinary.",neutral
331,"The book has a few boring chapters, but the story is interesting and I really liked it overall. Overall, this is my opinion.",positive
1239,"The quality is acceptable and the product works as expected. Overall, this is my opinion.",neutral
467,"The story is amazing and the acting is great, although a few scenes are disappointing. Overall, I enjoyed the movie. Considering everything, this is my overall experience.",positive
122,"There are some bad scenes, but the movie is enjoyable and the ending is excellent.",positive
1045,"The story is decent, although a few characters are interesting and others are ordinary. Considering everything, this is my overall experience.",neutral
1096,"The book is okay, with some good chapters and some average chapters. Considering everything, this is my overall experience.",neutral
1131,"The book is okay, with some good chapters and some average chapters. Overall, this is my opinion.",neutral
1295,"The book is average. Some chapters are interesting, while others are ordinary.",neutral
861,"The product looks good, but it does not work properly and I am disappointed. Considering everything, this is my overall experience.",negative
1460,"The product works as expected, but it is neither excellent nor terrible. Considering everything, this is my overall experience.",neutral
1127,"The acting is decent, but the story is neither particularly good nor bad.",neutral
