tweet,sentiment
"After trying it, What a horrible experience today .",negative
"For me, The flight is scheduled for Monday .",neutral
"Personally, Everything worked perfectly .",positive
"In my opinion, The product is available in three colors",neutral
"In my opinion, What a horrible experience today .",negative
"Personally, The application has been updated right now.",neutral
"For me, The report was published today honestly.",neutral
"Right now, The temperature is around 25 degrees honestly.",neutral
"Just saying, Absolutely awful experience .",negative
"Honestly, This update is awesome .",positive
"Right now, I absolutely hate this product #twitter",negative
The product is available in three colors after trying it.,neutral
"Overall, This movie was fantastic .",positive
I absolutely love this product honestly.,positive
"Overall, I am very disappointed with the results .",negative
"After trying it, The team did a terrible job #twitter",negative
"For me, I am impressed with the quality #twitter",positive
"Just saying, This is terrible and does not work .",negative
"Right now, The new features are useless",negative
"After trying it, The team did an amazing job .",positive
"Personally, The product is available in three colors in my opinion.",neutral
I absolutely love this product .,positive
I highly recommend this .,positive
"Honestly, What a wonderful experience today after trying it.",positive
"Personally, The team will meet next week",neutral
"Personally, The team did an amazing job .",positive
"After trying it, This movie was extremely boring .",negative
"Personally, The event starts at 6 PM .",neutral
"Overall, The report was published today today.",neutral
"Personally, I highly recommend this #twitter",positive
I am impressed with the quality .,positive
"Just saying, The flight is scheduled for Monday #twitter",neutral
"Honestly, The service was awful .",negative
"Just saying, The class begins at 10 AM .",neutral
This is amazing and works perfectly .,positive
The store opens at 9 AM .,neutral
"Overall, The package contains two items .",neutral
"In my opinion, The report was published today #review",neutral
"Personally, The team did a terrible job .",negative
"Personally, The class begins at 10 AM today.",neutral
"Honestly, I highly recommend this",positive
This made my day much worse .,negative
"After trying it, This is amazing and works perfectly .",positive
What a wonderful experience today honestly.,positive
"After trying it, The temperature is around 25 degrees .",neutral
"Overall, Everything went completely wrong .",negative
"Honestly, I am impressed with the quality right now.",positive
"Overall, I am very disappointed with the results .",negative
"For me, I really disliked this experience .",negative
"Today, I am satisfied with the results #twitter",positive
"Overall, I am satisfied with the results honestly.",positive
"For me, I absolutely hate this product #review",negative
"In my opinion, The new features are useless .",negative
"After trying it, Such a horrible day .",negative
"After trying it, The product is available in three colors .",neutral
"Personally, This is amazing and works perfectly after trying it.",positive
"For me, The service was excellent today.",positive
"Just saying, This is amazing and works perfectly in my opinion.",positive
"Today, The team did a terrible job .",negative
"After trying it, I am unhappy with the results after trying it.",negative
"In my opinion, This made my day so much better #twitter",positive
"Today, The service was excellent .",positive
"Personally, I received the package this morning .",neutral
This is amazing and works perfectly right now.,positive
"Overall, This is not what I wanted .",negative
"In my opinion, The team will meet next week #review",neutral
"Personally, The team will meet next week .",neutral
"Today, The product is available in three colors #twitter",neutral
"In my opinion, The service was excellent in my opinion.",positive
"Overall, The application has been updated honestly.",neutral
"Right now, I absolutely love this product .",positive
"Today, The team did a terrible job after trying it.",negative
"After trying it, What a horrible experience today .",negative
"Personally, I am checking the latest information .",neutral
"Today, Worst purchase I have made #twitter",negative
"Today, This is amazing and works perfectly today.",positive
"Personally, What a wonderful experience today in my opinion.",positive
"For me, The flight is scheduled for Monday",neutral
"After trying it, I absolutely hate this product .",negative
"Today, I am satisfied with the results",positive
"Overall, I am very disappointed with the results .",negative
"Overall, The product is available in three colors .",neutral
"For me, Absolutely awful experience #twitter",negative
The website is currently available in my opinion.,neutral
"Just saying, I am very happy with the results honestly.",positive
"Today, I am unhappy with the results after trying it.",negative
"Just saying, I am impressed with the quality #review",positive
"After trying it, The website is currently available .",neutral
"Personally, I am very happy with the results #twitter",positive
"Honestly, What a wonderful experience today in my opinion.",positive
"In my opinion, This is not what I wanted .",negative
"In my opinion, This movie was extremely boring .",negative
"In my opinion, This is terrible and does not work honestly.",negative
Such a beautiful day honestly.,positive
"Overall, The new features are brilliant .",positive
"Honestly, The application has been updated .",neutral
"Personally, Feeling great and positive today .",positive
"Personally, Such a beautiful day .",positive
"In my opinion, This made my day much worse #twitter",negative
What a wonderful experience today .,positive
"Just saying, The report was published today .",neutral
"Today, Everything went completely wrong .",negative
"In my opinion, This made my day so much better .",positive
"After trying it, This is terrible and does not work today.",negative
"After trying it, I absolutely love this product honestly.",positive
"Personally, I highly recommend this in my opinion.",positive
"After trying it, What a horrible experience today after trying it.",negative
"Honestly, This is exactly what I wanted .",positive
"Personally, What a wonderful experience today .",positive
"Today, Such a beautiful day .",positive
"After trying it, The package contains two items .",neutral
"Honestly, The temperature is around 25 degrees",neutral
"Today, I am very happy with the results after trying it.",positive
"Right now, I highly recommend this in my opinion.",positive
"For me, The temperature is around 25 degrees .",neutral
I am unhappy with the results .,negative
"Just saying, The weather is cloudy today honestly.",neutral
"Overall, I really enjoyed this experience .",positive
"Honestly, The flight is scheduled for Monday .",neutral
"Honestly, Worst purchase I have made #review",negative
The team did a terrible job .,negative
"Personally, The service was awful after trying it.",negative
"In my opinion, The new features are useless #twitter",negative
The application has been updated .,neutral
"Today, The report was published today #review",neutral
"Honestly, I really enjoyed this experience .",positive
"For me, This update is awesome .",positive
"Honestly, The application has been updated .",neutral
"In my opinion, Everything worked perfectly .",positive
"For me, This update is terrible .",negative
"After trying it, Such a horrible day after trying it.",negative
"In my opinion, I would not recommend this .",negative
"Personally, I watched the latest episode .",neutral
"Honestly, The train arrived at the station in my opinion.",neutral
"For me, I received the package this morning honestly.",neutral
"Just saying, The report was published today today.",neutral
"Overall, The temperature is around 25 degrees .",neutral
"Personally, This movie was extremely boring .",negative
"After trying it, The team did an amazing job honestly.",positive
"Personally, I really disliked this experience .",negative
"After trying it, I received the package this morning .",neutral
Feeling frustrated and disappointed today .,negative
"Right now, The flight is scheduled for Monday .",neutral
"For me, Such a horrible day #twitter",negative
"Overall, I am unhappy with the results .",negative
"Right now, I really enjoyed this experience .",positive
Such a beautiful day .,positive
"Right now, The new features are useless honestly.",negative
"Honestly, Absolutely awful experience in my opinion.",negative
"Right now, I am satisfied with the results after trying it.",positive
"For me, The flight is scheduled for Monday honestly.",neutral
"After trying it, The team did an amazing job .",positive
"After trying it, The team did a terrible job honestly.",negative
"Just saying, I watched the latest episode .",neutral
"Overall, This made my day much worse today.",negative
"Personally, I absolutely hate this product .",negative
"Today, The service was awful .",negative
"Just saying, Everything worked perfectly .",positive
"Just saying, The application has been updated after trying it.",neutral
"Right now, This is terrible and does not work .",negative
"Just saying, The service was excellent #review",positive
I am reading the news right now .,neutral
"Today, I am impressed with the quality #twitter",positive
"Overall, The team did an amazing job right now.",positive
"Today, The temperature is around 25 degrees .",neutral
"Honestly, What a horrible experience today",negative
"Honestly, I am satisfied with the results honestly.",positive
"Right now, I am checking the latest information .",neutral
"For me, I am very happy with the results #review",positive
"Overall, I am reading the news right now honestly.",neutral
"After trying it, The event starts at 6 PM right now.",neutral
"Today, The website is currently available in my opinion.",neutral
"For me, Such a horrible day .",negative
"Today, I received the package this morning",neutral
"For me, Such a beautiful day .",positive
"For me, This is not what I wanted .",negative
The service was awful .,negative
"For me, The service was awful honestly.",negative
"After trying it, The company released a new announcement in my opinion.",neutral
"Just saying, This update is terrible .",negative
"Right now, I absolutely love this product .",positive
"After trying it, I am checking the latest information today.",neutral
"Honestly, Everything went completely wrong .",negative
"Just saying, This is terrible and does not work .",negative
"Personally, The product is available in three colors in my opinion.",neutral
"Personally, Feeling frustrated and disappointed today .",negative
"For me, I would not recommend this .",negative
"After trying it, I received the package this morning right now.",neutral
"Today, Absolutely awful experience .",negative
"Personally, Everything went completely wrong #twitter",negative
"For me, The company released a new announcement #review",neutral
"For me, I am satisfied with the results .",positive
"Honestly, The store opens at 9 AM .",neutral
"For me, Worst purchase I have made .",negative
"Right now, What a horrible experience today #review",negative
"Right now, What a wonderful experience today honestly.",positive
The flight is scheduled for Monday #twitter,neutral
"Today, The class begins at 10 AM #twitter",neutral
"For me, The train arrived at the station .",neutral
"Today, I am reading the news right now .",neutral
"For me, The new features are brilliant in my opinion.",positive
"Just saying, The report was published today #review",neutral
"In my opinion, The website is currently available after trying it.",neutral
"Right now, The team did a terrible job .",negative
"Overall, Best purchase I have made in a long time",positive
"For me, Everything worked perfectly .",positive
"For me, I really disliked this experience .",negative
"Personally, Feeling great and positive today .",positive
"Overall, I absolutely hate this product .",negative
"For me, I am very happy with the results right now.",positive
"Honestly, Feeling frustrated and disappointed today #twitter",negative
"Overall, The service was excellent #twitter",positive
"For me, I would not recommend this .",negative
"Just saying, What a horrible experience today after trying it.",negative
"Just saying, This update is awesome .",positive
"For me, I watched the latest episode .",neutral
"After trying it, I am unhappy with the results right now.",negative
"Right now, The store opens at 9 AM .",neutral
"Right now, The store opens at 9 AM right now.",neutral
"After trying it, The new features are useless in my opinion.",negative
"In my opinion, This movie was extremely boring .",negative
"For me, This is amazing and works perfectly .",positive
"Overall, I highly recommend this .",positive
"In my opinion, The team will meet next week today.",neutral
"In my opinion, I am checking the latest information in my opinion.",neutral
"Right now, The company released a new announcement .",neutral
"After trying it, I received the package this morning .",neutral
"Overall, This made my day so much better after trying it.",positive
"Personally, The new features are useless .",negative
"Just saying, The company released a new announcement .",neutral
"After trying it, This made my day so much better right now.",positive
The meeting is scheduled for tomorrow .,neutral
"After trying it, I highly recommend this after trying it.",positive
What a wonderful experience today today.,positive
I am impressed with the quality .,positive
"Personally, This is exactly what I wanted today.",positive
"Right now, The new features are useless .",negative
"In my opinion, This update is terrible in my opinion.",negative
I really enjoyed this experience right now.,positive
"For me, The package contains two items honestly.",neutral
"After trying it, I am unhappy with the results",negative
Such a beautiful day .,positive
"Just saying, Absolutely awful experience #twitter",negative
"In my opinion, The temperature is around 25 degrees .",neutral
"Right now, This made my day much worse #review",negative
"Right now, This is not what I wanted #twitter",negative
The new features are brilliant .,positive
"Honestly, The service was excellent .",positive
"Overall, This movie was extremely boring right now.",negative
"Overall, Feeling frustrated and disappointed today .",negative
"In my opinion, Absolutely awful experience after trying it.",negative
"Honestly, The temperature is around 25 degrees in my opinion.",neutral
"Just saying, The temperature is around 25 degrees .",neutral
"For me, Such a horrible day .",negative
"In my opinion, This update is awesome",positive
The team did an amazing job .,positive
"Just saying, I am impressed with the quality today.",positive
"Honestly, I really enjoyed this experience",positive
"Overall, This is not what I wanted .",negative
"Honestly, Such a beautiful day #review",positive
"Overall, The service was excellent .",positive
"Personally, The report was published today .",neutral
"Personally, The store opens at 9 AM .",neutral
"Just saying, I am disappointed with the quality in my opinion.",negative
"Right now, I would not recommend this after trying it.",negative
"In my opinion, The meeting is scheduled for tomorrow .",neutral
"Personally, I am very happy with the results .",positive
"Today, I am disappointed with the quality honestly.",negative
"Right now, This is exactly what I wanted .",positive
"Just saying, I am impressed with the quality #review",positive
"Right now, This is terrible and does not work .",negative
"Honestly, The temperature is around 25 degrees .",neutral
"After trying it, The team did a terrible job today.",negative
This is terrible and does not work today.,negative
"Honestly, I am impressed with the quality .",positive
"In my opinion, This is amazing and works perfectly .",positive
"Honestly, Everything worked perfectly .",positive
"Right now, The service was excellent .",positive
"Just saying, The weather is cloudy today today.",neutral
"Today, This is terrible and does not work .",negative
"Just saying, I am reading the news right now .",neutral
"Right now, This update is awesome today.",positive
"Just saying, I am satisfied with the results right now.",positive
"Just saying, The package contains two items .",neutral
"For me, Everything went completely wrong in my opinion.",negative
"Honestly, I absolutely love this product honestly.",positive
"Honestly, The meeting is scheduled for tomorrow after trying it.",neutral
"Honestly, The service was awful in my opinion.",negative
"After trying it, Worst purchase I have made .",negative
"Honestly, Worst purchase I have made right now.",negative
"Honestly, Everything worked perfectly #twitter",positive
"Overall, The meeting is scheduled for tomorrow .",neutral
"Overall, What a wonderful experience today honestly.",positive
"Just saying, This is exactly what I wanted .",positive
"Just saying, I absolutely hate this product",negative
"For me, The weather is cloudy today in my opinion.",neutral
"Overall, Feeling great and positive today .",positive
"Today, Absolutely fantastic experience right now.",positive
"In my opinion, Absolutely fantastic experience .",positive
"For me, The service was excellent #twitter",positive
"After trying it, The service was awful .",negative
"In my opinion, I highly recommend this today.",positive
"Today, The service was excellent .",positive
"For me, Everything worked perfectly",positive
"Today, This is amazing and works perfectly .",positive
"Today, Everything went completely wrong .",negative
"Right now, The team will meet next week",neutral
"Overall, This is not what I wanted .",negative
"Just saying, The new features are brilliant right now.",positive
I highly recommend this after trying it.,positive
"In my opinion, The store opens at 9 AM .",neutral
"Honestly, I am checking the latest information #review",neutral
"Honestly, The new features are useless #twitter",negative
"In my opinion, The results will be announced later right now.",neutral
"Today, The team will meet next week today.",neutral
"For me, I am checking the latest information honestly.",neutral
"Honestly, I really disliked this experience honestly.",negative
"Today, The team did a terrible job #review",negative
"Honestly, This is not what I wanted honestly.",negative
"For me, The event starts at 6 PM #review",neutral
"For me, The report was published today .",neutral
"Overall, The report was published today .",neutral
The application has been updated .,neutral
"For me, The product is available in three colors .",neutral
"Honestly, What a horrible experience today in my opinion.",negative
"After trying it, This is not what I wanted .",negative
"Right now, This made my day much worse .",negative
"In my opinion, This is exactly what I wanted .",positive
"For me, The team did an amazing job .",positive
"Right now, I am satisfied with the results today.",positive
"Right now, I am checking the latest information .",neutral
"Honestly, The service was awful right now.",negative
"Overall, The class begins at 10 AM .",neutral
"Overall, This is not what I wanted .",negative
"After trying it, What a wonderful experience today .",positive
"Personally, I really disliked this experience in my opinion.",negative
"Overall, The application has been updated .",neutral
"Just saying, The train arrived at the station",neutral
"Overall, I highly recommend this",positive
"Just saying, I am very disappointed with the results .",negative
"Overall, Everything went completely wrong today.",negative
"Honestly, The team did an amazing job .",positive
"Just saying, Absolutely awful experience honestly.",negative
"Personally, The product is available in three colors",neutral
"For me, Worst purchase I have made",negative
"Overall, I really disliked this experience .",negative
"Personally, Best purchase I have made in a long time .",positive
"Right now, This is amazing and works perfectly in my opinion.",positive
"Today, This is amazing and works perfectly #twitter",positive
"Today, The results will be announced later #review",neutral
"Right now, The new features are brilliant #twitter",positive
"For me, Best purchase I have made in a long time .",positive
"Overall, Such a horrible day right now.",negative
"Overall, The service was excellent .",positive
"Personally, I am checking the latest information after trying it.",neutral
"Honestly, What a horrible experience today .",negative
This is exactly what I wanted .,positive
"Right now, Everything worked perfectly .",positive
"After trying it, I highly recommend this .",positive
"Today, I am very happy with the results after trying it.",positive
"Today, This is exactly what I wanted .",positive
"Overall, Feeling great and positive today .",positive
Everything worked perfectly .,positive
"Personally, I really disliked this experience after trying it.",negative
"In my opinion, Absolutely awful experience in my opinion.",negative
"In my opinion, I am impressed with the quality #review",positive
"In my opinion, I am satisfied with the results in my opinion.",positive
"In my opinion, I am unhappy with the results honestly.",negative
"After trying it, The application has been updated .",neutral
"In my opinion, The service was excellent .",positive
"In my opinion, The team did an amazing job after trying it.",positive
The product is available in three colors today.,neutral
"Personally, I watched the latest episode .",neutral
"Just saying, This made my day much worse today.",negative
"In my opinion, The team will meet next week .",neutral
"Honestly, The new features are useless .",negative
"For me, What a wonderful experience today",positive
"Personally, The new features are useless in my opinion.",negative
"Just saying, This update is awesome right now.",positive
"Right now, The store opens at 9 AM .",neutral
"After trying it, The company released a new announcement .",neutral
"Personally, Such a beautiful day .",positive
"In my opinion, I absolutely love this product .",positive
"Personally, This is not what I wanted .",negative
"Overall, The class begins at 10 AM .",neutral
"After trying it, Feeling frustrated and disappointed today right now.",negative
"In my opinion, This update is terrible .",negative
"Honestly, This movie was extremely boring after trying it.",negative
"Right now, The service was awful .",negative
"Personally, The team did an amazing job in my opinion.",positive
"Honestly, The event starts at 6 PM #twitter",neutral
"After trying it, The weather is cloudy today .",neutral
"Personally, I absolutely hate this product .",negative
I would not recommend this after trying it.,negative
"Personally, I am checking the latest information .",neutral
"Overall, I received the package this morning .",neutral
"Overall, The new features are brilliant",positive
"Honestly, The train arrived at the station .",neutral
"Overall, The team will meet next week .",neutral
"Honestly, I highly recommend this #review",positive
This update is terrible .,negative
"Overall, The results will be announced later .",neutral
"Overall, The new features are useless .",negative
"After trying it, This movie was fantastic honestly.",positive
"Just saying, The meeting is scheduled for tomorrow #twitter",neutral
"Personally, The temperature is around 25 degrees .",neutral
"For me, The new features are brilliant #twitter",positive
"Today, I am disappointed with the quality right now.",negative
"Honestly, This is terrible and does not work after trying it.",negative
"Honestly, I absolutely love this product honestly.",positive
"Overall, I received the package this morning .",neutral
"Just saying, The team did an amazing job .",positive
"Overall, This movie was fantastic right now.",positive
"Overall, The product is available in three colors #review",neutral
"Personally, The new features are brilliant .",positive
"Just saying, What a wonderful experience today .",positive
"Overall, This made my day so much better after trying it.",positive
"Today, This update is terrible .",negative
"Personally, I would not recommend this .",negative
"Honestly, This is not what I wanted .",negative
"In my opinion, Such a horrible day honestly.",negative
"In my opinion, I would not recommend this in my opinion.",negative
I am unhappy with the results today.,negative
"Honestly, Absolutely fantastic experience right now.",positive
"After trying it, The team did a terrible job #review",negative
"For me, I am disappointed with the quality .",negative
"For me, This update is awesome honestly.",positive
"For me, I am impressed with the quality .",positive
"In my opinion, I am very happy with the results .",positive
"Honestly, Worst purchase I have made",negative
"Just saying, The new features are useless after trying it.",negative
"Just saying, The class begins at 10 AM right now.",neutral
"Honestly, This movie was fantastic",positive
"Today, Such a horrible day .",negative
"Overall, I am disappointed with the quality",negative
"In my opinion, Such a beautiful day .",positive
"Right now, The service was excellent in my opinion.",positive
"For me, I watched the latest episode .",neutral
"After trying it, Feeling frustrated and disappointed today .",negative
"Personally, The team will meet next week #twitter",neutral
"Honestly, I received the package this morning after trying it.",neutral
"After trying it, I am disappointed with the quality .",negative
"For me, I absolutely love this product right now.",positive
"Honestly, The new features are brilliant right now.",positive
"Personally, Absolutely awful experience honestly.",negative
"Today, I received the package this morning .",neutral
"After trying it, The company released a new announcement today.",neutral
"For me, I am impressed with the quality in my opinion.",positive
"In my opinion, The report was published today honestly.",neutral
"For me, I am disappointed with the quality .",negative
The event starts at 6 PM .,neutral
"After trying it, I am unhappy with the results after trying it.",negative
"Honestly, The team will meet next week after trying it.",neutral
"Just saying, Everything worked perfectly .",positive
"Just saying, I am reading the news right now",neutral
"In my opinion, I am impressed with the quality .",positive
"Personally, I am very happy with the results today.",positive
"For me, I highly recommend this after trying it.",positive
"For me, I am impressed with the quality .",positive
"Honestly, The weather is cloudy today today.",neutral
"For me, This is amazing and works perfectly .",positive
"In my opinion, I really enjoyed this experience #review",positive
This is exactly what I wanted #twitter,positive
"Personally, The team did an amazing job after trying it.",positive
"For me, The store opens at 9 AM after trying it.",neutral
"Personally, I really disliked this experience .",negative
"Right now, The meeting is scheduled for tomorrow right now.",neutral
"Just saying, I received the package this morning #twitter",neutral
"Right now, This made my day much worse",negative
"Just saying, The team will meet next week",neutral
I absolutely hate this product after trying it.,negative
"After trying it, The product is available in three colors .",neutral
"In my opinion, This is not what I wanted right now.",negative
"Today, I absolutely hate this product in my opinion.",negative
"Today, The product is available in three colors .",neutral
"Honestly, I am unhappy with the results after trying it.",negative
"In my opinion, This update is terrible honestly.",negative
"Overall, I really disliked this experience .",negative
"In my opinion, Feeling great and positive today #twitter",positive
"Right now, I watched the latest episode today.",neutral
"For me, This is terrible and does not work .",negative
"In my opinion, The team will meet next week .",neutral
"After trying it, I am impressed with the quality",positive
"After trying it, I absolutely hate this product honestly.",negative
"Right now, The application has been updated after trying it.",neutral
"Right now, The service was awful #twitter",negative
"Right now, Worst purchase I have made .",negative
"Today, The weather is cloudy today in my opinion.",neutral
The service was excellent right now.,positive
"After trying it, The flight is scheduled for Monday",neutral
The service was awful after trying it.,negative
I am very disappointed with the results today.,negative
"Honestly, The temperature is around 25 degrees .",neutral
"Personally, I am disappointed with the quality in my opinion.",negative
"Overall, This is not what I wanted .",negative
"After trying it, The store opens at 9 AM #twitter",neutral
"In my opinion, This is amazing and works perfectly .",positive
"Honestly, Absolutely fantastic experience .",positive
"Right now, The new features are useless #review",negative
The service was excellent .,positive
"Right now, This made my day much worse .",negative
"In my opinion, Such a horrible day today.",negative
This is amazing and works perfectly .,positive
"Right now, I am impressed with the quality today.",positive
"After trying it, I watched the latest episode in my opinion.",neutral
"Today, This made my day much worse #twitter",negative
"In my opinion, I would not recommend this .",negative
"In my opinion, I am reading the news right now .",neutral
The team did a terrible job right now.,negative
"Today, I absolutely hate this product honestly.",negative
"Just saying, I would not recommend this today.",negative
"Personally, Such a beautiful day after trying it.",positive
"After trying it, Feeling great and positive today #twitter",positive
Such a horrible day after trying it.,negative
"In my opinion, The application has been updated #review",neutral
Worst purchase I have made after trying it.,negative
"Today, This made my day so much better honestly.",positive
"Overall, What a wonderful experience today .",positive
"Right now, This update is awesome today.",positive
"Today, I absolutely love this product .",positive
"After trying it, Feeling great and positive today .",positive
"In my opinion, The store opens at 9 AM .",neutral
"Honestly, The meeting is scheduled for tomorrow right now.",neutral
"Honestly, The product is available in three colors #review",neutral
"Right now, This made my day so much better right now.",positive
"For me, I received the package this morning",neutral
This update is awesome .,positive
"Honestly, This is terrible and does not work in my opinion.",negative
"Just saying, Best purchase I have made in a long time",positive
"Overall, The report was published today .",neutral
"Overall, This movie was fantastic right now.",positive
"Right now, I watched the latest episode today.",neutral
"In my opinion, I absolutely love this product #twitter",positive
I am impressed with the quality .,positive
"Today, The service was excellent .",positive
"Overall, I highly recommend this .",positive
"For me, I highly recommend this #twitter",positive
"After trying it, I would not recommend this #review",negative
"Personally, I am reading the news right now .",neutral
"For me, This movie was extremely boring .",negative
"For me, The team did a terrible job .",negative
"For me, I highly recommend this in my opinion.",positive
"In my opinion, I am unhappy with the results .",negative
"Personally, Such a horrible day .",negative
"After trying it, Absolutely awful experience .",negative
"Right now, Absolutely fantastic experience right now.",positive
"After trying it, The team did an amazing job .",positive
"Just saying, I am very happy with the results",positive
"Right now, Absolutely fantastic experience #review",positive
"Honestly, I am unhappy with the results #twitter",negative
"Personally, The meeting is scheduled for tomorrow",neutral
I highly recommend this today.,positive
"After trying it, Best purchase I have made in a long time .",positive
"Overall, The service was awful right now.",negative
"In my opinion, This is terrible and does not work honestly.",negative
"Just saying, The results will be announced later .",neutral
"Overall, This movie was extremely boring right now.",negative
"Just saying, The results will be announced later right now.",neutral
"Personally, Feeling great and positive today .",positive
"In my opinion, The team did a terrible job .",negative
What a horrible experience today .,negative
"In my opinion, I received the package this morning honestly.",neutral
"Today, The temperature is around 25 degrees right now.",neutral
"Honestly, Feeling great and positive today honestly.",positive
"For me, I am very disappointed with the results after trying it.",negative
"For me, The report was published today .",neutral
"Today, This is exactly what I wanted #twitter",positive
"Right now, I am disappointed with the quality after trying it.",negative
"Personally, I received the package this morning #twitter",neutral
I absolutely love this product .,positive
"Personally, The flight is scheduled for Monday in my opinion.",neutral
"Honestly, The store opens at 9 AM",neutral
"Just saying, The new features are useless #review",negative
"Today, This is amazing and works perfectly honestly.",positive
"For me, The meeting is scheduled for tomorrow .",neutral
"Right now, This movie was extremely boring honestly.",negative
"Just saying, I am checking the latest information #twitter",neutral
"Honestly, The new features are useless .",negative
"Right now, This made my day much worse",negative
"Just saying, Such a horrible day",negative
"For me, This is exactly what I wanted .",positive
The team did an amazing job in my opinion.,positive
"Right now, The website is currently available .",neutral
The weather is cloudy today honestly.,neutral
"For me, The report was published today after trying it.",neutral
"Personally, Such a beautiful day in my opinion.",positive
"Personally, I am disappointed with the quality",negative
"Today, The class begins at 10 AM #twitter",neutral
"For me, This made my day so much better today.",positive
This made my day much worse in my opinion.,negative
"Honestly, This made my day much worse right now.",negative
"For me, I absolutely love this product .",positive
"Honestly, The service was awful .",negative
"Today, This is terrible and does not work",negative
"Just saying, I am very happy with the results right now.",positive
"For me, Absolutely fantastic experience .",positive
"Right now, I would not recommend this .",negative
"After trying it, The results will be announced later",neutral
"Personally, I am impressed with the quality .",positive
"After trying it, The package contains two items .",neutral
"Personally, What a wonderful experience today",positive
"Just saying, This is terrible and does not work #twitter",negative
"In my opinion, Everything worked perfectly #twitter",positive
This is amazing and works perfectly,positive
"In my opinion, Such a horrible day .",negative
I absolutely love this product .,positive
"Today, I am impressed with the quality today.",positive
"Personally, I am very happy with the results .",positive
"In my opinion, I absolutely love this product honestly.",positive
"Overall, The temperature is around 25 degrees .",neutral
"In my opinion, I am satisfied with the results .",positive
"Today, Absolutely awful experience .",negative
"Just saying, I really enjoyed this experience",positive
"Honestly, What a horrible experience today .",negative
"Today, Such a beautiful day honestly.",positive
"Just saying, The new features are useless .",negative
"In my opinion, What a wonderful experience today right now.",positive
"Personally, Feeling great and positive today right now.",positive
"Overall, Feeling frustrated and disappointed today .",negative
"For me, I really enjoyed this experience honestly.",positive
"Just saying, I am very disappointed with the results #twitter",negative
"In my opinion, I am very happy with the results .",positive
"Honestly, The event starts at 6 PM right now.",neutral
"After trying it, The application has been updated after trying it.",neutral
"Today, The company released a new announcement .",neutral
"Personally, I am very happy with the results today.",positive
The website is currently available .,neutral
"In my opinion, I absolutely hate this product #twitter",negative
"Right now, The team will meet next week .",neutral
"Honestly, I watched the latest episode after trying it.",neutral
"Personally, The service was excellent #review",positive
"Today, This is amazing and works perfectly in my opinion.",positive
"Honestly, The weather is cloudy today .",neutral
"After trying it, Feeling great and positive today .",positive
"Just saying, This is terrible and does not work in my opinion.",negative
"Overall, I am very disappointed with the results .",negative
"Honestly, The company released a new announcement right now.",neutral
"Just saying, Feeling great and positive today .",positive
"Honestly, I am impressed with the quality .",positive
I am satisfied with the results after trying it.,positive
"After trying it, This movie was fantastic right now.",positive
"Personally, The package contains two items .",neutral
"Honestly, I received the package this morning .",neutral
"Overall, I received the package this morning",neutral
"Today, This is not what I wanted",negative
"For me, I really disliked this experience .",negative
"Today, The event starts at 6 PM #review",neutral
"Honestly, I am very happy with the results .",positive
"Today, I really enjoyed this experience today.",positive
"Personally, Worst purchase I have made in my opinion.",negative
"In my opinion, I watched the latest episode .",neutral
"Today, Absolutely fantastic experience today.",positive
"Personally, I absolutely hate this product .",negative
"Personally, The report was published today .",neutral
What a horrible experience today .,negative
"After trying it, I really disliked this experience .",negative
"Overall, The service was awful .",negative
"Just saying, I received the package this morning .",neutral
"Just saying, I am impressed with the quality .",positive
"Today, Everything went completely wrong .",negative
"Personally, The report was published today .",neutral
"Today, The report was published today .",neutral
"After trying it, This movie was fantastic .",positive
"Personally, The team will meet next week today.",neutral
Worst purchase I have made after trying it.,negative
I highly recommend this #review,positive
"Honestly, Worst purchase I have made right now.",negative
"Personally, I highly recommend this today.",positive
"Just saying, This is exactly what I wanted .",positive
"Just saying, Such a beautiful day .",positive
"Just saying, This is not what I wanted .",negative
"Today, Absolutely awful experience after trying it.",negative
"Today, Absolutely fantastic experience",positive
Absolutely fantastic experience .,positive
"For me, What a wonderful experience today #review",positive
This movie was extremely boring #twitter,negative
"Honestly, Everything went completely wrong honestly.",negative
"Personally, The new features are useless",negative
"In my opinion, I watched the latest episode after trying it.",neutral
"In my opinion, Best purchase I have made in a long time right now.",positive
The team did an amazing job .,positive
"After trying it, The website is currently available .",neutral
"Overall, The product is available in three colors .",neutral
"Just saying, This movie was fantastic right now.",positive
"Just saying, I absolutely hate this product .",negative
"For me, The store opens at 9 AM today.",neutral
"Overall, Worst purchase I have made .",negative
"For me, Absolutely fantastic experience today.",positive
"Overall, The results will be announced later today.",neutral
"Just saying, The store opens at 9 AM #twitter",neutral
The new features are useless right now.,negative
"Right now, The results will be announced later today.",neutral
"Honestly, The product is available in three colors after trying it.",neutral
"After trying it, I watched the latest episode .",neutral
"Just saying, I really disliked this experience after trying it.",negative
"After trying it, I really enjoyed this experience .",positive
"In my opinion, The report was published today",neutral
"Right now, The flight is scheduled for Monday after trying it.",neutral
"Personally, This movie was extremely boring .",negative
"Honestly, I am satisfied with the results #twitter",positive
"Overall, The website is currently available in my opinion.",neutral
"Honestly, The team did a terrible job .",negative
"For me, Everything went completely wrong #twitter",negative
"Just saying, The service was awful today.",negative
"Just saying, I really disliked this experience .",negative
"Today, The class begins at 10 AM .",neutral
"Just saying, I am reading the news right now .",neutral
"Today, I absolutely love this product .",positive
"Honestly, The team did an amazing job #twitter",positive
"In my opinion, The team did a terrible job .",negative
I am very happy with the results .,positive
"Personally, This movie was fantastic #twitter",positive
"Just saying, I am very happy with the results #twitter",positive
"For me, This movie was fantastic today.",positive
"For me, This movie was fantastic .",positive
"Personally, The company released a new announcement right now.",neutral
"Just saying, This is amazing and works perfectly #review",positive
"Personally, Such a horrible day .",negative
"In my opinion, The package contains two items .",neutral
"Overall, Feeling great and positive today .",positive
"Honestly, The website is currently available #twitter",neutral
"In my opinion, Feeling frustrated and disappointed today in my opinion.",negative
"Overall, The event starts at 6 PM .",neutral
"After trying it, The package contains two items",neutral
"Right now, The class begins at 10 AM #twitter",neutral
"In my opinion, Such a horrible day .",negative
"Personally, This is terrible and does not work .",negative
"Right now, The report was published today in my opinion.",neutral
I am satisfied with the results,positive
"For me, This is exactly what I wanted after trying it.",positive
"Honestly, The new features are useless after trying it.",negative
"Honestly, This update is terrible honestly.",negative
"Right now, The results will be announced later #review",neutral
"Just saying, Absolutely fantastic experience after trying it.",positive
"After trying it, The event starts at 6 PM .",neutral
"Overall, The weather is cloudy today .",neutral
"Right now, The class begins at 10 AM #review",neutral
"Just saying, Absolutely awful experience in my opinion.",negative
"In my opinion, The class begins at 10 AM .",neutral
"In my opinion, Absolutely fantastic experience .",positive
"Overall, Feeling great and positive today",positive
"Just saying, I am satisfied with the results .",positive
"Right now, The service was excellent",positive
"After trying it, The product is available in three colors today.",neutral
"Honestly, This update is awesome .",positive
"After trying it, I am very happy with the results after trying it.",positive
"For me, This is terrible and does not work #review",negative
"Overall, What a horrible experience today today.",negative
"Honestly, The application has been updated",neutral
"Personally, I watched the latest episode right now.",neutral
"After trying it, Such a horrible day .",negative
"After trying it, Everything worked perfectly",positive
"Personally, The product is available in three colors today.",neutral
"In my opinion, The train arrived at the station in my opinion.",neutral
"Just saying, This is terrible and does not work in my opinion.",negative
"In my opinion, This made my day much worse .",negative
"In my opinion, The weather is cloudy today .",neutral
"Today, The report was published today .",neutral
"Personally, I am satisfied with the results .",positive
"After trying it, The service was awful .",negative
"In my opinion, I am checking the latest information .",neutral
"Today, Feeling great and positive today .",positive
"After trying it, This update is awesome .",positive
"Just saying, I am very disappointed with the results #twitter",negative
"After trying it, I absolutely love this product",positive
"In my opinion, The new features are useless",negative
"Today, Everything went completely wrong #review",negative
"Overall, This is exactly what I wanted .",positive
"Overall, I am satisfied with the results .",positive
"Just saying, I am satisfied with the results .",positive
"Personally, The application has been updated .",neutral
"Today, I am very happy with the results #twitter",positive
"Personally, Feeling great and positive today .",positive
"For me, This made my day so much better .",positive
"Personally, The flight is scheduled for Monday .",neutral
"For me, The store opens at 9 AM",neutral
"In my opinion, I am checking the latest information today.",neutral
"Overall, I would not recommend this .",negative
"Just saying, I am very happy with the results right now.",positive
"In my opinion, I would not recommend this",negative
This is exactly what I wanted .,positive
"Overall, I highly recommend this .",positive
"In my opinion, The flight is scheduled for Monday .",neutral
"Personally, I really disliked this experience today.",negative
"Honestly, Such a beautiful day #review",positive
"Right now, The new features are useless right now.",negative
"Just saying, I am very happy with the results",positive
"Personally, I am satisfied with the results .",positive
"For me, This made my day much worse honestly.",negative
"Overall, Such a beautiful day .",positive
"Honestly, I am checking the latest information .",neutral
"For me, I am very disappointed with the results .",negative
"Today, The application has been updated",neutral
"Overall, This is not what I wanted .",negative
The team will meet next week .,neutral
"Today, The service was excellent",positive
"Personally, I am unhappy with the results #review",negative
"Today, I am very happy with the results today.",positive
"Personally, I really disliked this experience .",negative
The service was awful honestly.,negative
"Personally, The company released a new announcement .",neutral
The product is available in three colors .,neutral
"Today, The weather is cloudy today .",neutral
"Personally, The weather is cloudy today right now.",neutral
"Overall, The flight is scheduled for Monday .",neutral
"Honestly, I really disliked this experience honestly.",negative
"After trying it, I would not recommend this today.",negative
"Just saying, Absolutely awful experience .",negative
"Today, I am unhappy with the results .",negative
"After trying it, Absolutely fantastic experience",positive
"Just saying, The new features are brilliant .",positive
"Right now, The package contains two items right now.",neutral
"Right now, I am very disappointed with the results .",negative
The new features are useless #review,negative
"After trying it, The new features are brilliant .",positive
"Just saying, This update is terrible",negative
"For me, The company released a new announcement today.",neutral
"In my opinion, The team will meet next week after trying it.",neutral
"Right now, I am satisfied with the results .",positive
"Just saying, The flight is scheduled for Monday #review",neutral
"After trying it, Absolutely fantastic experience right now.",positive
"Just saying, Worst purchase I have made",negative
"Honestly, The store opens at 9 AM in my opinion.",neutral
I received the package this morning honestly.,neutral
"Overall, I absolutely hate this product .",negative
"Today, The meeting is scheduled for tomorrow .",neutral
"After trying it, I highly recommend this today.",positive
"For me, The website is currently available .",neutral
"Right now, What a wonderful experience today honestly.",positive
"Just saying, This made my day much worse .",negative
"Personally, This made my day much worse #twitter",negative
"Just saying, The team did an amazing job #review",positive
"Honestly, The event starts at 6 PM .",neutral
"Today, Worst purchase I have made today.",negative
This is exactly what I wanted honestly.,positive
"Overall, The company released a new announcement today.",neutral
"Today, The class begins at 10 AM in my opinion.",neutral
"For me, The results will be announced later .",neutral
"In my opinion, The train arrived at the station .",neutral
"Overall, Feeling great and positive today honestly.",positive
"After trying it, I am disappointed with the quality #twitter",negative
"Just saying, The report was published today #review",neutral
"Right now, I watched the latest episode .",neutral
"For me, Feeling great and positive today in my opinion.",positive
"Right now, This movie was extremely boring #twitter",negative
"Just saying, The new features are brilliant .",positive
"Personally, I really disliked this experience in my opinion.",negative
"Today, The flight is scheduled for Monday .",neutral
"Honestly, This update is terrible .",negative
I highly recommend this .,positive
"Overall, Worst purchase I have made right now.",negative
"Right now, I absolutely love this product",positive
"Right now, The weather is cloudy today .",neutral
I am checking the latest information .,neutral
"Personally, This movie was fantastic #review",positive
"Honestly, Best purchase I have made in a long time .",positive
"Today, Such a beautiful day after trying it.",positive
"Just saying, I watched the latest episode .",neutral
"Personally, Everything worked perfectly .",positive
"For me, I am checking the latest information",neutral
"In my opinion, This made my day much worse .",negative
"Today, The package contains two items .",neutral
"Today, I am checking the latest information right now.",neutral
"Personally, The team did an amazing job",positive
"Today, The application has been updated #review",neutral
"Honestly, The new features are brilliant honestly.",positive
"Overall, Absolutely fantastic experience right now.",positive
Worst purchase I have made .,negative
"Right now, The company released a new announcement #review",neutral
"For me, The report was published today .",neutral
"Just saying, The package contains two items .",neutral
"Right now, The weather is cloudy today #review",neutral
Feeling great and positive today in my opinion.,positive
"In my opinion, I would not recommend this honestly.",negative
"Honestly, The new features are brilliant in my opinion.",positive
"For me, The flight is scheduled for Monday after trying it.",neutral
This is terrible and does not work in my opinion.,negative
"Today, I watched the latest episode .",neutral
"Overall, The company released a new announcement .",neutral
"Right now, I am checking the latest information .",neutral
"Personally, What a horrible experience today .",negative
"After trying it, The event starts at 6 PM .",neutral
"Just saying, This is amazing and works perfectly .",positive
"Just saying, Everything worked perfectly .",positive
"Personally, The flight is scheduled for Monday today.",neutral
"Honestly, This movie was fantastic #review",positive
"Just saying, This made my day much worse after trying it.",negative
I highly recommend this .,positive
"Overall, I am disappointed with the quality honestly.",negative
"Personally, The new features are useless honestly.",negative
"Honestly, I am very happy with the results .",positive
Feeling frustrated and disappointed today in my opinion.,negative
"Right now, Everything went completely wrong today.",negative
"For me, I watched the latest episode",neutral
"Right now, Absolutely awful experience",negative
"Just saying, The service was awful",negative
"Right now, The company released a new announcement #review",neutral
"Overall, I watched the latest episode right now.",neutral
"After trying it, Feeling frustrated and disappointed today .",negative
"Right now, Such a horrible day .",negative
"Just saying, Best purchase I have made in a long time right now.",positive
"After trying it, The weather is cloudy today right now.",neutral
"Personally, Feeling great and positive today #review",positive
"For me, This movie was extremely boring honestly.",negative
"Right now, I watched the latest episode .",neutral
"Honestly, I really disliked this experience after trying it.",negative
"For me, I absolutely hate this product .",negative
"In my opinion, I absolutely love this product today.",positive
"Just saying, I highly recommend this .",positive
"Just saying, This update is awesome right now.",positive
"Overall, The team did an amazing job .",positive
"For me, The package contains two items .",neutral
"Right now, Everything worked perfectly",positive
Feeling great and positive today #review,positive
"After trying it, I would not recommend this right now.",negative
"Honestly, I am disappointed with the quality .",negative
"Right now, This made my day so much better .",positive
"Right now, Everything went completely wrong #twitter",negative
"Just saying, This update is terrible right now.",negative
"Overall, The results will be announced later #twitter",neutral
"Just saying, The results will be announced later .",neutral
"Overall, I am checking the latest information honestly.",neutral
"After trying it, I absolutely hate this product honestly.",negative
"Today, Absolutely fantastic experience right now.",positive
"After trying it, The weather is cloudy today .",neutral
"For me, I really enjoyed this experience in my opinion.",positive
"Today, I highly recommend this after trying it.",positive
"Personally, I am impressed with the quality in my opinion.",positive
"Honestly, The meeting is scheduled for tomorrow .",neutral
"In my opinion, The team did an amazing job #twitter",positive
"Today, The train arrived at the station #review",neutral
The product is available in three colors .,neutral
"Just saying, The product is available in three colors #review",neutral
"Honestly, Feeling frustrated and disappointed today today.",negative
"Just saying, This is not what I wanted right now.",negative
"Overall, I received the package this morning in my opinion.",neutral
"Honestly, The new features are brilliant .",positive
"Honestly, The new features are brilliant .",positive
"Honestly, Everything went completely wrong",negative
"After trying it, I am impressed with the quality in my opinion.",positive
The team will meet next week .,neutral
"Honestly, I am very happy with the results .",positive
"In my opinion, The results will be announced later .",neutral
"Right now, I am very disappointed with the results after trying it.",negative
The event starts at 6 PM .,neutral
"Overall, Worst purchase I have made #review",negative
"For me, The company released a new announcement .",neutral
"Personally, Feeling frustrated and disappointed today .",negative
The service was awful in my opinion.,negative
"Just saying, This update is awesome .",positive
"After trying it, Everything went completely wrong .",negative
"Overall, This movie was fantastic .",positive
"Just saying, Everything went completely wrong #twitter",negative
"In my opinion, This is exactly what I wanted #review",positive
"Right now, I am disappointed with the quality right now.",negative
"Honestly, I am very happy with the results after trying it.",positive
"Right now, This made my day much worse .",negative
"Honestly, I am disappointed with the quality today.",negative
"Just saying, I am checking the latest information .",neutral
I highly recommend this in my opinion.,positive
"For me, The team did a terrible job after trying it.",negative
"Honestly, Worst purchase I have made #review",negative
"Overall, Such a horrible day .",negative
"In my opinion, The class begins at 10 AM in my opinion.",neutral
"Overall, Such a beautiful day .",positive
"In my opinion, This is exactly what I wanted .",positive
The class begins at 10 AM today.,neutral
"After trying it, The report was published today #twitter",neutral
"Honestly, Worst purchase I have made after trying it.",negative
"Today, I am reading the news right now today.",neutral
I watched the latest episode after trying it.,neutral
"After trying it, I am checking the latest information right now.",neutral
"In my opinion, Worst purchase I have made .",negative
"After trying it, What a horrible experience today after trying it.",negative
"Today, This is not what I wanted honestly.",negative
"After trying it, Such a horrible day today.",negative
"Personally, I really disliked this experience #review",negative
"Honestly, This is amazing and works perfectly in my opinion.",positive
"After trying it, Best purchase I have made in a long time in my opinion.",positive
"For me, This is amazing and works perfectly .",positive
"Honestly, Best purchase I have made in a long time in my opinion.",positive
"Overall, I would not recommend this after trying it.",negative
"Overall, I would not recommend this .",negative
"In my opinion, What a wonderful experience today in my opinion.",positive
"For me, The company released a new announcement .",neutral
"Personally, This is exactly what I wanted",positive
"For me, This movie was extremely boring",negative
"Today, I really disliked this experience .",negative
"Right now, I highly recommend this honestly.",positive
"For me, I am satisfied with the results .",positive
"In my opinion, The team did a terrible job today.",negative
"Overall, Best purchase I have made in a long time .",positive
"Today, Absolutely fantastic experience .",positive
"In my opinion, This made my day much worse .",negative
"Honestly, This movie was fantastic in my opinion.",positive
The event starts at 6 PM .,neutral
The company released a new announcement .,neutral
"Overall, Worst purchase I have made #review",negative
"Personally, The package contains two items .",neutral
"Right now, I am satisfied with the results .",positive
"Honestly, I really enjoyed this experience .",positive
"In my opinion, I really enjoyed this experience .",positive
"Honestly, I really disliked this experience today.",negative
"Today, This update is terrible right now.",negative
"After trying it, The product is available in three colors .",neutral
"Honestly, The company released a new announcement today.",neutral
"For me, What a wonderful experience today .",positive
"Honestly, I absolutely love this product #twitter",positive
"In my opinion, Feeling frustrated and disappointed today",negative
"Right now, I really enjoyed this experience #twitter",positive
"Just saying, The temperature is around 25 degrees .",neutral
"Just saying, I am satisfied with the results .",positive
"Honestly, Feeling great and positive today #review",positive
What a wonderful experience today after trying it.,positive
The team will meet next week .,neutral
"Just saying, The service was awful .",negative
"Honestly, Such a horrible day honestly.",negative
"For me, The website is currently available .",neutral
"Just saying, I am very happy with the results #twitter",positive
"Just saying, The team did an amazing job #review",positive
"Personally, I am very happy with the results right now.",positive
"Personally, I really disliked this experience #twitter",negative
"After trying it, The team did an amazing job .",positive
"Honestly, I absolutely hate this product after trying it.",negative
"After trying it, The team did an amazing job .",positive
Absolutely awful experience .,negative
"Honestly, Absolutely awful experience",negative
"Overall, The service was excellent .",positive
"After trying it, Everything went completely wrong right now.",negative
"Overall, This is terrible and does not work .",negative
"Today, The package contains two items .",neutral
"Right now, This is amazing and works perfectly #twitter",positive
"Personally, I am unhappy with the results honestly.",negative
"Just saying, Feeling great and positive today .",positive
"After trying it, Everything worked perfectly .",positive
"For me, The company released a new announcement .",neutral
"Personally, Absolutely awful experience .",negative
"Today, Worst purchase I have made .",negative
"Just saying, I really enjoyed this experience .",positive
"Today, The weather is cloudy today right now.",neutral
"Right now, The website is currently available .",neutral
"Overall, Everything went completely wrong",negative
"Today, The meeting is scheduled for tomorrow right now.",neutral
"Right now, I am checking the latest information .",neutral
"Personally, The meeting is scheduled for tomorrow .",neutral
"Right now, This is terrible and does not work honestly.",negative
"Personally, I highly recommend this #twitter",positive
"For me, I am checking the latest information .",neutral
"After trying it, This movie was fantastic",positive
"Right now, This made my day much worse",negative
"Right now, The company released a new announcement .",neutral
"Right now, The class begins at 10 AM .",neutral
"Today, I am impressed with the quality .",positive
"After trying it, This update is awesome .",positive
"For me, I absolutely hate this product .",negative
"For me, This update is awesome .",positive
I am very happy with the results .,positive
"In my opinion, The company released a new announcement in my opinion.",neutral
The team will meet next week in my opinion.,neutral
The report was published today .,neutral
"Today, The new features are brilliant #twitter",positive
"Just saying, This update is awesome in my opinion.",positive
"After trying it, I am very happy with the results right now.",positive
"Overall, The meeting is scheduled for tomorrow honestly.",neutral
The team did an amazing job .,positive
"For me, I received the package this morning .",neutral
"Just saying, The results will be announced later today.",neutral
"Personally, This made my day much worse .",negative
"Personally, Absolutely fantastic experience .",positive
"Overall, The new features are brilliant #review",positive
"In my opinion, Best purchase I have made in a long time .",positive
"Today, I am unhappy with the results honestly.",negative
"Personally, I am checking the latest information .",neutral
"After trying it, I am unhappy with the results in my opinion.",negative
"Just saying, Everything worked perfectly .",positive
"After trying it, This update is awesome",positive
"Just saying, The flight is scheduled for Monday right now.",neutral
"In my opinion, Such a beautiful day #review",positive
"Today, What a wonderful experience today",positive
"Today, This made my day much worse after trying it.",negative
"After trying it, I would not recommend this after trying it.",negative
"Today, I am unhappy with the results right now.",negative
"Honestly, I am very disappointed with the results .",negative
"Honestly, Feeling frustrated and disappointed today .",negative
"Overall, Everything went completely wrong in my opinion.",negative
The package contains two items .,neutral
"In my opinion, I highly recommend this .",positive
"Overall, The service was awful .",negative
"Personally, Such a horrible day #review",negative
"Today, I really disliked this experience .",negative
Such a beautiful day .,positive
"Overall, This is not what I wanted after trying it.",negative
"Honestly, The company released a new announcement #review",neutral
"Just saying, The flight is scheduled for Monday",neutral
"In my opinion, The team did an amazing job in my opinion.",positive
"Just saying, I highly recommend this honestly.",positive
"Just saying, I am very happy with the results today.",positive
Feeling frustrated and disappointed today #twitter,negative
"In my opinion, The team did a terrible job today.",negative
"Right now, I highly recommend this right now.",positive
"Right now, The temperature is around 25 degrees .",neutral
"Honestly, I am checking the latest information .",neutral
I would not recommend this .,negative
"Honestly, The product is available in three colors in my opinion.",neutral
"Honestly, The product is available in three colors .",neutral
"Overall, What a wonderful experience today #twitter",positive
"Just saying, Best purchase I have made in a long time right now.",positive
"Personally, The service was excellent today.",positive
"For me, Best purchase I have made in a long time .",positive
"Overall, I absolutely hate this product .",negative
"For me, What a wonderful experience today .",positive
I am very happy with the results right now.,positive
"Honestly, The meeting is scheduled for tomorrow .",neutral
"Today, The service was awful in my opinion.",negative
"For me, I really disliked this experience .",negative
"Honestly, Everything went completely wrong .",negative
"After trying it, This movie was fantastic .",positive
"Personally, I am very happy with the results .",positive
"Personally, Best purchase I have made in a long time .",positive
"Honestly, The team did an amazing job .",positive
"In my opinion, The company released a new announcement after trying it.",neutral
"Personally, The temperature is around 25 degrees .",neutral
"In my opinion, The event starts at 6 PM #review",neutral
"Honestly, The team did a terrible job",negative
"Personally, This update is awesome .",positive
"Just saying, I am impressed with the quality .",positive
"Overall, I highly recommend this honestly.",positive
"Overall, Everything went completely wrong #twitter",negative
"After trying it, Best purchase I have made in a long time today.",positive
This movie was fantastic in my opinion.,positive
"In my opinion, I highly recommend this .",positive
The package contains two items right now.,neutral
"After trying it, The results will be announced later .",neutral
I highly recommend this today.,positive
Such a horrible day .,negative
"Just saying, I absolutely love this product .",positive
"Right now, This is exactly what I wanted .",positive
"Right now, I really disliked this experience",negative
"Just saying, The report was published today honestly.",neutral
"Right now, This update is terrible .",negative
"Right now, I received the package this morning",neutral
"In my opinion, The team did an amazing job .",positive
"Just saying, Best purchase I have made in a long time after trying it.",positive
This movie was extremely boring .,negative
I received the package this morning .,neutral
"Personally, Absolutely fantastic experience in my opinion.",positive
"In my opinion, Everything worked perfectly .",positive
The meeting is scheduled for tomorrow #review,neutral
"In my opinion, This movie was fantastic .",positive
"Today, What a horrible experience today .",negative
"In my opinion, This movie was fantastic #twitter",positive
"Today, Absolutely awful experience right now.",negative
Feeling frustrated and disappointed today .,negative
"Honestly, This made my day so much better .",positive
"Overall, The new features are useless .",negative
"Right now, I really disliked this experience",negative
"Today, This is not what I wanted .",negative
"In my opinion, The event starts at 6 PM .",neutral
"In my opinion, I am satisfied with the results today.",positive
"Right now, Absolutely fantastic experience",positive
"Just saying, Such a horrible day in my opinion.",negative
"Just saying, The team did an amazing job",positive
"Right now, I watched the latest episode .",neutral
"Just saying, The train arrived at the station today.",neutral
"Just saying, Such a horrible day .",negative
"Right now, I am satisfied with the results .",positive
"After trying it, Best purchase I have made in a long time right now.",positive
"Overall, Such a beautiful day today.",positive
"Today, Absolutely awful experience today.",negative
The train arrived at the station .,neutral
"Personally, Everything worked perfectly",positive
"In my opinion, I really enjoyed this experience .",positive
"Right now, The train arrived at the station #review",neutral
"Personally, I highly recommend this #review",positive
"After trying it, I highly recommend this",positive
"In my opinion, This movie was fantastic after trying it.",positive
"After trying it, The team will meet next week .",neutral
The new features are useless right now.,negative
"Today, Absolutely fantastic experience",positive
"Honestly, The application has been updated .",neutral
"Honestly, This made my day much worse today.",negative
"Personally, Everything worked perfectly",positive
"Overall, The new features are brilliant",positive
"Honestly, I am unhappy with the results .",negative
"After trying it, This made my day so much better #review",positive
Absolutely awful experience .,negative
"Personally, The package contains two items .",neutral
"For me, Best purchase I have made in a long time #twitter",positive
"Honestly, The service was excellent right now.",positive
"Overall, I am very disappointed with the results .",negative
"Honestly, The flight is scheduled for Monday .",neutral
"Today, The store opens at 9 AM after trying it.",neutral
"Personally, This movie was extremely boring .",negative
"In my opinion, This movie was extremely boring .",negative
"Personally, I am reading the news right now #twitter",neutral
"Honestly, This made my day much worse in my opinion.",negative
"Right now, This is terrible and does not work .",negative
"Just saying, Everything went completely wrong today.",negative
"For me, Everything went completely wrong .",negative
"Right now, This is exactly what I wanted .",positive
"For me, I am very happy with the results right now.",positive
"After trying it, I am reading the news right now .",neutral
Feeling frustrated and disappointed today .,negative
"Just saying, Absolutely awful experience .",negative
"After trying it, The package contains two items after trying it.",neutral
"After trying it, The weather is cloudy today #twitter",neutral
"For me, This update is terrible .",negative
"Overall, The service was excellent .",positive
Absolutely awful experience #review,negative
"Personally, I am checking the latest information .",neutral
"After trying it, I received the package this morning .",neutral
"For me, The service was awful .",negative
"Personally, This made my day much worse honestly.",negative
"Personally, I am reading the news right now after trying it.",neutral
"Personally, I am satisfied with the results today.",positive
"Just saying, I highly recommend this .",positive
"Today, The service was excellent right now.",positive
"In my opinion, The flight is scheduled for Monday .",neutral
"Just saying, I am satisfied with the results #twitter",positive
"For me, This made my day much worse in my opinion.",negative
"Today, The package contains two items .",neutral
I would not recommend this .,negative
"For me, This is terrible and does not work",negative
"Today, Absolutely awful experience .",negative
"Personally, The service was awful after trying it.",negative
"Personally, I absolutely love this product right now.",positive
"Overall, I really enjoyed this experience #twitter",positive
"Just saying, This made my day so much better right now.",positive
"Overall, Worst purchase I have made .",negative
"Right now, The website is currently available .",neutral
"Overall, The service was awful .",negative
"Right now, I really enjoyed this experience .",positive
"Overall, This made my day so much better .",positive
"Honestly, The train arrived at the station .",neutral
"Honestly, This update is terrible .",negative
"After trying it, I am reading the news right now today.",neutral
"Overall, This movie was extremely boring .",negative
"In my opinion, This is not what I wanted #review",negative
"Right now, What a horrible experience today",negative
"Today, The team did a terrible job",negative
"Right now, The train arrived at the station today.",neutral
"Honestly, I am satisfied with the results in my opinion.",positive
"Honestly, The team will meet next week",neutral
"Right now, The new features are brilliant .",positive
"After trying it, Feeling frustrated and disappointed today #review",negative
"After trying it, I am very disappointed with the results .",negative
"Honestly, The new features are brilliant .",positive
"Today, I really disliked this experience #twitter",negative
"Honestly, The class begins at 10 AM right now.",neutral
"Today, The package contains two items today.",neutral
"Honestly, Everything worked perfectly .",positive
"Overall, I am reading the news right now right now.",neutral
"Today, Absolutely awful experience .",negative
"Honestly, Worst purchase I have made today.",negative
"Overall, This movie was fantastic #review",positive
"In my opinion, The weather is cloudy today .",neutral
"Right now, The store opens at 9 AM .",neutral
"Overall, I am very disappointed with the results .",negative
"After trying it, Worst purchase I have made #review",negative
"After trying it, I am very happy with the results #twitter",positive
"After trying it, Everything went completely wrong #twitter",negative
"Personally, I highly recommend this .",positive
"In my opinion, The package contains two items #review",neutral
"Right now, I received the package this morning .",neutral
"For me, The application has been updated in my opinion.",neutral
"Overall, I absolutely love this product .",positive
"Personally, I really disliked this experience .",negative
"In my opinion, Feeling great and positive today",positive
I really disliked this experience .,negative
"Personally, The report was published today #review",neutral
"Personally, Absolutely fantastic experience .",positive
The class begins at 10 AM in my opinion.,neutral
What a horrible experience today,negative
"Today, This is not what I wanted .",negative
"Right now, I am unhappy with the results #twitter",negative
"For me, The service was excellent .",positive
"For me, This movie was extremely boring honestly.",negative
"For me, The flight is scheduled for Monday",neutral
"Just saying, I am impressed with the quality honestly.",positive
"Overall, The report was published today today.",neutral
"After trying it, I absolutely love this product .",positive
"Overall, This is exactly what I wanted .",positive
"Personally, The package contains two items .",neutral
"Honestly, I am reading the news right now .",neutral
"Personally, This is amazing and works perfectly .",positive
"After trying it, The weather is cloudy today #review",neutral
"Honestly, The store opens at 9 AM .",neutral
"After trying it, The service was excellent .",positive
"Today, What a wonderful experience today .",positive
"Just saying, The class begins at 10 AM .",neutral
"Today, Best purchase I have made in a long time today.",positive
"For me, This is not what I wanted in my opinion.",negative
"For me, The temperature is around 25 degrees in my opinion.",neutral
"For me, The package contains two items .",neutral
"In my opinion, This made my day much worse",negative
"Honestly, Worst purchase I have made .",negative
"In my opinion, The temperature is around 25 degrees .",neutral
Such a beautiful day in my opinion.,positive
"Honestly, This update is awesome .",positive
"Right now, The results will be announced later .",neutral
"In my opinion, The service was awful #review",negative
"Today, Such a beautiful day .",positive
"Overall, The package contains two items .",neutral
I am satisfied with the results .,positive
"Overall, Feeling frustrated and disappointed today in my opinion.",negative
"For me, This is not what I wanted .",negative
"Today, What a horrible experience today #twitter",negative
"In my opinion, I really enjoyed this experience honestly.",positive
"In my opinion, Everything went completely wrong in my opinion.",negative
"Just saying, Everything worked perfectly .",positive
"After trying it, The service was excellent #review",positive
"Honestly, The application has been updated in my opinion.",neutral
"Today, The application has been updated in my opinion.",neutral
"Overall, This update is terrible #twitter",negative
"Just saying, The package contains two items after trying it.",neutral
"Today, Worst purchase I have made #twitter",negative
"Overall, I am unhappy with the results .",negative
"Just saying, This movie was fantastic .",positive
"In my opinion, Everything went completely wrong #review",negative
"After trying it, Feeling frustrated and disappointed today #review",negative
I highly recommend this in my opinion.,positive
"Today, This movie was fantastic .",positive
"Overall, Absolutely fantastic experience .",positive
"After trying it, I absolutely hate this product after trying it.",negative
"Personally, I am unhappy with the results .",negative
"Just saying, This update is terrible right now.",negative
"In my opinion, Feeling great and positive today .",positive
I am very happy with the results .,positive
The weather is cloudy today honestly.,neutral
"Overall, This update is terrible after trying it.",negative
"After trying it, The website is currently available #twitter",neutral
"Today, I absolutely hate this product .",negative
"Right now, I am disappointed with the quality .",negative
"For me, This made my day so much better after trying it.",positive
"In my opinion, Everything went completely wrong .",negative
"In my opinion, I would not recommend this .",negative
"Just saying, I watched the latest episode today.",neutral
"In my opinion, The service was awful",negative
"In my opinion, Everything worked perfectly honestly.",positive
"Personally, I am satisfied with the results .",positive
"After trying it, I watched the latest episode .",neutral
"Just saying, I received the package this morning .",neutral
"Overall, This movie was extremely boring",negative
"In my opinion, Absolutely fantastic experience after trying it.",positive
"Just saying, I watched the latest episode .",neutral
"Honestly, I really enjoyed this experience #twitter",positive
"Personally, The team did a terrible job",negative
"For me, I am impressed with the quality",positive
"For me, The product is available in three colors #review",neutral
"For me, This made my day so much better .",positive
"After trying it, I am impressed with the quality .",positive
"After trying it, This is amazing and works perfectly honestly.",positive
"Overall, What a horrible experience today .",negative
"Overall, This is not what I wanted",negative
Feeling frustrated and disappointed today .,negative
"Just saying, The new features are useless after trying it.",negative
"Overall, Absolutely fantastic experience .",positive
"For me, The package contains two items right now.",neutral
"Today, The team did a terrible job .",negative
"Personally, I highly recommend this #twitter",positive
"Just saying, This is not what I wanted today.",negative
"Honestly, This is terrible and does not work in my opinion.",negative
"Just saying, Worst purchase I have made .",negative
"Today, The company released a new announcement #twitter",neutral
"Just saying, The application has been updated right now.",neutral
"In my opinion, The event starts at 6 PM .",neutral
This update is awesome after trying it.,positive
"Honestly, The results will be announced later .",neutral
"For me, I am satisfied with the results right now.",positive
"In my opinion, I am very disappointed with the results .",negative
"Overall, This is not what I wanted .",negative
"Right now, The service was awful .",negative
"In my opinion, The class begins at 10 AM .",neutral
"After trying it, The event starts at 6 PM .",neutral
"After trying it, I am very disappointed with the results after trying it.",negative
"Overall, I absolutely love this product .",positive
"Honestly, The company released a new announcement honestly.",neutral
The class begins at 10 AM .,neutral
"Overall, I am very disappointed with the results #review",negative
"In my opinion, I highly recommend this #twitter",positive
"Just saying, I am very happy with the results right now.",positive
"Overall, This made my day so much better",positive
"Just saying, This update is awesome .",positive
"For me, I am disappointed with the quality .",negative
"For me, I received the package this morning #review",neutral
"Today, The application has been updated #review",neutral
"Just saying, I really enjoyed this experience .",positive
"Right now, The temperature is around 25 degrees .",neutral
"In my opinion, This is exactly what I wanted in my opinion.",positive
"For me, The service was excellent",positive
"For me, This is not what I wanted",negative
"For me, I am disappointed with the quality .",negative
"Right now, This made my day so much better today.",positive
"Personally, I would not recommend this .",negative
"Right now, What a horrible experience today #review",negative
"In my opinion, I absolutely love this product #twitter",positive
"Right now, This is terrible and does not work .",negative
"In my opinion, The flight is scheduled for Monday #review",neutral
"In my opinion, The results will be announced later .",neutral
"For me, I am very happy with the results #twitter",positive
"In my opinion, Worst purchase I have made .",negative
"After trying it, This is not what I wanted .",negative
"Overall, Everything went completely wrong right now.",negative
"Personally, The new features are useless after trying it.",negative
"For me, The flight is scheduled for Monday right now.",neutral
"In my opinion, I am very disappointed with the results",negative
"Just saying, Absolutely fantastic experience #review",positive
"Just saying, I really disliked this experience .",negative
"After trying it, I would not recommend this #twitter",negative
"For me, This is terrible and does not work in my opinion.",negative
This update is terrible .,negative
"In my opinion, I am impressed with the quality .",positive
"Overall, I would not recommend this after trying it.",negative
"In my opinion, The new features are useless after trying it.",negative
"Honestly, The product is available in three colors in my opinion.",neutral
"In my opinion, This is terrible and does not work .",negative
"Overall, Absolutely awful experience .",negative
"Today, The team will meet next week #twitter",neutral
"After trying it, Everything worked perfectly .",positive
"Just saying, I highly recommend this .",positive
"Honestly, I highly recommend this .",positive
Such a beautiful day .,positive
"Personally, The store opens at 9 AM .",neutral
The team did a terrible job,negative
"Today, The temperature is around 25 degrees after trying it.",neutral
"Today, Best purchase I have made in a long time in my opinion.",positive
"After trying it, The new features are brilliant #review",positive
"Honestly, I absolutely love this product .",positive
"Just saying, I really enjoyed this experience honestly.",positive
"Today, The team did an amazing job honestly.",positive
"For me, Absolutely awful experience #review",negative
"Honestly, This movie was extremely boring after trying it.",negative
"Today, The website is currently available .",neutral
"For me, This is exactly what I wanted after trying it.",positive
"Today, I absolutely love this product .",positive
"For me, I received the package this morning today.",neutral
"Personally, I watched the latest episode",neutral
"Personally, The team did a terrible job .",negative
"Right now, I absolutely hate this product .",negative
"Honestly, I received the package this morning .",neutral
"Overall, I am impressed with the quality #review",positive
"After trying it, I am reading the news right now",neutral
"For me, This movie was fantastic in my opinion.",positive
"Just saying, The company released a new announcement .",neutral
"After trying it, The new features are useless honestly.",negative
"Honestly, Worst purchase I have made .",negative
"Just saying, Everything went completely wrong in my opinion.",negative
"In my opinion, I am very happy with the results right now.",positive
"Honestly, This is amazing and works perfectly #review",positive
"Honestly, This made my day so much better honestly.",positive
"Personally, The package contains two items right now.",neutral
"In my opinion, This update is awesome after trying it.",positive
"Personally, Worst purchase I have made honestly.",negative
"For me, I really enjoyed this experience .",positive
"In my opinion, I am reading the news right now in my opinion.",neutral
"Today, I am reading the news right now",neutral
"Overall, The website is currently available .",neutral
"Overall, Absolutely awful experience #twitter",negative
"Just saying, Feeling great and positive today right now.",positive
"Personally, Feeling frustrated and disappointed today .",negative
"For me, Worst purchase I have made #review",negative
"Just saying, The team will meet next week right now.",neutral
The event starts at 6 PM .,neutral
"Just saying, I really disliked this experience .",negative
"After trying it, This is exactly what I wanted .",positive
"Honestly, This is not what I wanted",negative
"In my opinion, I am impressed with the quality #review",positive
"For me, I would not recommend this .",negative
"Today, This made my day so much better",positive
"For me, The class begins at 10 AM .",neutral
"For me, The flight is scheduled for Monday",neutral
"For me, The temperature is around 25 degrees .",neutral
"In my opinion, I am unhappy with the results in my opinion.",negative
"Just saying, The class begins at 10 AM .",neutral
What a horrible experience today,negative
"Honestly, Everything went completely wrong .",negative
"For me, The event starts at 6 PM #review",neutral
"For me, The service was awful .",negative
"Right now, What a horrible experience today honestly.",negative
This is amazing and works perfectly .,positive
"Personally, I am reading the news right now .",neutral
"Overall, The train arrived at the station .",neutral
"Overall, The new features are useless today.",negative
I am checking the latest information honestly.,neutral
"For me, The train arrived at the station in my opinion.",neutral
The report was published today .,neutral
"Just saying, The package contains two items today.",neutral
"For me, I highly recommend this .",positive
"Honestly, I would not recommend this .",negative
"Overall, Such a beautiful day honestly.",positive
"In my opinion, The company released a new announcement today.",neutral
"Honestly, This is amazing and works perfectly right now.",positive
"Honestly, What a horrible experience today .",negative
"After trying it, Worst purchase I have made after trying it.",negative
"After trying it, This is not what I wanted in my opinion.",negative
"Honestly, I absolutely hate this product #review",negative
The product is available in three colors honestly.,neutral
"Personally, What a horrible experience today .",negative
This is amazing and works perfectly .,positive
"Just saying, This movie was fantastic",positive
"In my opinion, Everything went completely wrong .",negative
"Honestly, I am impressed with the quality .",positive
"Right now, I received the package this morning .",neutral
This is terrible and does not work #twitter,negative
"Right now, The event starts at 6 PM .",neutral
"Honestly, The class begins at 10 AM .",neutral
"In my opinion, The results will be announced later .",neutral
"Personally, What a wonderful experience today #review",positive
"Just saying, The flight is scheduled for Monday today.",neutral
"Just saying, I really disliked this experience .",negative
"Honestly, What a horrible experience today honestly.",negative
"Right now, The weather is cloudy today .",neutral
"Overall, This is amazing and works perfectly .",positive
"In my opinion, I would not recommend this in my opinion.",negative
The store opens at 9 AM right now.,neutral
"Honestly, I highly recommend this .",positive
"Right now, I am satisfied with the results",positive
"Today, I am very happy with the results #review",positive
"In my opinion, I am checking the latest information .",neutral
"Right now, This is terrible and does not work right now.",negative
"Today, The results will be announced later #twitter",neutral
"After trying it, I am checking the latest information .",neutral
"Personally, I would not recommend this .",negative
"Right now, I watched the latest episode in my opinion.",neutral
"Today, This is exactly what I wanted .",positive
"Right now, I watched the latest episode",neutral
"Personally, This update is terrible honestly.",negative
"Overall, This made my day so much better",positive
"Honestly, The weather is cloudy today .",neutral
"Overall, I am satisfied with the results today.",positive
"Overall, I absolutely hate this product honestly.",negative
"Just saying, I am very disappointed with the results #twitter",negative
"After trying it, The new features are brilliant .",positive
"In my opinion, What a wonderful experience today #twitter",positive
"Overall, Such a beautiful day .",positive
I am reading the news right now .,neutral
"Honestly, I am unhappy with the results after trying it.",negative
"Honestly, I really enjoyed this experience .",positive
"Just saying, I am disappointed with the quality #review",negative
"After trying it, I highly recommend this right now.",positive
"Honestly, Such a beautiful day .",positive
"In my opinion, What a wonderful experience today #twitter",positive
"For me, What a horrible experience today after trying it.",negative
"Overall, The team did a terrible job .",negative
"In my opinion, The product is available in three colors .",neutral
"After trying it, What a horrible experience today #twitter",negative
"For me, The new features are brilliant honestly.",positive
"After trying it, The class begins at 10 AM",neutral
"Right now, This is amazing and works perfectly in my opinion.",positive
"Honestly, This movie was extremely boring .",negative
"Personally, This is not what I wanted",negative
The class begins at 10 AM .,neutral
"Honestly, I absolutely hate this product .",negative
"Personally, I watched the latest episode .",neutral
"Right now, The team did an amazing job .",positive
"After trying it, This is terrible and does not work #review",negative
"Personally, The report was published today .",neutral
"After trying it, The new features are brilliant after trying it.",positive
"Right now, The meeting is scheduled for tomorrow .",neutral
"Overall, The store opens at 9 AM .",neutral
"Just saying, Absolutely fantastic experience after trying it.",positive
"Today, Feeling great and positive today .",positive
"Just saying, The website is currently available .",neutral
"Overall, I am reading the news right now .",neutral
"Overall, The weather is cloudy today right now.",neutral
"Just saying, I absolutely hate this product in my opinion.",negative
"Honestly, I am very happy with the results in my opinion.",positive
"Honestly, The temperature is around 25 degrees #twitter",neutral
"Right now, I really disliked this experience after trying it.",negative
"Just saying, This movie was extremely boring in my opinion.",negative
"Today, The weather is cloudy today after trying it.",neutral
"Personally, The flight is scheduled for Monday .",neutral
"Honestly, The class begins at 10 AM .",neutral
"Honestly, Feeling frustrated and disappointed today",negative
"Right now, The train arrived at the station #twitter",neutral
Absolutely awful experience in my opinion.,negative
"For me, The store opens at 9 AM .",neutral
"Today, What a wonderful experience today .",positive
"Right now, The product is available in three colors #twitter",neutral
The team did an amazing job #review,positive
"Personally, I am disappointed with the quality honestly.",negative
This made my day so much better .,positive
"Personally, The report was published today .",neutral
"Today, Absolutely fantastic experience .",positive
"After trying it, The team will meet next week right now.",neutral
"Overall, The weather is cloudy today #review",neutral
"Right now, Feeling great and positive today #twitter",positive
"Overall, I am checking the latest information",neutral
"Right now, Worst purchase I have made .",negative
"Personally, The results will be announced later honestly.",neutral
"For me, Feeling frustrated and disappointed today .",negative
The new features are brilliant .,positive
I am very disappointed with the results #twitter,negative
"After trying it, The new features are brilliant right now.",positive
"After trying it, I am satisfied with the results .",positive
"Overall, What a wonderful experience today right now.",positive
"Today, Such a beautiful day .",positive
"For me, The company released a new announcement right now.",neutral
"Today, The results will be announced later .",neutral
"Honestly, I absolutely hate this product .",negative
"Honestly, This update is awesome .",positive
"Honestly, Such a beautiful day .",positive
"Overall, The store opens at 9 AM .",neutral
The train arrived at the station .,neutral
"For me, The store opens at 9 AM .",neutral
"For me, This is not what I wanted .",negative
"For me, The train arrived at the station #twitter",neutral
"Just saying, The store opens at 9 AM .",neutral
"Right now, The website is currently available right now.",neutral
"Overall, This is amazing and works perfectly .",positive
"For me, The application has been updated .",neutral
"Personally, This movie was extremely boring right now.",negative
"Just saying, Feeling frustrated and disappointed today .",negative
The results will be announced later .,neutral
"Overall, The application has been updated .",neutral
This movie was fantastic .,positive
"Honestly, I absolutely hate this product .",negative
"Overall, I am satisfied with the results .",positive
This update is terrible .,negative
"For me, This movie was fantastic after trying it.",positive
"Just saying, I am impressed with the quality today.",positive
"For me, I am checking the latest information .",neutral
"Today, I am checking the latest information .",neutral
"Today, I am unhappy with the results #twitter",negative
"In my opinion, This made my day much worse .",negative
"Right now, The store opens at 9 AM in my opinion.",neutral
"Today, This movie was extremely boring .",negative
"Today, The application has been updated .",neutral
"After trying it, I am very disappointed with the results right now.",negative
"In my opinion, The new features are brilliant .",positive
"For me, I highly recommend this in my opinion.",positive
The company released a new announcement .,neutral
"Today, The event starts at 6 PM .",neutral
"Personally, I absolutely hate this product .",negative
"For me, I would not recommend this .",negative
"In my opinion, Such a horrible day .",negative
"After trying it, The application has been updated honestly.",neutral
"Right now, This made my day much worse right now.",negative
This movie was fantastic honestly.,positive
"In my opinion, The service was excellent .",positive
"Today, The company released a new announcement .",neutral
"In my opinion, I absolutely hate this product .",negative
"Just saying, The website is currently available .",neutral
"In my opinion, The new features are useless .",negative
"Just saying, I am very happy with the results .",positive
"Honestly, I absolutely love this product after trying it.",positive
"In my opinion, I received the package this morning in my opinion.",neutral
"Today, Feeling great and positive today .",positive
"Right now, This movie was fantastic right now.",positive
"For me, Such a beautiful day",positive
"Personally, I am impressed with the quality .",positive
"Personally, I am unhappy with the results .",negative
"Right now, The application has been updated .",neutral
"For me, This update is terrible .",negative
"Right now, This update is terrible .",negative
"Honestly, This is terrible and does not work after trying it.",negative
"Today, What a horrible experience today honestly.",negative
"Honestly, I really disliked this experience",negative
This is exactly what I wanted #twitter,positive
"Personally, I watched the latest episode today.",neutral
"Honestly, I received the package this morning today.",neutral
"Honestly, What a wonderful experience today #review",positive
"Today, Absolutely fantastic experience .",positive
"Overall, Everything worked perfectly",positive
"After trying it, This movie was extremely boring honestly.",negative
"After trying it, The new features are brilliant .",positive
"In my opinion, The store opens at 9 AM .",neutral
"In my opinion, I am very disappointed with the results .",negative
"Honestly, Feeling great and positive today",positive
"Honestly, This is not what I wanted right now.",negative
"Personally, I am impressed with the quality .",positive
"Personally, The flight is scheduled for Monday .",neutral
"Overall, This is amazing and works perfectly .",positive
"After trying it, The results will be announced later #twitter",neutral
"Today, I absolutely love this product right now.",positive
"After trying it, This update is awesome right now.",positive
"Personally, Everything went completely wrong #review",negative
"Just saying, The weather is cloudy today .",neutral
"Today, What a horrible experience today after trying it.",negative
"Honestly, The website is currently available in my opinion.",neutral
I am satisfied with the results right now.,positive
"Just saying, The team will meet next week honestly.",neutral
"Just saying, The service was excellent .",positive
"Just saying, The flight is scheduled for Monday in my opinion.",neutral
"After trying it, Feeling great and positive today",positive
"Just saying, The event starts at 6 PM",neutral
"Right now, Everything worked perfectly today.",positive
"In my opinion, The website is currently available today.",neutral
"Honestly, The team will meet next week in my opinion.",neutral
"Today, The event starts at 6 PM .",neutral
"Overall, What a wonderful experience today .",positive
The temperature is around 25 degrees .,neutral
"After trying it, I am satisfied with the results .",positive
"Personally, I watched the latest episode today.",neutral
"For me, Such a beautiful day .",positive
"For me, The results will be announced later honestly.",neutral
"Right now, I am disappointed with the quality .",negative
"Today, This movie was extremely boring .",negative
The event starts at 6 PM #review,neutral
"Honestly, The company released a new announcement .",neutral
"Honestly, Worst purchase I have made .",negative
"After trying it, Feeling frustrated and disappointed today after trying it.",negative
The team did an amazing job .,positive
"Right now, I watched the latest episode .",neutral
"Honestly, This movie was fantastic .",positive
"Overall, The company released a new announcement .",neutral
"Personally, The website is currently available .",neutral
"After trying it, Everything went completely wrong in my opinion.",negative
"Overall, The team did a terrible job .",negative
"After trying it, I am reading the news right now .",neutral
"Honestly, I received the package this morning in my opinion.",neutral
"In my opinion, The product is available in three colors .",neutral
"Honestly, I am disappointed with the quality .",negative
"For me, Worst purchase I have made honestly.",negative
"Right now, This made my day much worse in my opinion.",negative
"Honestly, This movie was fantastic today.",positive
"In my opinion, I watched the latest episode .",neutral
"For me, What a wonderful experience today honestly.",positive
"Overall, I absolutely love this product .",positive
"Just saying, The train arrived at the station .",neutral
"Personally, Such a beautiful day .",positive
"After trying it, Feeling frustrated and disappointed today .",negative
"In my opinion, The temperature is around 25 degrees .",neutral
"Today, I am very happy with the results .",positive
"Just saying, This movie was extremely boring .",negative
"After trying it, I am impressed with the quality .",positive
"For me, Everything went completely wrong in my opinion.",negative
"After trying it, I am very disappointed with the results .",negative
"After trying it, I highly recommend this honestly.",positive
"Just saying, This made my day so much better .",positive
"Today, The team did a terrible job honestly.",negative
"Honestly, Such a beautiful day in my opinion.",positive
"Today, The event starts at 6 PM today.",neutral
"Just saying, This movie was extremely boring #review",negative
"Right now, Feeling great and positive today #review",positive
"Honestly, What a wonderful experience today right now.",positive
"Right now, Feeling great and positive today .",positive
"For me, Everything went completely wrong after trying it.",negative
"Honestly, I absolutely love this product .",positive
"Just saying, I am unhappy with the results",negative
"Right now, Such a beautiful day after trying it.",positive
"Today, I am checking the latest information right now.",neutral
"Personally, The meeting is scheduled for tomorrow honestly.",neutral
"Today, The service was awful .",negative
"Honestly, The temperature is around 25 degrees today.",neutral
"Right now, I am very disappointed with the results .",negative
"Personally, Everything worked perfectly after trying it.",positive
"In my opinion, Feeling great and positive today .",positive
"Personally, This is terrible and does not work .",negative
Feeling great and positive today,positive
"Just saying, I highly recommend this .",positive
"After trying it, This made my day so much better .",positive
"Overall, I really enjoyed this experience in my opinion.",positive
"For me, What a horrible experience today honestly.",negative
"Just saying, The store opens at 9 AM .",neutral
This update is awesome after trying it.,positive
"Honestly, This update is awesome after trying it.",positive
"Honestly, I received the package this morning in my opinion.",neutral
"Honestly, This is not what I wanted .",negative
"Right now, Such a beautiful day after trying it.",positive
"Personally, Feeling frustrated and disappointed today .",negative
"In my opinion, The train arrived at the station honestly.",neutral
"For me, The store opens at 9 AM right now.",neutral
"Personally, The service was excellent .",positive
"Personally, The meeting is scheduled for tomorrow",neutral
"For me, The team will meet next week right now.",neutral
The class begins at 10 AM honestly.,neutral
"Just saying, The team did an amazing job after trying it.",positive
"Just saying, The team did a terrible job in my opinion.",negative
"Personally, I received the package this morning .",neutral
"Today, Such a beautiful day today.",positive
The team did an amazing job #twitter,positive
"Honestly, What a horrible experience today .",negative
"Today, The website is currently available honestly.",neutral
"Today, This made my day so much better honestly.",positive
"Today, The team did a terrible job .",negative
"Overall, This update is awesome .",positive
"Personally, This is not what I wanted right now.",negative
"In my opinion, This made my day so much better .",positive
"Just saying, Everything worked perfectly after trying it.",positive
Feeling frustrated and disappointed today right now.,negative
"In my opinion, The new features are useless .",negative
"Personally, Everything worked perfectly .",positive
"Just saying, This update is awesome right now.",positive
This made my day so much better honestly.,positive
"Personally, I highly recommend this right now.",positive
"Right now, This is amazing and works perfectly today.",positive
"Just saying, This is exactly what I wanted .",positive
"Personally, I watched the latest episode .",neutral
"Just saying, The team did an amazing job #twitter",positive
"Today, I absolutely hate this product .",negative
"Overall, This is amazing and works perfectly .",positive
"Personally, The service was awful .",negative
"For me, Best purchase I have made in a long time #twitter",positive
"Personally, This made my day much worse .",negative
"Overall, I received the package this morning .",neutral
I am impressed with the quality right now.,positive
"In my opinion, The team did a terrible job .",negative
The package contains two items .,neutral
"Today, Absolutely awful experience today.",negative
"Just saying, I received the package this morning honestly.",neutral
The team did a terrible job today.,negative
"Right now, The application has been updated right now.",neutral
"After trying it, Everything worked perfectly #review",positive
"Right now, Best purchase I have made in a long time .",positive
The new features are brilliant honestly.,positive
"Personally, The results will be announced later",neutral
The service was awful in my opinion.,negative
"Overall, Feeling frustrated and disappointed today right now.",negative
"Honestly, The website is currently available .",neutral
"Just saying, The team did a terrible job after trying it.",negative
"For me, What a wonderful experience today #review",positive
This is amazing and works perfectly in my opinion.,positive
"Today, I would not recommend this right now.",negative
"Just saying, What a wonderful experience today .",positive
"Just saying, The class begins at 10 AM #twitter",neutral
"In my opinion, I highly recommend this in my opinion.",positive
"Honestly, I am satisfied with the results .",positive
"Honestly, I am disappointed with the quality .",negative
"Personally, The new features are useless .",negative
"Overall, Everything went completely wrong honestly.",negative
"In my opinion, I highly recommend this .",positive
"Overall, The team did an amazing job",positive
"Honestly, I absolutely love this product after trying it.",positive
"In my opinion, I am very happy with the results",positive
The new features are useless .,negative
"Personally, Such a horrible day honestly.",negative
"After trying it, Such a beautiful day .",positive
"Personally, Feeling frustrated and disappointed today .",negative
Feeling great and positive today in my opinion.,positive
"Personally, The store opens at 9 AM .",neutral
"Personally, Everything went completely wrong .",negative
What a horrible experience today after trying it.,negative
"Honestly, Such a beautiful day .",positive
"Honestly, I am satisfied with the results right now.",positive
"In my opinion, I absolutely hate this product #review",negative
"Honestly, I am disappointed with the quality #twitter",negative
"After trying it, The new features are useless .",negative
"Right now, The product is available in three colors .",neutral
"For me, This is not what I wanted .",negative
"Personally, This is amazing and works perfectly .",positive
"Today, I received the package this morning #review",neutral
"Just saying, The team will meet next week honestly.",neutral
"Today, The temperature is around 25 degrees .",neutral
"For me, I am unhappy with the results today.",negative
"Honestly, The results will be announced later in my opinion.",neutral
"After trying it, The new features are useless .",negative
"Just saying, I am checking the latest information .",neutral
"For me, This is not what I wanted .",negative
I am disappointed with the quality .,negative
"Personally, Everything went completely wrong .",negative
"After trying it, The application has been updated #review",neutral
"Right now, The team will meet next week honestly.",neutral
"Today, I absolutely love this product .",positive
"After trying it, The report was published today",neutral
"Personally, Feeling frustrated and disappointed today",negative
"After trying it, Such a horrible day #review",negative
"Overall, The store opens at 9 AM .",neutral
"After trying it, The class begins at 10 AM .",neutral
"Just saying, I am satisfied with the results",positive
"Right now, Feeling great and positive today #review",positive
"Honestly, Feeling frustrated and disappointed today in my opinion.",negative
"Right now, The flight is scheduled for Monday .",neutral
"Today, Worst purchase I have made .",negative
"Overall, This update is terrible today.",negative
"Honestly, The new features are useless right now.",negative
"Overall, I am impressed with the quality .",positive
"Personally, I am satisfied with the results honestly.",positive
"Just saying, The results will be announced later right now.",neutral
"Right now, Absolutely fantastic experience honestly.",positive
I watched the latest episode .,neutral
"Honestly, I really disliked this experience .",negative
"In my opinion, Feeling frustrated and disappointed today right now.",negative
"In my opinion, The team will meet next week #twitter",neutral
"After trying it, I am reading the news right now in my opinion.",neutral
"For me, I am checking the latest information #twitter",neutral
I am very happy with the results in my opinion.,positive
The team did a terrible job #review,negative
"Just saying, The weather is cloudy today after trying it.",neutral
Feeling frustrated and disappointed today today.,negative
"Honestly, The class begins at 10 AM #review",neutral
"Personally, Feeling great and positive today in my opinion.",positive
"Overall, Such a beautiful day after trying it.",positive
"Personally, I absolutely love this product .",positive
"Right now, The class begins at 10 AM honestly.",neutral
"In my opinion, Such a beautiful day today.",positive
"Just saying, Best purchase I have made in a long time .",positive
"Just saying, This made my day so much better .",positive
"Right now, I am reading the news right now .",neutral
"Personally, This update is terrible .",negative
"After trying it, The new features are useless in my opinion.",negative
Absolutely awful experience .,negative
"Right now, Everything went completely wrong in my opinion.",negative
The company released a new announcement in my opinion.,neutral
The flight is scheduled for Monday .,neutral
"Right now, I watched the latest episode .",neutral
Worst purchase I have made .,negative
"Personally, Best purchase I have made in a long time right now.",positive
"Right now, I received the package this morning honestly.",neutral
"Overall, The report was published today honestly.",neutral
"In my opinion, Such a beautiful day .",positive
"Just saying, This movie was extremely boring .",negative
"Right now, I would not recommend this .",negative
"Right now, I really enjoyed this experience .",positive
"Overall, This is exactly what I wanted .",positive
"Right now, The store opens at 9 AM after trying it.",neutral
"Overall, The team did a terrible job .",negative
"Personally, This update is awesome .",positive
"In my opinion, I absolutely hate this product in my opinion.",negative
"Honestly, The service was awful today.",negative
"For me, The flight is scheduled for Monday in my opinion.",neutral
The team will meet next week after trying it.,neutral
"Overall, I really disliked this experience .",negative
"Overall, Absolutely fantastic experience after trying it.",positive
"Personally, The package contains two items .",neutral
"Just saying, What a horrible experience today .",negative
"For me, I really disliked this experience #twitter",negative
"Just saying, I highly recommend this right now.",positive
Feeling great and positive today right now.,positive
"Today, This is terrible and does not work",negative
"Overall, The product is available in three colors .",neutral
"For me, This movie was extremely boring .",negative
"Right now, The meeting is scheduled for tomorrow #review",neutral
"Personally, The flight is scheduled for Monday .",neutral
"Personally, I would not recommend this after trying it.",negative
"After trying it, Such a horrible day .",negative
"For me, I am impressed with the quality",positive
"Honestly, This is terrible and does not work honestly.",negative
"Overall, I would not recommend this #twitter",negative
"Honestly, I highly recommend this in my opinion.",positive
"Right now, The new features are brilliant honestly.",positive
"Right now, Worst purchase I have made .",negative
"Overall, I really enjoyed this experience .",positive
"Just saying, This update is terrible .",negative
"After trying it, Feeling great and positive today .",positive
"Right now, The website is currently available #twitter",neutral
"After trying it, The team did a terrible job in my opinion.",negative
"Personally, The company released a new announcement in my opinion.",neutral
"After trying it, This movie was fantastic .",positive
"Personally, I am very happy with the results honestly.",positive
"Today, The product is available in three colors honestly.",neutral
"For me, Feeling great and positive today .",positive
"Just saying, The new features are brilliant .",positive
"In my opinion, Such a beautiful day .",positive
"Today, This update is terrible honestly.",negative
"Honestly, The report was published today .",neutral
This is not what I wanted #twitter,negative
"Personally, I am unhappy with the results #review",negative
"After trying it, I am disappointed with the quality .",negative
"Right now, Best purchase I have made in a long time right now.",positive
"Honestly, This update is awesome #review",positive
"Today, I absolutely hate this product .",negative
"After trying it, The flight is scheduled for Monday .",neutral
"Overall, The service was excellent .",positive
"Personally, Absolutely awful experience in my opinion.",negative
"Honestly, This movie was extremely boring in my opinion.",negative
I really enjoyed this experience .,positive
"For me, This update is awesome .",positive
"Overall, The report was published today #review",neutral
"Honestly, This is not what I wanted today.",negative
"Today, This movie was extremely boring .",negative
"Personally, This made my day much worse #twitter",negative
"For me, The application has been updated in my opinion.",neutral
"Today, I am very happy with the results right now.",positive
"After trying it, What a wonderful experience today honestly.",positive
"Overall, I highly recommend this .",positive
"Overall, I am reading the news right now today.",neutral
"Honestly, Best purchase I have made in a long time .",positive
"Honestly, Absolutely fantastic experience in my opinion.",positive
"For me, I am reading the news right now right now.",neutral
"Just saying, I received the package this morning honestly.",neutral
"Honestly, The company released a new announcement .",neutral
"Overall, The report was published today .",neutral
"Overall, The train arrived at the station .",neutral
"Just saying, Everything worked perfectly .",positive
"Right now, The store opens at 9 AM #review",neutral
"Overall, Absolutely fantastic experience .",positive
"In my opinion, The store opens at 9 AM after trying it.",neutral
"Right now, This movie was fantastic .",positive
"Right now, The weather is cloudy today .",neutral
"For me, The results will be announced later .",neutral
"Right now, This movie was fantastic",positive
"Today, I highly recommend this .",positive
The product is available in three colors after trying it.,neutral
"Today, The team will meet next week honestly.",neutral
"Overall, Best purchase I have made in a long time #review",positive
"Right now, This update is awesome .",positive
"Right now, Such a horrible day .",negative
"Right now, I am unhappy with the results",negative
"Today, I am checking the latest information .",neutral
"After trying it, I am disappointed with the quality .",negative
"Today, The new features are useless in my opinion.",negative
"Honestly, What a wonderful experience today today.",positive
I really disliked this experience in my opinion.,negative
"For me, I highly recommend this honestly.",positive
"For me, Absolutely awful experience .",negative
The train arrived at the station today.,neutral
"After trying it, I absolutely hate this product .",negative
"For me, I would not recommend this after trying it.",negative
"Personally, I am very disappointed with the results .",negative
"After trying it, Absolutely fantastic experience .",positive
"Personally, This made my day so much better .",positive
I am very happy with the results .,positive
"Today, The store opens at 9 AM after trying it.",neutral
"Overall, I am very disappointed with the results right now.",negative
"Right now, I am very happy with the results .",positive
This is terrible and does not work .,negative
"Overall, The class begins at 10 AM today.",neutral
This is terrible and does not work .,negative
"Just saying, The train arrived at the station",neutral
"Overall, This is exactly what I wanted #twitter",positive
"In my opinion, I highly recommend this .",positive
"After trying it, This movie was fantastic .",positive
"Honestly, The website is currently available .",neutral
"Today, The new features are brilliant #review",positive
"In my opinion, The team will meet next week",neutral
"Overall, This movie was fantastic today.",positive
"After trying it, I really disliked this experience",negative
The service was excellent #review,positive
"Right now, This is amazing and works perfectly .",positive
"Overall, The meeting is scheduled for tomorrow",neutral
This made my day so much better .,positive
"In my opinion, Absolutely awful experience .",negative
"For me, I absolutely hate this product .",negative
"After trying it, The new features are brilliant .",positive
"For me, The website is currently available after trying it.",neutral
I am very disappointed with the results .,negative
"Honestly, The company released a new announcement after trying it.",neutral
"Personally, I really enjoyed this experience right now.",positive
"Just saying, The event starts at 6 PM today.",neutral
"For me, I am disappointed with the quality today.",negative
"Honestly, Feeling great and positive today .",positive
"In my opinion, The package contains two items in my opinion.",neutral
"Right now, The service was awful .",negative
"Right now, The new features are brilliant in my opinion.",positive
"For me, This made my day so much better #twitter",positive
"Personally, This update is awesome right now.",positive
"After trying it, The team did an amazing job .",positive
"After trying it, The team did a terrible job .",negative
"In my opinion, This is not what I wanted",negative
I am very disappointed with the results .,negative
"After trying it, The weather is cloudy today in my opinion.",neutral
"Just saying, The new features are useless .",negative
"Overall, What a horrible experience today honestly.",negative
"After trying it, The team did an amazing job .",positive
"In my opinion, I really enjoyed this experience .",positive
"In my opinion, I really enjoyed this experience today.",positive
The new features are brilliant .,positive
"Honestly, This is not what I wanted after trying it.",negative
"Honestly, The train arrived at the station today.",neutral
"After trying it, The flight is scheduled for Monday after trying it.",neutral
"Honestly, I really disliked this experience .",negative
"After trying it, The store opens at 9 AM today.",neutral
This is terrible and does not work #review,negative
"Just saying, This is not what I wanted honestly.",negative
"Right now, Such a horrible day after trying it.",negative
"Just saying, This movie was extremely boring .",negative
What a wonderful experience today in my opinion.,positive
"In my opinion, The application has been updated #review",neutral
"Honestly, The store opens at 9 AM #review",neutral
"In my opinion, Worst purchase I have made .",negative
"Right now, Absolutely fantastic experience today.",positive
"Overall, The class begins at 10 AM .",neutral
"Right now, The temperature is around 25 degrees .",neutral
"Today, I absolutely love this product .",positive
"For me, Absolutely fantastic experience right now.",positive
"Today, I am reading the news right now",neutral
I really enjoyed this experience .,positive
"Today, I am satisfied with the results .",positive
Absolutely fantastic experience honestly.,positive
"In my opinion, I am disappointed with the quality #twitter",negative
"For me, I am unhappy with the results today.",negative
"Overall, The service was excellent #twitter",positive
"Just saying, Everything went completely wrong .",negative
"Today, The team did a terrible job today.",negative
"Honestly, The event starts at 6 PM .",neutral
"Honestly, The train arrived at the station .",neutral
"Honestly, I watched the latest episode .",neutral
"Today, The meeting is scheduled for tomorrow .",neutral
"In my opinion, Feeling great and positive today after trying it.",positive
"Just saying, This made my day so much better right now.",positive
"Overall, I am very disappointed with the results .",negative
"Right now, I received the package this morning today.",neutral
"Today, This is amazing and works perfectly right now.",positive
"After trying it, The store opens at 9 AM #review",neutral
"Personally, I absolutely hate this product right now.",negative
"Today, I am very disappointed with the results right now.",negative
"Right now, The train arrived at the station .",neutral
"Honestly, Such a horrible day .",negative
I am reading the news right now today.,neutral
"Honestly, Best purchase I have made in a long time .",positive
"For me, The new features are useless #review",negative
"After trying it, I am disappointed with the quality .",negative
Such a beautiful day .,positive
"Overall, The meeting is scheduled for tomorrow .",neutral
"Honestly, I received the package this morning honestly.",neutral
"Honestly, I am checking the latest information #twitter",neutral
"Just saying, I am unhappy with the results .",negative
"Today, This movie was extremely boring today.",negative
"After trying it, I highly recommend this .",positive
"Just saying, I am unhappy with the results honestly.",negative
"Right now, The team will meet next week .",neutral
"After trying it, I am very disappointed with the results .",negative
"Personally, The event starts at 6 PM today.",neutral
"Overall, This made my day much worse",negative
"Right now, The service was awful .",negative
"Just saying, What a horrible experience today .",negative
The company released a new announcement,neutral
"Right now, The temperature is around 25 degrees .",neutral
"Overall, I absolutely love this product after trying it.",positive
"After trying it, The meeting is scheduled for tomorrow after trying it.",neutral
The new features are brilliant .,positive
"Today, The new features are brilliant today.",positive
"For me, This is exactly what I wanted .",positive
"Honestly, The new features are useless .",negative
"Honestly, The team will meet next week .",neutral
"Personally, The team did a terrible job .",negative
The store opens at 9 AM in my opinion.,neutral
"Honestly, The meeting is scheduled for tomorrow #twitter",neutral
"Just saying, The service was excellent today.",positive
"For me, This update is awesome right now.",positive
Best purchase I have made in a long time .,positive
"Personally, The team did an amazing job .",positive
"Honestly, I am very disappointed with the results #review",negative
"Just saying, I would not recommend this #twitter",negative
"After trying it, This is amazing and works perfectly .",positive
"Just saying, The product is available in three colors .",neutral
"After trying it, I received the package this morning .",neutral
"Today, The new features are brilliant .",positive
"Overall, I would not recommend this #review",negative
"Just saying, I am very disappointed with the results .",negative
"Personally, I am checking the latest information .",neutral
"In my opinion, I would not recommend this .",negative
"Overall, Best purchase I have made in a long time",positive
"Personally, This is exactly what I wanted",positive
"Today, I really enjoyed this experience right now.",positive
"Overall, I absolutely hate this product right now.",negative
"Today, This update is awesome .",positive
"In my opinion, The service was awful .",negative
"Today, I absolutely hate this product right now.",negative
"In my opinion, I am very disappointed with the results .",negative
"Honestly, Everything went completely wrong #twitter",negative
"After trying it, The weather is cloudy today today.",neutral
"In my opinion, This is terrible and does not work .",negative
I watched the latest episode honestly.,neutral
"Personally, This update is terrible .",negative
"Right now, The temperature is around 25 degrees .",neutral
"Today, This is terrible and does not work #review",negative
"After trying it, The team did an amazing job honestly.",positive
The team did an amazing job .,positive
"Just saying, Feeling frustrated and disappointed today .",negative
"Honestly, Worst purchase I have made right now.",negative
"Honestly, The service was excellent today.",positive
"Today, The flight is scheduled for Monday .",neutral
"Honestly, I am impressed with the quality",positive
"After trying it, This made my day much worse",negative
"Just saying, The company released a new announcement #review",neutral
"Right now, What a horrible experience today .",negative
"Honestly, The flight is scheduled for Monday .",neutral
"Today, Worst purchase I have made .",negative
"In my opinion, Absolutely fantastic experience .",positive
"In my opinion, I am reading the news right now honestly.",neutral
"Right now, I absolutely hate this product #twitter",negative
"After trying it, I am disappointed with the quality honestly.",negative
The company released a new announcement after trying it.,neutral
"Personally, This update is awesome .",positive
"Personally, I am checking the latest information .",neutral
"After trying it, Everything worked perfectly .",positive
"Right now, Absolutely awful experience .",negative
This is terrible and does not work .,negative
Such a beautiful day .,positive
"Overall, I am very happy with the results .",positive
"In my opinion, Worst purchase I have made .",negative
"Personally, This is exactly what I wanted .",positive
"Honestly, Feeling frustrated and disappointed today .",negative
"After trying it, Such a horrible day .",negative
This update is terrible after trying it.,negative
"Just saying, This is not what I wanted #twitter",negative
"For me, I watched the latest episode honestly.",neutral
"For me, The service was awful today.",negative
"In my opinion, The store opens at 9 AM .",neutral
"In my opinion, The weather is cloudy today in my opinion.",neutral
"Just saying, The service was awful .",negative
"Right now, The team will meet next week .",neutral
"Just saying, This movie was extremely boring",negative
"Just saying, Such a horrible day",negative
"In my opinion, Worst purchase I have made #twitter",negative
The company released a new announcement .,neutral
"After trying it, The store opens at 9 AM in my opinion.",neutral
"For me, Feeling frustrated and disappointed today",negative
"Right now, This is exactly what I wanted .",positive
"In my opinion, Absolutely awful experience .",negative
"After trying it, I watched the latest episode #twitter",neutral
"Honestly, Absolutely fantastic experience honestly.",positive
"Today, Absolutely fantastic experience .",positive
I am very disappointed with the results .,negative
"Right now, I am very disappointed with the results .",negative
Feeling great and positive today honestly.,positive
"Overall, Best purchase I have made in a long time #twitter",positive
"Personally, I am very disappointed with the results in my opinion.",negative
"Honestly, Such a horrible day",negative
"Just saying, The service was awful",negative
"Right now, Everything went completely wrong .",negative
"Right now, The event starts at 6 PM in my opinion.",neutral
"Overall, The flight is scheduled for Monday #review",neutral
"In my opinion, I am very happy with the results",positive
"Right now, The team did a terrible job .",negative
"Just saying, The results will be announced later .",neutral
"Today, This is terrible and does not work honestly.",negative
"For me, I am satisfied with the results right now.",positive
"Honestly, Absolutely fantastic experience .",positive
"After trying it, I am satisfied with the results .",positive
"Overall, The service was excellent .",positive
"In my opinion, I watched the latest episode right now.",neutral
"Today, Best purchase I have made in a long time .",positive
"In my opinion, The application has been updated .",neutral
"In my opinion, Worst purchase I have made in my opinion.",negative
"Personally, This is amazing and works perfectly .",positive
I am very disappointed with the results .,negative
"For me, The flight is scheduled for Monday .",neutral
"Right now, The new features are useless right now.",negative
"Overall, I really enjoyed this experience",positive
"Today, The team will meet next week #twitter",neutral
"Personally, The service was awful after trying it.",negative
"Overall, I received the package this morning .",neutral
"Today, This is not what I wanted",negative
"Right now, This update is awesome .",positive
The new features are brilliant .,positive
"Overall, The service was excellent in my opinion.",positive
"Just saying, The package contains two items #review",neutral
"For me, The new features are useless .",negative
"In my opinion, I am satisfied with the results .",positive
"Honestly, The train arrived at the station",neutral
"Today, Feeling frustrated and disappointed today .",negative
"Honestly, Best purchase I have made in a long time",positive
"Overall, The team did an amazing job .",positive
"Today, I really enjoyed this experience",positive
"Just saying, The temperature is around 25 degrees after trying it.",neutral
"Personally, I watched the latest episode today.",neutral
"Today, Worst purchase I have made #twitter",negative
"Today, I am unhappy with the results today.",negative
"Honestly, This is exactly what I wanted .",positive
"Just saying, Such a horrible day",negative
"Overall, The package contains two items .",neutral
"For me, The event starts at 6 PM #review",neutral
"Personally, I highly recommend this right now.",positive
"Right now, This made my day so much better #review",positive
I absolutely love this product .,positive
"In my opinion, Absolutely awful experience right now.",negative
"After trying it, The company released a new announcement today.",neutral
"In my opinion, The application has been updated .",neutral
"Honestly, I am unhappy with the results",negative
"After trying it, Best purchase I have made in a long time honestly.",positive
"Today, The service was excellent .",positive
"Personally, I am checking the latest information in my opinion.",neutral
"Today, This update is awesome .",positive
"Personally, I would not recommend this",negative
"Overall, I highly recommend this after trying it.",positive
"Right now, The website is currently available honestly.",neutral
"Personally, I really disliked this experience after trying it.",negative
"Right now, Best purchase I have made in a long time in my opinion.",positive
I highly recommend this .,positive
"Honestly, I would not recommend this .",negative
"Just saying, The service was awful honestly.",negative
"For me, The service was excellent #twitter",positive
"Personally, Everything worked perfectly .",positive
"Overall, The team did a terrible job .",negative
"Overall, I absolutely love this product .",positive
"Today, Such a horrible day .",negative
This is amazing and works perfectly .,positive
"In my opinion, I am very disappointed with the results #review",negative
"Just saying, The team will meet next week #twitter",neutral
Such a horrible day .,negative
"In my opinion, I absolutely hate this product .",negative
"Personally, The service was excellent #twitter",positive
"Personally, This movie was fantastic .",positive
"For me, Absolutely fantastic experience after trying it.",positive
"In my opinion, This is amazing and works perfectly #twitter",positive
"Personally, Worst purchase I have made .",negative
"After trying it, This is exactly what I wanted .",positive
"Honestly, I really disliked this experience #twitter",negative
"Right now, The temperature is around 25 degrees .",neutral
"Today, What a horrible experience today .",negative
"Honestly, Such a horrible day today.",negative
"After trying it, Everything went completely wrong #twitter",negative
"Just saying, The team will meet next week .",neutral
"Just saying, The new features are brilliant today.",positive
"Just saying, Such a beautiful day right now.",positive
"Today, This movie was extremely boring today.",negative
"Right now, The class begins at 10 AM .",neutral
"After trying it, The train arrived at the station .",neutral
"Just saying, Everything went completely wrong .",negative
"Today, Everything went completely wrong #review",negative
"Right now, The new features are useless .",negative
"For me, The application has been updated after trying it.",neutral
"Overall, Such a horrible day after trying it.",negative
"Honestly, I am disappointed with the quality .",negative
"Just saying, Feeling great and positive today .",positive
"In my opinion, Feeling great and positive today in my opinion.",positive
"After trying it, Such a beautiful day .",positive
"After trying it, I highly recommend this .",positive
"Just saying, Feeling great and positive today .",positive
"Today, This made my day much worse today.",negative
"Just saying, The team did a terrible job .",negative
I absolutely hate this product #twitter,negative
"After trying it, I am checking the latest information #twitter",neutral
This is terrible and does not work today.,negative
"Right now, This made my day so much better #twitter",positive
"Honestly, This update is awesome honestly.",positive
"Overall, What a wonderful experience today in my opinion.",positive
"In my opinion, I am impressed with the quality today.",positive
Absolutely awful experience #twitter,negative
"For me, Everything went completely wrong .",negative
"Right now, I am disappointed with the quality .",negative
"Overall, I watched the latest episode .",neutral
"Overall, This is terrible and does not work",negative
"For me, This update is awesome .",positive
"Right now, The service was excellent today.",positive
"In my opinion, I am satisfied with the results #twitter",positive
"Today, This update is awesome after trying it.",positive
"After trying it, The service was awful .",negative
"In my opinion, This is exactly what I wanted",positive
"Honestly, This made my day much worse .",negative
"After trying it, Everything went completely wrong .",negative
The company released a new announcement today.,neutral
"Personally, This is not what I wanted after trying it.",negative
"Right now, Everything worked perfectly honestly.",positive
"Today, The application has been updated .",neutral
"In my opinion, This is exactly what I wanted honestly.",positive
"In my opinion, The store opens at 9 AM .",neutral
"For me, I am very disappointed with the results .",negative
"In my opinion, The company released a new announcement .",neutral
"For me, This update is awesome in my opinion.",positive
"Overall, I really enjoyed this experience #review",positive
"Honestly, This is terrible and does not work .",negative
"Personally, The new features are brilliant #review",positive
"In my opinion, I am very happy with the results today.",positive
"For me, I highly recommend this #review",positive
"For me, Absolutely awful experience .",negative
"Personally, I received the package this morning .",neutral
"Today, I am impressed with the quality after trying it.",positive
"After trying it, The temperature is around 25 degrees .",neutral
"After trying it, I am disappointed with the quality .",negative
"For me, This made my day so much better right now.",positive
"Honestly, I am reading the news right now in my opinion.",neutral
"After trying it, This made my day much worse right now.",negative
"Personally, I absolutely hate this product .",negative
"Just saying, This is exactly what I wanted #twitter",positive
"In my opinion, The weather is cloudy today .",neutral
"Today, The team did an amazing job .",positive
"Personally, The weather is cloudy today .",neutral
"For me, This is amazing and works perfectly .",positive
"After trying it, The flight is scheduled for Monday .",neutral
"Right now, I am very disappointed with the results .",negative
"Personally, I received the package this morning .",neutral
"For me, The flight is scheduled for Monday in my opinion.",neutral
"Today, The meeting is scheduled for tomorrow .",neutral
"Personally, This movie was extremely boring .",negative
"Honestly, This update is terrible in my opinion.",negative
"Overall, This is exactly what I wanted .",positive
"Personally, Feeling frustrated and disappointed today today.",negative
"Just saying, This movie was extremely boring #twitter",negative
"After trying it, The flight is scheduled for Monday .",neutral
"Right now, This movie was extremely boring honestly.",negative
"Today, The results will be announced later honestly.",neutral
"Just saying, The event starts at 6 PM .",neutral
"For me, Absolutely fantastic experience",positive
"Personally, This made my day so much better .",positive
"Right now, The class begins at 10 AM .",neutral
Everything worked perfectly,positive
"After trying it, This update is awesome after trying it.",positive
"Personally, The class begins at 10 AM .",neutral
"In my opinion, I am reading the news right now right now.",neutral
"After trying it, What a horrible experience today honestly.",negative
"After trying it, The product is available in three colors #twitter",neutral
"Right now, The new features are useless .",negative
"Honestly, This movie was extremely boring .",negative
"Right now, This is exactly what I wanted #review",positive
"After trying it, The flight is scheduled for Monday in my opinion.",neutral
This movie was extremely boring after trying it.,negative
"In my opinion, The report was published today #twitter",neutral
"For me, This update is terrible .",negative
This is terrible and does not work today.,negative
"Just saying, The team did a terrible job right now.",negative
"Honestly, Feeling frustrated and disappointed today .",negative
"Honestly, The website is currently available .",neutral
"Honestly, This is exactly what I wanted .",positive
"After trying it, I am unhappy with the results #twitter",negative
"After trying it, The package contains two items today.",neutral
"In my opinion, The new features are brilliant in my opinion.",positive
"Honestly, This made my day much worse right now.",negative
I am checking the latest information in my opinion.,neutral
"In my opinion, The website is currently available after trying it.",neutral
"Overall, I am impressed with the quality after trying it.",positive
"Personally, The results will be announced later right now.",neutral
"Today, The train arrived at the station after trying it.",neutral
"Today, This movie was fantastic .",positive
"Just saying, I am very disappointed with the results .",negative
"Right now, Best purchase I have made in a long time .",positive
"Personally, This movie was fantastic .",positive
"Just saying, Feeling great and positive today .",positive
"For me, This update is terrible after trying it.",negative
"For me, What a horrible experience today right now.",negative
"Honestly, This is exactly what I wanted .",positive
"Honestly, This made my day much worse honestly.",negative
"Honestly, I am disappointed with the quality right now.",negative
"Right now, The train arrived at the station #review",neutral
I highly recommend this .,positive
"Right now, The meeting is scheduled for tomorrow .",neutral
"Just saying, I am very happy with the results #review",positive
"Just saying, I am reading the news right now",neutral
"Personally, I received the package this morning honestly.",neutral
"Just saying, This movie was extremely boring .",negative
"In my opinion, Such a horrible day today.",negative
"Personally, Absolutely fantastic experience .",positive
This made my day much worse .,negative
"For me, This made my day so much better .",positive
"Just saying, The train arrived at the station .",neutral
"After trying it, The application has been updated #twitter",neutral
"Personally, This made my day so much better after trying it.",positive
This is amazing and works perfectly .,positive
"In my opinion, This is amazing and works perfectly #twitter",positive
"Honestly, Everything worked perfectly .",positive
"Honestly, I am very happy with the results .",positive
"Overall, I really disliked this experience right now.",negative
"Personally, This update is terrible #twitter",negative
"Honestly, I highly recommend this #review",positive
"Right now, I really enjoyed this experience honestly.",positive
The event starts at 6 PM .,neutral
"Right now, This is terrible and does not work #twitter",negative
I am impressed with the quality #twitter,positive
"Personally, The meeting is scheduled for tomorrow #review",neutral
"After trying it, The event starts at 6 PM right now.",neutral
"Personally, I absolutely hate this product",negative
"After trying it, This is not what I wanted honestly.",negative
"Personally, The new features are brilliant .",positive
"Personally, The store opens at 9 AM in my opinion.",neutral
"For me, The results will be announced later #twitter",neutral
"For me, I watched the latest episode honestly.",neutral
"Honestly, I am very happy with the results #review",positive
"Personally, I would not recommend this honestly.",negative
"In my opinion, The report was published today #twitter",neutral
"Today, Everything worked perfectly .",positive
Everything went completely wrong #twitter,negative
"After trying it, What a horrible experience today .",negative
"Personally, I am very happy with the results .",positive
"Right now, Absolutely awful experience right now.",negative
"After trying it, The team will meet next week .",neutral
"Just saying, This made my day much worse #twitter",negative
"Today, The service was awful .",negative
"Overall, I watched the latest episode .",neutral
"Overall, The results will be announced later .",neutral
"For me, Such a beautiful day .",positive
I really disliked this experience .,negative
"Right now, I would not recommend this",negative
"Today, The class begins at 10 AM .",neutral
"Overall, I am unhappy with the results #twitter",negative
"Just saying, The website is currently available today.",neutral
"For me, Such a beautiful day #review",positive
"Honestly, This is amazing and works perfectly honestly.",positive
"For me, This is terrible and does not work .",negative
"In my opinion, Such a horrible day in my opinion.",negative
"After trying it, The package contains two items .",neutral
"After trying it, The website is currently available .",neutral
The service was awful .,negative
"Today, The service was awful today.",negative
"In my opinion, Absolutely fantastic experience .",positive
"Just saying, The new features are useless .",negative
"Right now, I received the package this morning honestly.",neutral
"For me, Feeling frustrated and disappointed today .",negative
"Today, I am very disappointed with the results .",negative
"Personally, The class begins at 10 AM",neutral
"In my opinion, Everything worked perfectly after trying it.",positive
"In my opinion, The team did a terrible job",negative
What a wonderful experience today today.,positive
"Personally, This movie was extremely boring right now.",negative
"Personally, I am impressed with the quality .",positive
"In my opinion, The results will be announced later .",neutral
"Today, This made my day so much better #review",positive
"Honestly, The new features are brilliant in my opinion.",positive
"For me, This update is awesome #review",positive
"For me, Feeling great and positive today .",positive
The temperature is around 25 degrees .,neutral
"Right now, I really enjoyed this experience #review",positive
"Personally, The team did a terrible job #twitter",negative
"Honestly, This is terrible and does not work honestly.",negative
"In my opinion, The event starts at 6 PM .",neutral
"Overall, This is amazing and works perfectly .",positive
"Personally, The website is currently available .",neutral
"For me, The service was awful .",negative
The company released a new announcement,neutral
"After trying it, I absolutely love this product after trying it.",positive
"Honestly, The team did a terrible job right now.",negative
"Personally, I really disliked this experience .",negative
"Today, I absolutely love this product .",positive
This movie was extremely boring .,negative
"Today, This movie was extremely boring .",negative
"Overall, This made my day so much better honestly.",positive
"After trying it, The company released a new announcement right now.",neutral
"For me, This movie was extremely boring in my opinion.",negative
"Today, The company released a new announcement .",neutral
"Personally, This movie was fantastic #twitter",positive
"Overall, I am disappointed with the quality .",negative
"Right now, I received the package this morning",neutral
"Personally, I am satisfied with the results in my opinion.",positive
"Personally, This is amazing and works perfectly .",positive
"In my opinion, Best purchase I have made in a long time #review",positive
Such a horrible day .,negative
"Just saying, This is terrible and does not work right now.",negative
"After trying it, Everything worked perfectly .",positive
"Right now, The flight is scheduled for Monday right now.",neutral
"Today, I highly recommend this .",positive
"Honestly, I absolutely love this product after trying it.",positive
"For me, The results will be announced later #review",neutral
"Personally, I received the package this morning .",neutral
"Today, The product is available in three colors .",neutral
"Personally, I am impressed with the quality #review",positive
"Right now, I watched the latest episode #review",neutral
"Today, What a horrible experience today .",negative
"Just saying, I absolutely love this product .",positive
"After trying it, The results will be announced later right now.",neutral
"In my opinion, This movie was extremely boring #review",negative
"Personally, The new features are useless .",negative
"Today, The meeting is scheduled for tomorrow",neutral
This update is terrible .,negative
"Right now, I am impressed with the quality #twitter",positive
"Today, Everything went completely wrong in my opinion.",negative
"Just saying, Everything went completely wrong .",negative
"After trying it, This is amazing and works perfectly .",positive
"Honestly, The new features are brilliant .",positive
"For me, The company released a new announcement .",neutral
The application has been updated .,neutral
"Just saying, I would not recommend this .",negative
"Just saying, The team did an amazing job today.",positive
"Right now, I am checking the latest information .",neutral
"Honestly, The application has been updated #twitter",neutral
This is not what I wanted .,negative
"Just saying, The service was excellent in my opinion.",positive
"Personally, I am checking the latest information after trying it.",neutral
"After trying it, I am satisfied with the results .",positive
"Personally, The train arrived at the station right now.",neutral
"Honestly, Feeling frustrated and disappointed today after trying it.",negative
"In my opinion, I am unhappy with the results .",negative
"Overall, I really disliked this experience #twitter",negative
"Right now, The new features are useless #twitter",negative
"Today, I received the package this morning .",neutral
The new features are brilliant #review,positive
"Today, This movie was extremely boring .",negative
"Right now, I am disappointed with the quality .",negative
"After trying it, The report was published today #twitter",neutral
"Personally, What a wonderful experience today .",positive
"Personally, The results will be announced later .",neutral
"Personally, What a horrible experience today .",negative
"After trying it, I absolutely love this product in my opinion.",positive
"Overall, This is not what I wanted today.",negative
"Right now, I would not recommend this .",negative
"Just saying, I absolutely hate this product right now.",negative
"Right now, I am satisfied with the results after trying it.",positive
"After trying it, The new features are useless after trying it.",negative
The service was awful .,negative
"Today, This is amazing and works perfectly .",positive
"Overall, The service was awful #review",negative
The results will be announced later,neutral
"Just saying, This is exactly what I wanted .",positive
"For me, The event starts at 6 PM .",neutral
"Honestly, The application has been updated honestly.",neutral
"Right now, I would not recommend this in my opinion.",negative
"For me, The flight is scheduled for Monday in my opinion.",neutral
"Overall, Feeling frustrated and disappointed today .",negative
"Personally, This update is awesome #twitter",positive
"Personally, The meeting is scheduled for tomorrow right now.",neutral
"For me, Worst purchase I have made .",negative
"Personally, The weather is cloudy today in my opinion.",neutral
"For me, The report was published today .",neutral
"Personally, I absolutely love this product .",positive
"Honestly, The store opens at 9 AM #twitter",neutral
"Honestly, This is terrible and does not work .",negative
"Overall, I am very happy with the results .",positive
"For me, Feeling great and positive today .",positive
"In my opinion, Everything worked perfectly .",positive
"Today, The service was excellent .",positive
"After trying it, The report was published today .",neutral
"Overall, Such a horrible day .",negative
"In my opinion, Such a beautiful day right now.",positive
"Right now, This is not what I wanted",negative
"Personally, What a wonderful experience today today.",positive
"Right now, The application has been updated .",neutral
"After trying it, I am disappointed with the quality",negative
"Personally, I highly recommend this .",positive
"For me, The package contains two items .",neutral
"Today, The meeting is scheduled for tomorrow .",neutral
"In my opinion, Absolutely awful experience #review",negative
I am satisfied with the results .,positive
"Overall, This is exactly what I wanted #review",positive
"After trying it, I highly recommend this .",positive
"Just saying, The temperature is around 25 degrees #twitter",neutral
"For me, I am satisfied with the results",positive
This is exactly what I wanted in my opinion.,positive
"Personally, I am disappointed with the quality .",negative
"Personally, I really enjoyed this experience .",positive
"For me, This update is awesome today.",positive
"Right now, The new features are useless right now.",negative
"For me, I watched the latest episode",neutral
"Honestly, Best purchase I have made in a long time today.",positive
"Just saying, The class begins at 10 AM .",neutral
"Overall, Everything worked perfectly .",positive
I absolutely love this product .,positive
"After trying it, Everything went completely wrong honestly.",negative
"Today, The new features are useless .",negative
This is exactly what I wanted,positive
"Today, The service was awful honestly.",negative
"Today, The store opens at 9 AM .",neutral
"After trying it, I am very disappointed with the results .",negative
"Overall, This is terrible and does not work today.",negative
"Right now, I am very happy with the results .",positive
I am reading the news right now today.,neutral
"Honestly, Worst purchase I have made right now.",negative
Feeling great and positive today right now.,positive
"For me, The website is currently available .",neutral
"In my opinion, I am impressed with the quality #twitter",positive
"Overall, This is amazing and works perfectly #twitter",positive
"Honestly, I am disappointed with the quality .",negative
"Honestly, I received the package this morning honestly.",neutral
"Honestly, Absolutely fantastic experience honestly.",positive
This update is terrible .,negative
"Honestly, I absolutely love this product right now.",positive
"Personally, The company released a new announcement .",neutral
"In my opinion, I really enjoyed this experience today.",positive
"Right now, Feeling frustrated and disappointed today .",negative
"Personally, The flight is scheduled for Monday .",neutral
The class begins at 10 AM,neutral
"For me, The team did an amazing job today.",positive
"Right now, What a horrible experience today .",negative
"After trying it, I highly recommend this #review",positive
"Right now, I am reading the news right now right now.",neutral
"Just saying, This is exactly what I wanted in my opinion.",positive
I am reading the news right now .,neutral
The new features are brilliant .,positive
"For me, The store opens at 9 AM",neutral
"For me, Best purchase I have made in a long time in my opinion.",positive
"Personally, The service was excellent",positive
"Honestly, The team did a terrible job .",negative
"In my opinion, This made my day so much better #twitter",positive
"In my opinion, I am very happy with the results after trying it.",positive
"Overall, The flight is scheduled for Monday .",neutral
"Honestly, I would not recommend this",negative
"Just saying, I am impressed with the quality",positive
"After trying it, Such a beautiful day .",positive
Worst purchase I have made .,negative
"Honestly, This is not what I wanted after trying it.",negative
"After trying it, The class begins at 10 AM .",neutral
"Honestly, The new features are useless .",negative
"In my opinion, I received the package this morning .",neutral
"Honestly, I am satisfied with the results #review",positive
"Honestly, What a horrible experience today .",negative
"In my opinion, I am reading the news right now after trying it.",neutral
"Just saying, The website is currently available .",neutral
"Today, This is exactly what I wanted .",positive
"Right now, The weather is cloudy today .",neutral
"Today, The service was awful #twitter",negative
"Just saying, Absolutely fantastic experience",positive
"Personally, This made my day much worse honestly.",negative
"Personally, I am very disappointed with the results",negative
"In my opinion, This update is awesome today.",positive
"In my opinion, I would not recommend this .",negative
"After trying it, Everything worked perfectly #twitter",positive
"Overall, What a wonderful experience today .",positive
"Personally, The weather is cloudy today right now.",neutral
"After trying it, I really enjoyed this experience .",positive
"Just saying, This made my day much worse",negative
"Just saying, I absolutely love this product today.",positive
"Right now, Such a beautiful day .",positive
"Overall, The team did a terrible job .",negative
"Just saying, I am reading the news right now today.",neutral
"Honestly, I watched the latest episode .",neutral
"Overall, The company released a new announcement right now.",neutral
"Personally, I would not recommend this .",negative
"Today, The package contains two items .",neutral
"In my opinion, I watched the latest episode #twitter",neutral
"Just saying, Such a beautiful day #twitter",positive
"For me, I am disappointed with the quality",negative
"In my opinion, I am disappointed with the quality today.",negative
"Today, The class begins at 10 AM in my opinion.",neutral
"Today, The application has been updated",neutral
"Honestly, Such a beautiful day .",positive
"In my opinion, I highly recommend this .",positive
The team will meet next week .,neutral
"Overall, I highly recommend this .",positive
"Personally, This update is awesome .",positive
"Honestly, I am very disappointed with the results honestly.",negative
"Personally, The flight is scheduled for Monday .",neutral
"For me, I am very happy with the results .",positive
"Right now, The service was awful .",negative
"Honestly, What a wonderful experience today .",positive
"Overall, Worst purchase I have made after trying it.",negative
"For me, The product is available in three colors #review",neutral
I am impressed with the quality .,positive
"Personally, Best purchase I have made in a long time .",positive
"Just saying, This is exactly what I wanted .",positive
"In my opinion, The weather is cloudy today honestly.",neutral
"Just saying, The new features are brilliant in my opinion.",positive
"Today, The flight is scheduled for Monday in my opinion.",neutral
"Just saying, The team did an amazing job .",positive
"For me, This made my day so much better .",positive
"Honestly, I am impressed with the quality .",positive
The train arrived at the station .,neutral
I watched the latest episode .,neutral
"Honestly, The new features are useless .",negative
Absolutely awful experience #twitter,negative
"Just saying, Absolutely awful experience .",negative
I really disliked this experience .,negative
"Today, Such a beautiful day right now.",positive
"After trying it, I am checking the latest information",neutral
"After trying it, The application has been updated .",neutral
"Honestly, The company released a new announcement .",neutral
"After trying it, The service was excellent .",positive
I am reading the news right now today.,neutral
"Overall, This update is terrible .",negative
"After trying it, The team will meet next week .",neutral
"Overall, Such a beautiful day .",positive
"For me, The service was excellent .",positive
"Overall, This made my day so much better #review",positive
"Just saying, I am very disappointed with the results .",negative
"For me, The team will meet next week #review",neutral
"For me, I am disappointed with the quality honestly.",negative
"Honestly, The service was excellent after trying it.",positive
"After trying it, The service was excellent .",positive
I really enjoyed this experience after trying it.,positive
"Personally, Absolutely awful experience today.",negative
"Personally, What a wonderful experience today .",positive
"For me, I am satisfied with the results honestly.",positive
"After trying it, The application has been updated in my opinion.",neutral
"Just saying, The team did an amazing job .",positive
"Personally, I am impressed with the quality .",positive
"In my opinion, I really disliked this experience right now.",negative
"Today, I am satisfied with the results right now.",positive
"Honestly, I am checking the latest information in my opinion.",neutral
"Personally, The new features are brilliant .",positive
"In my opinion, The store opens at 9 AM .",neutral
"Personally, This made my day so much better",positive
"Honestly, The package contains two items",neutral
"Overall, I am very happy with the results #twitter",positive
Best purchase I have made in a long time .,positive
"Right now, The website is currently available .",neutral
"Just saying, The website is currently available right now.",neutral
"In my opinion, I am checking the latest information honestly.",neutral
"Right now, I received the package this morning .",neutral
"Personally, I am unhappy with the results .",negative
"Just saying, Such a beautiful day .",positive
"Honestly, The team will meet next week .",neutral
"Just saying, The new features are brilliant #twitter",positive
"Overall, The store opens at 9 AM",neutral
"After trying it, The company released a new announcement #twitter",neutral
"Today, I absolutely love this product .",positive
"Today, Feeling great and positive today .",positive
"Overall, I am unhappy with the results today.",negative
"After trying it, This movie was extremely boring .",negative
"For me, I am reading the news right now right now.",neutral
"For me, This is exactly what I wanted today.",positive
"For me, This update is terrible in my opinion.",negative
"Right now, Feeling great and positive today today.",positive
"In my opinion, I am checking the latest information .",neutral
"In my opinion, What a wonderful experience today #review",positive
"For me, Worst purchase I have made in my opinion.",negative
"Today, I am reading the news right now today.",neutral
"After trying it, Absolutely awful experience #twitter",negative
I am very disappointed with the results .,negative
"Today, The store opens at 9 AM right now.",neutral
"After trying it, The new features are useless",negative
"Overall, Feeling frustrated and disappointed today .",negative
"Overall, The service was awful .",negative
"Honestly, I am satisfied with the results .",positive
"Personally, I am very happy with the results .",positive
"Just saying, The temperature is around 25 degrees #twitter",neutral
"Today, The report was published today today.",neutral
"Overall, I received the package this morning in my opinion.",neutral
"Personally, The service was awful in my opinion.",negative
"After trying it, I am checking the latest information #twitter",neutral
"Just saying, The package contains two items today.",neutral
"Today, The weather is cloudy today right now.",neutral
Best purchase I have made in a long time today.,positive
Best purchase I have made in a long time today.,positive
"Personally, I am disappointed with the quality .",negative
"Just saying, Everything went completely wrong in my opinion.",negative
"After trying it, Worst purchase I have made right now.",negative
"After trying it, The package contains two items .",neutral
"Honestly, I received the package this morning in my opinion.",neutral
"Honestly, I received the package this morning .",neutral
"Honestly, This update is terrible honestly.",negative
"For me, This is amazing and works perfectly after trying it.",positive
"For me, Such a beautiful day #review",positive
"For me, I am reading the news right now in my opinion.",neutral
"In my opinion, Everything went completely wrong honestly.",negative
"Today, The meeting is scheduled for tomorrow today.",neutral
"Today, The results will be announced later",neutral
"Honestly, I am unhappy with the results .",negative
"After trying it, This movie was extremely boring",negative
"Just saying, Such a horrible day .",negative
"Just saying, The new features are useless .",negative
The train arrived at the station #review,neutral
"After trying it, I would not recommend this .",negative
"Right now, I really disliked this experience .",negative
The train arrived at the station right now.,neutral
"In my opinion, I really enjoyed this experience #review",positive
Absolutely awful experience #review,negative
"After trying it, The service was excellent .",positive
"Just saying, I really disliked this experience",negative
"Honestly, This is exactly what I wanted .",positive
"Overall, Such a beautiful day after trying it.",positive
"Personally, The service was excellent .",positive
The application has been updated .,neutral
"After trying it, The meeting is scheduled for tomorrow .",neutral
"For me, The team did an amazing job right now.",positive
"For me, I received the package this morning .",neutral
"Today, I am very disappointed with the results right now.",negative
"Honestly, This movie was extremely boring .",negative
The flight is scheduled for Monday,neutral
"Overall, The service was awful right now.",negative
"Just saying, The service was excellent .",positive
"Just saying, This update is terrible #review",negative
"For me, What a horrible experience today .",negative
"Personally, The store opens at 9 AM right now.",neutral
"Today, I absolutely hate this product .",negative
The team did an amazing job .,positive
"Just saying, Everything worked perfectly #review",positive
"Honestly, What a horrible experience today",negative
"In my opinion, Such a horrible day .",negative
"Honestly, This made my day much worse .",negative
"Overall, This made my day so much better .",positive
"For me, The website is currently available .",neutral
"Personally, Absolutely fantastic experience #review",positive
"Right now, This movie was extremely boring .",negative
I would not recommend this #review,negative
"Honestly, I am disappointed with the quality",negative
"Today, The product is available in three colors .",neutral
"Today, This update is awesome #review",positive
"In my opinion, This movie was fantastic .",positive
"Overall, I really enjoyed this experience .",positive
"Overall, I really disliked this experience .",negative
"Today, Feeling frustrated and disappointed today in my opinion.",negative
"In my opinion, The store opens at 9 AM .",neutral
"After trying it, The report was published today .",neutral
"Honestly, Absolutely fantastic experience .",positive
"Personally, This made my day so much better .",positive
"Right now, This is not what I wanted .",negative
"Just saying, I am very happy with the results .",positive
"For me, I would not recommend this .",negative
"Right now, This made my day so much better .",positive
"Honestly, The store opens at 9 AM in my opinion.",neutral
"Today, The weather is cloudy today .",neutral
"For me, This update is terrible .",negative
Such a horrible day .,negative
"Honestly, I am very disappointed with the results .",negative
"Overall, I received the package this morning .",neutral
"Personally, This is not what I wanted after trying it.",negative
"Today, Feeling great and positive today today.",positive
"Today, This is amazing and works perfectly in my opinion.",positive
"Honestly, The weather is cloudy today .",neutral
"Honestly, This is amazing and works perfectly .",positive
"Today, The package contains two items .",neutral
"In my opinion, The website is currently available .",neutral
"Overall, The team did an amazing job right now.",positive
"For me, This movie was extremely boring .",negative
"Just saying, Feeling frustrated and disappointed today #review",negative
"Overall, Feeling frustrated and disappointed today .",negative
"Just saying, The product is available in three colors #twitter",neutral
"Honestly, I am checking the latest information .",neutral
"Right now, I am impressed with the quality .",positive
"Personally, This is terrible and does not work after trying it.",negative
"For me, Feeling frustrated and disappointed today after trying it.",negative
"Honestly, Absolutely awful experience .",negative
"Right now, This update is terrible",negative
"For me, This movie was fantastic .",positive
"Today, The company released a new announcement right now.",neutral
"Just saying, Everything went completely wrong .",negative
"After trying it, I received the package this morning right now.",neutral
"In my opinion, The flight is scheduled for Monday today.",neutral
"For me, I am very happy with the results",positive
I am checking the latest information .,neutral
"For me, I highly recommend this in my opinion.",positive
"In my opinion, The class begins at 10 AM #twitter",neutral
"After trying it, Feeling great and positive today .",positive
"Personally, I highly recommend this .",positive
"Just saying, Everything worked perfectly #review",positive
"Personally, The company released a new announcement today.",neutral
"Honestly, I am very disappointed with the results .",negative
"Right now, Feeling frustrated and disappointed today honestly.",negative
"Just saying, The website is currently available #twitter",neutral
"For me, Best purchase I have made in a long time #twitter",positive
This update is awesome in my opinion.,positive
"Right now, This made my day so much better #twitter",positive
"For me, I am impressed with the quality today.",positive
"Overall, This made my day much worse",negative
"Today, The package contains two items #twitter",neutral
"For me, Everything worked perfectly .",positive
"Today, I absolutely love this product",positive
"Today, The team did an amazing job after trying it.",positive
The temperature is around 25 degrees in my opinion.,neutral
"Just saying, The new features are brilliant #twitter",positive
"Overall, Worst purchase I have made .",negative
"Personally, This is not what I wanted #review",negative
"In my opinion, Everything worked perfectly right now.",positive
"Overall, I absolutely hate this product #twitter",negative
"After trying it, Absolutely awful experience .",negative
"Right now, This is terrible and does not work .",negative
"Honestly, Everything worked perfectly",positive
This movie was fantastic in my opinion.,positive
"Personally, I absolutely love this product right now.",positive
"In my opinion, The new features are brilliant",positive
"Personally, This is amazing and works perfectly in my opinion.",positive
"Right now, Such a beautiful day .",positive
"Just saying, The store opens at 9 AM #twitter",neutral
This made my day so much better .,positive
The train arrived at the station .,neutral
"Honestly, I really enjoyed this experience in my opinion.",positive
"Today, The website is currently available .",neutral
"Honestly, I am reading the news right now .",neutral
"In my opinion, Best purchase I have made in a long time today.",positive
"In my opinion, Such a horrible day honestly.",negative
"Just saying, This update is terrible after trying it.",negative
"Overall, Feeling great and positive today .",positive
The event starts at 6 PM,neutral
"Today, The report was published today .",neutral
"Just saying, The meeting is scheduled for tomorrow .",neutral
"For me, I really enjoyed this experience .",positive
What a horrible experience today .,negative
"Overall, This movie was fantastic after trying it.",positive
"Today, This is not what I wanted .",negative
"Right now, This made my day so much better",positive
"Personally, I am satisfied with the results .",positive
"After trying it, This movie was extremely boring .",negative
"For me, The class begins at 10 AM .",neutral
"After trying it, The report was published today .",neutral
"Today, I received the package this morning .",neutral
"In my opinion, The team did a terrible job .",negative
"Personally, Everything went completely wrong .",negative
"Right now, The weather is cloudy today .",neutral
"Just saying, This made my day much worse .",negative
"Just saying, This movie was extremely boring .",negative
"After trying it, What a wonderful experience today .",positive
"Just saying, Feeling frustrated and disappointed today .",negative
"Right now, The service was excellent",positive
"Today, The results will be announced later right now.",neutral
"Personally, The temperature is around 25 degrees .",neutral
"After trying it, The flight is scheduled for Monday",neutral
"In my opinion, I am very disappointed with the results .",negative
"For me, This update is terrible .",negative
I am impressed with the quality right now.,positive
"After trying it, This is exactly what I wanted in my opinion.",positive
"Today, I am checking the latest information .",neutral
"In my opinion, This made my day much worse .",negative
"After trying it, This movie was fantastic .",positive
"After trying it, This is exactly what I wanted honestly.",positive
"Personally, I received the package this morning .",neutral
"Right now, I really disliked this experience .",negative
"Overall, This is amazing and works perfectly .",positive
"Right now, The service was awful .",negative
"Just saying, This movie was fantastic .",positive
"Honestly, The new features are brilliant in my opinion.",positive
"Just saying, I really enjoyed this experience .",positive
"For me, The weather is cloudy today .",neutral
"Overall, Worst purchase I have made .",negative
"Today, Feeling frustrated and disappointed today",negative
"Right now, I am satisfied with the results .",positive
"Overall, The team did a terrible job .",negative
"Honestly, Feeling great and positive today .",positive
"Honestly, The meeting is scheduled for tomorrow honestly.",neutral
"For me, I am checking the latest information",neutral
"After trying it, I am very happy with the results #twitter",positive
"Just saying, The website is currently available .",neutral
"Today, The class begins at 10 AM .",neutral
This made my day much worse .,negative
"Overall, I am impressed with the quality right now.",positive
"Personally, The product is available in three colors #review",neutral
"Personally, I really enjoyed this experience .",positive
"Personally, This update is terrible honestly.",negative
"Today, This is not what I wanted .",negative
"Overall, The new features are useless .",negative
"In my opinion, This is exactly what I wanted today.",positive
"Right now, The new features are useless .",negative
"Just saying, I am disappointed with the quality .",negative
"Today, The new features are brilliant #review",positive
"Today, I am impressed with the quality .",positive
"In my opinion, Feeling frustrated and disappointed today after trying it.",negative
"Honestly, This is terrible and does not work .",negative
"Overall, Absolutely awful experience #review",negative
"Personally, Best purchase I have made in a long time .",positive
"For me, This update is awesome .",positive
"Overall, The flight is scheduled for Monday .",neutral
"For me, I am impressed with the quality",positive
"For me, This update is awesome .",positive
"Just saying, This is exactly what I wanted honestly.",positive
"Today, The report was published today in my opinion.",neutral
The team did an amazing job #review,positive
"Honestly, This made my day so much better honestly.",positive
"Honestly, Such a horrible day",negative
"After trying it, The service was awful .",negative
"Overall, I would not recommend this .",negative
"Personally, I absolutely hate this product .",negative
"After trying it, Best purchase I have made in a long time .",positive
"Right now, I watched the latest episode .",neutral
"Personally, I am disappointed with the quality right now.",negative
"Right now, Everything went completely wrong right now.",negative
"Personally, This is terrible and does not work right now.",negative
"For me, The product is available in three colors .",neutral
"For me, The temperature is around 25 degrees right now.",neutral
"Overall, This is amazing and works perfectly .",positive
"Overall, The new features are brilliant",positive
"After trying it, Feeling frustrated and disappointed today #review",negative
"Personally, Absolutely fantastic experience .",positive
The website is currently available after trying it.,neutral
"Today, I am unhappy with the results .",negative
"After trying it, This made my day much worse",negative
"For me, This is not what I wanted .",negative
"Today, I really disliked this experience right now.",negative
"In my opinion, I am disappointed with the quality honestly.",negative
"Right now, Worst purchase I have made right now.",negative
"Honestly, The class begins at 10 AM .",neutral
"After trying it, I am impressed with the quality .",positive
I am checking the latest information .,neutral
"After trying it, Best purchase I have made in a long time #twitter",positive
"Today, The team did an amazing job .",positive
"Just saying, The service was excellent .",positive
"Overall, The website is currently available .",neutral
"Just saying, This movie was fantastic .",positive
"In my opinion, The company released a new announcement .",neutral
"Just saying, The results will be announced later #twitter",neutral
"Right now, The team did an amazing job .",positive
"Overall, This is terrible and does not work #review",negative
"Personally, Feeling frustrated and disappointed today .",negative
"Today, Absolutely awful experience .",negative
"Personally, The team will meet next week #twitter",neutral
"Just saying, The team did a terrible job .",negative
"Today, I watched the latest episode after trying it.",neutral
"Personally, What a horrible experience today",negative
"Right now, I watched the latest episode .",neutral
"Overall, This movie was fantastic .",positive
"After trying it, The product is available in three colors .",neutral
"After trying it, I received the package this morning .",neutral
"Just saying, This update is terrible .",negative
"Right now, Feeling frustrated and disappointed today .",negative
"Right now, Worst purchase I have made #review",negative
"Overall, Best purchase I have made in a long time .",positive
"After trying it, Absolutely awful experience right now.",negative
"For me, This movie was fantastic .",positive
"Right now, I absolutely love this product .",positive
"Today, I watched the latest episode .",neutral
"Personally, Absolutely awful experience .",negative
I am very disappointed with the results .,negative
"After trying it, The team will meet next week .",neutral
"After trying it, I am very happy with the results right now.",positive
"Personally, Feeling great and positive today #twitter",positive
"Today, I am satisfied with the results in my opinion.",positive
"Overall, Everything went completely wrong .",negative
"For me, This is not what I wanted .",negative
"Right now, The new features are useless .",negative
"Today, The team did an amazing job .",positive
"Right now, This is terrible and does not work .",negative
"Today, I really enjoyed this experience .",positive
"Personally, I absolutely love this product .",positive
"Personally, I really enjoyed this experience",positive
"In my opinion, I received the package this morning today.",neutral
"For me, Feeling frustrated and disappointed today .",negative
"Honestly, I really enjoyed this experience .",positive
"Overall, This movie was fantastic #review",positive
"Overall, The temperature is around 25 degrees .",neutral
"Today, This is exactly what I wanted .",positive
"Right now, I really enjoyed this experience .",positive
"Just saying, The team did a terrible job .",negative
"Today, The report was published today #review",neutral
"Right now, This made my day much worse .",negative
"After trying it, The temperature is around 25 degrees .",neutral
"Right now, I am unhappy with the results",negative
"Today, This is amazing and works perfectly today.",positive
The team did an amazing job #review,positive
"Personally, This update is terrible after trying it.",negative
The team did a terrible job honestly.,negative
"Today, Everything went completely wrong #review",negative
"For me, Everything went completely wrong",negative
"In my opinion, This movie was extremely boring .",negative
"Personally, The team did an amazing job today.",positive
"After trying it, What a wonderful experience today .",positive
"Personally, Such a horrible day #review",negative
"Right now, I am impressed with the quality .",positive
"Personally, Worst purchase I have made .",negative
"After trying it, The company released a new announcement #review",neutral
"Honestly, This is exactly what I wanted .",positive
"Right now, I am reading the news right now",neutral
"Personally, Everything went completely wrong .",negative
"In my opinion, The event starts at 6 PM .",neutral
"Right now, I absolutely hate this product #review",negative
"For me, I absolutely love this product #review",positive
"Right now, The weather is cloudy today .",neutral
"Just saying, I am impressed with the quality after trying it.",positive
"In my opinion, Feeling frustrated and disappointed today",negative
"Personally, I am disappointed with the quality honestly.",negative
"In my opinion, The results will be announced later .",neutral
"Right now, The new features are brilliant in my opinion.",positive
"In my opinion, Worst purchase I have made #twitter",negative
"Personally, Feeling frustrated and disappointed today .",negative
"Overall, This is amazing and works perfectly #review",positive
"Overall, I absolutely love this product .",positive
"After trying it, The new features are brilliant in my opinion.",positive
"After trying it, The package contains two items .",neutral
"Today, This made my day so much better #twitter",positive
"Right now, Feeling frustrated and disappointed today #twitter",negative
This is terrible and does not work #review,negative
The application has been updated today.,neutral
"Just saying, The store opens at 9 AM in my opinion.",neutral
"In my opinion, Feeling great and positive today #twitter",positive
The event starts at 6 PM .,neutral
"After trying it, This made my day much worse right now.",negative
"After trying it, The website is currently available .",neutral
"Overall, The train arrived at the station .",neutral
"Personally, I highly recommend this in my opinion.",positive
This is not what I wanted .,negative
"Just saying, Worst purchase I have made .",negative
"After trying it, The team did an amazing job .",positive
"Right now, I am very disappointed with the results .",negative
"After trying it, The weather is cloudy today .",neutral
"After trying it, This is terrible and does not work honestly.",negative
"Personally, What a wonderful experience today .",positive
"Personally, The train arrived at the station after trying it.",neutral
"After trying it, This update is terrible after trying it.",negative
"After trying it, The temperature is around 25 degrees honestly.",neutral
The train arrived at the station after trying it.,neutral
"Overall, I received the package this morning right now.",neutral
"Today, I would not recommend this today.",negative
"For me, The results will be announced later .",neutral
"Personally, Everything went completely wrong .",negative
"Right now, I am disappointed with the quality .",negative
The new features are brilliant .,positive
"Overall, I am checking the latest information .",neutral
"Today, I watched the latest episode .",neutral
"Honestly, This is amazing and works perfectly .",positive
"Right now, I am reading the news right now after trying it.",neutral
"Right now, Best purchase I have made in a long time",positive
"Overall, I am impressed with the quality after trying it.",positive
"Just saying, This made my day so much better .",positive
"Today, The results will be announced later",neutral
"Just saying, This update is awesome .",positive
"Honestly, I really disliked this experience honestly.",negative
"In my opinion, This is not what I wanted in my opinion.",negative
"Overall, The new features are brilliant right now.",positive
"Just saying, I watched the latest episode .",neutral
"For me, The meeting is scheduled for tomorrow honestly.",neutral
"Right now, The report was published today .",neutral
"After trying it, The flight is scheduled for Monday right now.",neutral
"For me, Feeling frustrated and disappointed today honestly.",negative
"For me, The class begins at 10 AM .",neutral
"Today, Feeling frustrated and disappointed today #twitter",negative
"Today, Worst purchase I have made .",negative
"For me, I absolutely hate this product .",negative
The report was published today .,neutral
"Personally, The report was published today .",neutral
"Today, This made my day so much better",positive
"Personally, This movie was extremely boring honestly.",negative
"For me, The product is available in three colors .",neutral
"In my opinion, The team did a terrible job .",negative
"Personally, What a wonderful experience today in my opinion.",positive
"Personally, Everything worked perfectly .",positive
"Just saying, The new features are useless .",negative
"Just saying, The team did a terrible job #review",negative
"Right now, This update is awesome .",positive
"After trying it, I am reading the news right now #review",neutral
"Just saying, I absolutely hate this product .",negative
"Personally, The weather is cloudy today right now.",neutral
"Right now, The team did an amazing job .",positive
"In my opinion, The meeting is scheduled for tomorrow .",neutral
"Right now, This update is awesome",positive
"For me, The package contains two items .",neutral
"For me, The results will be announced later in my opinion.",neutral
"Personally, Best purchase I have made in a long time right now.",positive
"Honestly, Feeling great and positive today .",positive
"Overall, Worst purchase I have made in my opinion.",negative
"After trying it, I really disliked this experience #review",negative
The website is currently available in my opinion.,neutral
"Today, I am satisfied with the results .",positive
"Honestly, Feeling great and positive today .",positive
"Personally, What a wonderful experience today today.",positive
Everything went completely wrong #twitter,negative
"After trying it, I really enjoyed this experience .",positive
"After trying it, I am checking the latest information honestly.",neutral
"Overall, I absolutely hate this product .",negative
"Right now, The service was awful",negative
"For me, The class begins at 10 AM #review",neutral
"For me, I am satisfied with the results #review",positive
"In my opinion, The new features are useless .",negative
"Just saying, The new features are useless .",negative
"Today, The team will meet next week honestly.",neutral
"For me, The new features are brilliant .",positive
"Honestly, I absolutely hate this product after trying it.",negative
"Just saying, This is amazing and works perfectly today.",positive
"Personally, I really disliked this experience .",negative
What a horrible experience today #twitter,negative
"Honestly, This is not what I wanted .",negative
"Honestly, I absolutely love this product right now.",positive
"Just saying, I am very happy with the results .",positive
"For me, What a wonderful experience today .",positive
"Right now, I am satisfied with the results honestly.",positive
"After trying it, The team will meet next week #review",neutral
"Right now, The website is currently available .",neutral
"Today, What a horrible experience today .",negative
"For me, I am unhappy with the results honestly.",negative
"Today, Everything went completely wrong .",negative
"After trying it, This movie was fantastic",positive
"After trying it, The product is available in three colors .",neutral
"In my opinion, The service was awful .",negative
"Overall, This update is terrible #twitter",negative
"Overall, The event starts at 6 PM after trying it.",neutral
"After trying it, I highly recommend this .",positive
"Overall, Everything worked perfectly right now.",positive
This made my day so much better honestly.,positive
"Overall, The application has been updated after trying it.",neutral
"Honestly, Absolutely awful experience after trying it.",negative
"Today, The class begins at 10 AM #review",neutral
"Honestly, This update is terrible",negative
"After trying it, This update is terrible after trying it.",negative
"For me, Worst purchase I have made #review",negative
"Personally, Worst purchase I have made",negative
The product is available in three colors right now.,neutral
"After trying it, I am impressed with the quality after trying it.",positive
This movie was extremely boring,negative
The flight is scheduled for Monday after trying it.,neutral
"In my opinion, What a horrible experience today right now.",negative
"Right now, The new features are useless .",negative
"Honestly, This movie was fantastic .",positive
"Today, I absolutely love this product .",positive
"Honestly, The service was excellent .",positive
"Just saying, This movie was fantastic right now.",positive
The service was excellent today.,positive
"In my opinion, This made my day much worse",negative
This update is awesome .,positive
"Right now, Everything worked perfectly .",positive
"After trying it, I am very happy with the results .",positive
"Just saying, Feeling frustrated and disappointed today #review",negative
"Overall, The service was excellent right now.",positive
The new features are brilliant .,positive
"Just saying, What a wonderful experience today .",positive
"Personally, What a wonderful experience today",positive
"In my opinion, This update is awesome .",positive
"Honestly, This is terrible and does not work .",negative
"For me, This movie was extremely boring in my opinion.",negative
"For me, This made my day so much better in my opinion.",positive
"Just saying, Feeling great and positive today .",positive
"After trying it, Absolutely awful experience honestly.",negative
"Today, Feeling great and positive today honestly.",positive
What a wonderful experience today,positive
"In my opinion, The application has been updated .",neutral
"Honestly, The company released a new announcement .",neutral
"Overall, The team will meet next week honestly.",neutral
"Today, This update is awesome .",positive
"Overall, Feeling frustrated and disappointed today .",negative
"In my opinion, What a wonderful experience today .",positive
"Just saying, I am reading the news right now .",neutral
"Honestly, Best purchase I have made in a long time .",positive
I received the package this morning after trying it.,neutral
"Right now, I absolutely hate this product",negative
"Just saying, I would not recommend this right now.",negative
"In my opinion, The team did an amazing job .",positive
"Personally, This made my day so much better .",positive
"Overall, I am very disappointed with the results .",negative
"Honestly, The product is available in three colors .",neutral
"Today, The application has been updated honestly.",neutral
"Today, This update is awesome .",positive
"For me, I am very disappointed with the results .",negative
"For me, The team did an amazing job #review",positive
"Just saying, I am very disappointed with the results .",negative
"Overall, The new features are brilliant after trying it.",positive
"Right now, I am reading the news right now #review",neutral
"Today, I would not recommend this .",negative
This update is terrible in my opinion.,negative
"Right now, This made my day much worse #review",negative
"Overall, The service was awful .",negative
"Today, The results will be announced later right now.",neutral
"After trying it, The class begins at 10 AM .",neutral
"Right now, The weather is cloudy today #twitter",neutral
I am checking the latest information after trying it.,neutral
"Today, I am impressed with the quality .",positive
"Right now, The new features are brilliant in my opinion.",positive
"Just saying, The train arrived at the station .",neutral
"In my opinion, What a horrible experience today .",negative
"After trying it, What a horrible experience today honestly.",negative
"Overall, This made my day so much better .",positive
"Just saying, This is exactly what I wanted honestly.",positive
"After trying it, I absolutely hate this product after trying it.",negative
The event starts at 6 PM .,neutral
This is exactly what I wanted .,positive
I am very happy with the results #review,positive
"Today, The team did a terrible job",negative
"Personally, I absolutely love this product #review",positive
"Right now, The report was published today .",neutral
"In my opinion, The company released a new announcement honestly.",neutral
"Right now, This is terrible and does not work right now.",negative
"Overall, What a horrible experience today .",negative
"After trying it, This made my day much worse .",negative
"In my opinion, The new features are brilliant today.",positive
"After trying it, I absolutely hate this product honestly.",negative
"Just saying, The meeting is scheduled for tomorrow .",neutral
"Overall, I really disliked this experience #review",negative
"Personally, Everything went completely wrong .",negative
"After trying it, I watched the latest episode today.",neutral
"Just saying, The class begins at 10 AM honestly.",neutral
"After trying it, This update is terrible .",negative
"Personally, The weather is cloudy today #review",neutral
"After trying it, I absolutely hate this product #review",negative
The weather is cloudy today .,neutral
"For me, This is exactly what I wanted after trying it.",positive
"After trying it, The package contains two items right now.",neutral
"For me, Such a beautiful day .",positive
"After trying it, Absolutely awful experience in my opinion.",negative
"For me, Feeling great and positive today .",positive
"Just saying, What a horrible experience today .",negative
"Overall, This made my day much worse right now.",negative
"For me, Feeling great and positive today #review",positive
"Right now, This made my day much worse after trying it.",negative
"For me, I am unhappy with the results in my opinion.",negative
"Just saying, Best purchase I have made in a long time .",positive
"Honestly, I absolutely hate this product .",negative
"Personally, The team will meet next week in my opinion.",neutral
"Honestly, I really disliked this experience .",negative
"Overall, I highly recommend this .",positive
"After trying it, Absolutely awful experience honestly.",negative
"Today, Feeling frustrated and disappointed today .",negative
"Right now, This movie was fantastic honestly.",positive
"Personally, I absolutely love this product right now.",positive
"After trying it, The class begins at 10 AM right now.",neutral
"Honestly, This is amazing and works perfectly .",positive
This is not what I wanted .,negative
"Today, I absolutely hate this product .",negative
"Today, This is exactly what I wanted .",positive
"Today, I am very happy with the results .",positive
"For me, The team did a terrible job #review",negative
"Today, This update is awesome .",positive
"Just saying, What a horrible experience today today.",negative
"For me, The flight is scheduled for Monday in my opinion.",neutral
"After trying it, I watched the latest episode .",neutral
"Personally, I am disappointed with the quality .",negative
"Just saying, The service was excellent #review",positive
"Personally, Feeling great and positive today in my opinion.",positive
The company released a new announcement .,neutral
"Right now, This made my day much worse today.",negative
"For me, I am very disappointed with the results after trying it.",negative
"Personally, Everything worked perfectly .",positive
"Honestly, The product is available in three colors in my opinion.",neutral
"Just saying, The package contains two items .",neutral
"Overall, The new features are brilliant .",positive
"Right now, The new features are brilliant right now.",positive
"Just saying, I am disappointed with the quality .",negative
"In my opinion, I am very disappointed with the results honestly.",negative
I received the package this morning .,neutral
"Overall, I highly recommend this .",positive
"In my opinion, The store opens at 9 AM after trying it.",neutral
"After trying it, Absolutely fantastic experience honestly.",positive
"Overall, I am checking the latest information today.",neutral
"Today, This is exactly what I wanted .",positive
"Personally, Everything worked perfectly #review",positive
"Overall, The report was published today in my opinion.",neutral
"Overall, The new features are useless right now.",negative
"Honestly, I really disliked this experience after trying it.",negative
"Right now, The application has been updated in my opinion.",neutral
"Just saying, The application has been updated .",neutral
This made my day so much better in my opinion.,positive
"Right now, I am unhappy with the results after trying it.",negative
"Overall, I am very happy with the results right now.",positive
"Overall, The package contains two items",neutral
"Personally, I am disappointed with the quality today.",negative
"Honestly, Absolutely fantastic experience .",positive
"In my opinion, This is amazing and works perfectly .",positive
"Honestly, Feeling frustrated and disappointed today .",negative
"For me, Everything worked perfectly after trying it.",positive
"Personally, This is not what I wanted",negative
"In my opinion, The new features are useless .",negative
"Just saying, Feeling great and positive today #review",positive
"For me, The product is available in three colors .",neutral
"Today, Everything went completely wrong #review",negative
"Personally, This is terrible and does not work",negative
"Just saying, The temperature is around 25 degrees .",neutral
What a wonderful experience today .,positive
"Personally, Everything went completely wrong .",negative
I am satisfied with the results .,positive
"Overall, The product is available in three colors .",neutral
"Personally, I watched the latest episode .",neutral
"Today, I absolutely hate this product",negative
"In my opinion, The service was excellent today.",positive
"Right now, This is not what I wanted honestly.",negative
"In my opinion, Feeling great and positive today .",positive
"In my opinion, Feeling great and positive today .",positive
"Honestly, The store opens at 9 AM",neutral
"Honestly, The team will meet next week .",neutral
Absolutely fantastic experience honestly.,positive
"Just saying, Such a horrible day",negative
"For me, The package contains two items .",neutral
"After trying it, This update is awesome today.",positive
"In my opinion, The company released a new announcement .",neutral
"Personally, I am very happy with the results after trying it.",positive
The team will meet next week honestly.,neutral
"Right now, Best purchase I have made in a long time .",positive
"In my opinion, I watched the latest episode right now.",neutral
"After trying it, The new features are useless .",negative
"Today, The product is available in three colors .",neutral
"In my opinion, I really disliked this experience in my opinion.",negative
"Right now, I highly recommend this #review",positive
"Personally, I am reading the news right now .",neutral
"Overall, The results will be announced later after trying it.",neutral
"Today, What a wonderful experience today in my opinion.",positive
"Just saying, The class begins at 10 AM in my opinion.",neutral
"Honestly, The temperature is around 25 degrees in my opinion.",neutral
"Right now, I am very disappointed with the results .",negative
"Today, This update is terrible after trying it.",negative
"Overall, I absolutely hate this product .",negative
"In my opinion, I am very disappointed with the results .",negative
"Overall, This update is awesome after trying it.",positive
"Personally, The package contains two items .",neutral
The company released a new announcement .,neutral
"Honestly, The temperature is around 25 degrees .",neutral
"Right now, Best purchase I have made in a long time in my opinion.",positive
"Just saying, I am unhappy with the results right now.",negative
"Overall, The temperature is around 25 degrees right now.",neutral
"After trying it, I really disliked this experience .",negative
"Overall, This is terrible and does not work .",negative
"Overall, I am unhappy with the results in my opinion.",negative
"Honestly, Feeling great and positive today honestly.",positive
"Honestly, Such a beautiful day .",positive
"Personally, I am checking the latest information #review",neutral
"Honestly, Everything went completely wrong honestly.",negative
"Personally, The team did an amazing job .",positive
"Honestly, I am satisfied with the results honestly.",positive
"Overall, This made my day so much better .",positive
"After trying it, Everything worked perfectly in my opinion.",positive
"Today, I am checking the latest information honestly.",neutral
"Personally, I am disappointed with the quality .",negative
"Today, Absolutely awful experience .",negative
"In my opinion, I am disappointed with the quality .",negative
"After trying it, I would not recommend this honestly.",negative
"For me, The application has been updated #review",neutral
Everything went completely wrong after trying it.,negative
"Honestly, The meeting is scheduled for tomorrow",neutral
"Just saying, The website is currently available",neutral
"After trying it, The new features are useless right now.",negative
This update is terrible .,negative
"For me, The flight is scheduled for Monday #twitter",neutral
"After trying it, I watched the latest episode in my opinion.",neutral
"Right now, The report was published today .",neutral
"Today, What a wonderful experience today .",positive
"For me, This is not what I wanted in my opinion.",negative
"For me, The company released a new announcement #review",neutral
"Honestly, I am very happy with the results .",positive
"Today, Such a horrible day right now.",negative
"In my opinion, This made my day much worse",negative
"After trying it, The product is available in three colors .",neutral
"Honestly, This is terrible and does not work .",negative
"Personally, Such a horrible day .",negative
"Personally, I am unhappy with the results .",negative
"Today, The new features are brilliant .",positive
"Just saying, I highly recommend this today.",positive
"Honestly, Absolutely fantastic experience in my opinion.",positive
"Personally, This update is awesome honestly.",positive
This made my day so much better .,positive
"Right now, I absolutely hate this product today.",negative
"In my opinion, This made my day much worse .",negative
I absolutely love this product .,positive
"Personally, This is exactly what I wanted .",positive
"Personally, I really disliked this experience right now.",negative
"Just saying, I am very happy with the results honestly.",positive
"After trying it, The product is available in three colors .",neutral
"Overall, Everything went completely wrong .",negative
"For me, This is exactly what I wanted #twitter",positive
"For me, The service was awful .",negative
The meeting is scheduled for tomorrow #twitter,neutral
"Honestly, The application has been updated .",neutral
"Personally, The weather is cloudy today #review",neutral
"In my opinion, Everything worked perfectly .",positive
"For me, The weather is cloudy today .",neutral
"Today, The service was awful .",negative
"Honestly, I received the package this morning .",neutral
"Right now, I am very happy with the results right now.",positive
"Honestly, Everything went completely wrong .",negative
"Overall, I absolutely hate this product .",negative
"Overall, The meeting is scheduled for tomorrow #review",neutral
"In my opinion, This update is terrible .",negative
"For me, The service was excellent",positive
"Right now, The report was published today today.",neutral
"Just saying, This is exactly what I wanted .",positive
"Just saying, This is not what I wanted .",negative
"Today, I am impressed with the quality #review",positive
"Honestly, I am checking the latest information right now.",neutral
"Honestly, The new features are brilliant right now.",positive
Feeling great and positive today .,positive
"Just saying, The service was awful .",negative
"Honestly, The event starts at 6 PM .",neutral
"After trying it, The report was published today .",neutral
"After trying it, Everything went completely wrong #review",negative
"Personally, The weather is cloudy today honestly.",neutral
"For me, The team did a terrible job today.",negative
"After trying it, Absolutely awful experience today.",negative
"Today, The website is currently available today.",neutral
"Right now, The meeting is scheduled for tomorrow honestly.",neutral
"For me, The company released a new announcement",neutral
"Overall, This is not what I wanted #review",negative
"Honestly, This is amazing and works perfectly .",positive
"Just saying, This is terrible and does not work",negative
"Just saying, Feeling great and positive today honestly.",positive
The report was published today .,neutral
"In my opinion, Worst purchase I have made .",negative
"Today, I am unhappy with the results honestly.",negative
"In my opinion, I really enjoyed this experience .",positive
This movie was fantastic right now.,positive
"Right now, Everything worked perfectly .",positive
"In my opinion, I absolutely hate this product .",negative
"After trying it, The website is currently available .",neutral
"Today, Best purchase I have made in a long time .",positive
Such a beautiful day honestly.,positive
"Overall, What a horrible experience today .",negative
"After trying it, The service was awful .",negative
The report was published today .,neutral
"In my opinion, The product is available in three colors right now.",neutral
"For me, I received the package this morning",neutral
"Honestly, Feeling great and positive today .",positive
"Right now, The event starts at 6 PM .",neutral
"Just saying, I absolutely love this product #review",positive
"After trying it, Such a horrible day honestly.",negative
"For me, The company released a new announcement #twitter",neutral
"Overall, I am very disappointed with the results .",negative
"Right now, I absolutely hate this product .",negative
The store opens at 9 AM today.,neutral
"For me, I highly recommend this .",positive
"Today, The train arrived at the station #twitter",neutral
"After trying it, I would not recommend this in my opinion.",negative
"Honestly, I am satisfied with the results .",positive
"Today, I really enjoyed this experience .",positive
"Personally, Feeling frustrated and disappointed today .",negative
"Today, This made my day so much better #twitter",positive
The application has been updated #twitter,neutral
"For me, Best purchase I have made in a long time #twitter",positive
"After trying it, The flight is scheduled for Monday .",neutral
"Overall, Feeling frustrated and disappointed today .",negative
I highly recommend this #twitter,positive
"Today, This is terrible and does not work today.",negative
"Overall, I am impressed with the quality #review",positive
"In my opinion, The event starts at 6 PM right now.",neutral
"For me, I am very disappointed with the results #review",negative
"Overall, The service was excellent .",positive
"In my opinion, I am very happy with the results .",positive
I am very happy with the results .,positive
"After trying it, I am satisfied with the results .",positive
"In my opinion, Absolutely fantastic experience #review",positive
"Personally, The new features are brilliant .",positive
"Personally, Feeling great and positive today .",positive
"Today, The report was published today .",neutral
"Today, I highly recommend this .",positive
"Just saying, This is exactly what I wanted .",positive
"Personally, This is exactly what I wanted",positive
"Overall, The report was published today #review",neutral
"For me, This is terrible and does not work .",negative
"Just saying, I highly recommend this .",positive
"After trying it, I am checking the latest information .",neutral
"In my opinion, This is amazing and works perfectly .",positive
Everything worked perfectly .,positive
"Personally, The results will be announced later #review",neutral
"Honestly, The product is available in three colors after trying it.",neutral
"Honestly, The website is currently available",neutral
"Honestly, This made my day so much better in my opinion.",positive
"Today, This movie was extremely boring .",negative
"Honestly, This is terrible and does not work .",negative
"Today, I am impressed with the quality .",positive
"Overall, Such a beautiful day .",positive
"Right now, This is exactly what I wanted #twitter",positive
"For me, This made my day much worse .",negative
"Honestly, This update is terrible .",negative
"After trying it, The store opens at 9 AM in my opinion.",neutral
I am very happy with the results today.,positive
"Personally, The service was excellent honestly.",positive
"Personally, I am checking the latest information .",neutral
"Honestly, I am very happy with the results .",positive
"In my opinion, Feeling great and positive today .",positive
"Overall, Everything went completely wrong honestly.",negative
"Overall, The store opens at 9 AM #review",neutral
"Just saying, I am unhappy with the results honestly.",negative
"Just saying, The class begins at 10 AM .",neutral
"Overall, Best purchase I have made in a long time .",positive
"Today, I am reading the news right now #twitter",neutral
"Honestly, The website is currently available .",neutral
"Just saying, The results will be announced later today.",neutral
"Today, I am very happy with the results honestly.",positive
"After trying it, The store opens at 9 AM #twitter",neutral
"Honestly, Feeling great and positive today after trying it.",positive
"Today, I am impressed with the quality after trying it.",positive
"Overall, The meeting is scheduled for tomorrow .",neutral
The team did an amazing job .,positive
"Honestly, What a horrible experience today .",negative
"For me, Such a horrible day #twitter",negative
"Right now, This made my day much worse #twitter",negative
"Right now, Feeling frustrated and disappointed today today.",negative
"Honestly, This is not what I wanted .",negative
"Today, I would not recommend this .",negative
"Just saying, Everything worked perfectly",positive
"Personally, I absolutely love this product right now.",positive
"In my opinion, Everything worked perfectly .",positive
"For me, The application has been updated .",neutral
I am very happy with the results right now.,positive
"In my opinion, I absolutely love this product #twitter",positive
I am reading the news right now honestly.,neutral
"Just saying, Absolutely awful experience honestly.",negative
"Today, This is terrible and does not work honestly.",negative
"Honestly, I am impressed with the quality .",positive
"For me, This is amazing and works perfectly honestly.",positive
"Today, The product is available in three colors .",neutral
"After trying it, The new features are brilliant .",positive
"Just saying, This update is terrible honestly.",negative
"Personally, Such a horrible day today.",negative
"For me, Everything went completely wrong .",negative
"Honestly, Such a horrible day .",negative
The new features are useless .,negative
"Just saying, The company released a new announcement after trying it.",neutral
"Overall, The temperature is around 25 degrees .",neutral
"In my opinion, The class begins at 10 AM .",neutral
"Right now, I watched the latest episode after trying it.",neutral
"In my opinion, The team did an amazing job #twitter",positive
"Overall, This made my day much worse right now.",negative
The train arrived at the station,neutral
"Today, Worst purchase I have made #review",negative
"Just saying, This update is terrible #twitter",negative
"Just saying, Everything went completely wrong after trying it.",negative
"After trying it, The results will be announced later #review",neutral
"Just saying, The flight is scheduled for Monday .",neutral
"Overall, I am satisfied with the results",positive
"Personally, I am checking the latest information in my opinion.",neutral
Everything worked perfectly in my opinion.,positive
"In my opinion, This is terrible and does not work #review",negative
"Personally, Everything went completely wrong honestly.",negative
"Right now, Such a horrible day right now.",negative
"After trying it, This made my day so much better .",positive
"Right now, What a horrible experience today after trying it.",negative
"Right now, I really disliked this experience after trying it.",negative
"Honestly, Absolutely fantastic experience honestly.",positive
"After trying it, The weather is cloudy today .",neutral
"Right now, This update is terrible .",negative
"For me, This update is awesome after trying it.",positive
"Overall, The website is currently available #review",neutral
"Honestly, I am unhappy with the results .",negative
"For me, This update is terrible honestly.",negative
"Personally, I really enjoyed this experience .",positive
This update is awesome after trying it.,positive
"Right now, Absolutely awful experience .",negative
"For me, What a wonderful experience today .",positive
"Right now, Everything worked perfectly .",positive
"After trying it, Everything went completely wrong .",negative
"Personally, I am very disappointed with the results today.",negative
"Overall, The application has been updated .",neutral
"Overall, The store opens at 9 AM .",neutral
"Personally, Feeling great and positive today .",positive
The package contains two items .,neutral
"Personally, The product is available in three colors in my opinion.",neutral
"Just saying, The team did an amazing job .",positive
"Personally, The package contains two items right now.",neutral
"After trying it, The weather is cloudy today today.",neutral
"After trying it, I am satisfied with the results #review",positive
"Honestly, This movie was fantastic today.",positive
"Right now, The company released a new announcement .",neutral
"For me, Feeling great and positive today .",positive
"Personally, The flight is scheduled for Monday .",neutral
"For me, The report was published today .",neutral
"Personally, This is amazing and works perfectly .",positive
Best purchase I have made in a long time right now.,positive
"Overall, This update is terrible",negative
"Right now, I highly recommend this .",positive
"Right now, This made my day so much better #twitter",positive
"Overall, I am satisfied with the results right now.",positive
"Today, The train arrived at the station in my opinion.",neutral
"In my opinion, I am very disappointed with the results .",negative
"Today, I really enjoyed this experience .",positive
"Honestly, I absolutely hate this product .",negative
"After trying it, Such a horrible day .",negative
"After trying it, I highly recommend this .",positive
"After trying it, What a horrible experience today .",negative
"Honestly, I really disliked this experience .",negative
"Just saying, I absolutely hate this product today.",negative
"Honestly, This update is awesome right now.",positive
"Today, Such a beautiful day honestly.",positive
"After trying it, The company released a new announcement .",neutral
"For me, The team did an amazing job #twitter",positive
"Today, I am checking the latest information .",neutral
"Today, I am checking the latest information .",neutral
This movie was fantastic after trying it.,positive
"In my opinion, This movie was extremely boring .",negative
"Personally, The new features are brilliant .",positive
"Right now, This made my day much worse",negative
I am disappointed with the quality .,negative
"For me, The weather is cloudy today .",neutral
I am satisfied with the results #twitter,positive
"Honestly, The product is available in three colors honestly.",neutral
"Just saying, The class begins at 10 AM .",neutral
"Today, The event starts at 6 PM .",neutral
"Overall, This is exactly what I wanted .",positive
"In my opinion, Worst purchase I have made .",negative
"For me, This update is awesome .",positive
The flight is scheduled for Monday,neutral
Such a beautiful day .,positive
"Just saying, The application has been updated right now.",neutral
"Just saying, I watched the latest episode after trying it.",neutral
"For me, The team will meet next week honestly.",neutral
"Right now, This is not what I wanted .",negative
"Just saying, The team did a terrible job .",negative
"Personally, I would not recommend this .",negative
The report was published today .,neutral
"Overall, The store opens at 9 AM after trying it.",neutral
"In my opinion, The product is available in three colors today.",neutral
"Overall, The service was excellent #review",positive
"Just saying, The train arrived at the station .",neutral
Absolutely fantastic experience .,positive
"Today, I would not recommend this .",negative
"After trying it, I am very happy with the results .",positive
"Personally, I am very disappointed with the results .",negative
"After trying it, Feeling great and positive today right now.",positive
The team did a terrible job .,negative
"In my opinion, I received the package this morning #twitter",neutral
"For me, Absolutely fantastic experience .",positive
"Honestly, Everything worked perfectly .",positive
"After trying it, Best purchase I have made in a long time .",positive
"In my opinion, The store opens at 9 AM .",neutral
"Personally, This is exactly what I wanted .",positive
"Honestly, This movie was extremely boring .",negative
"Right now, Such a beautiful day after trying it.",positive
"Personally, Absolutely fantastic experience",positive
"Honestly, Such a beautiful day .",positive
"Honestly, The service was awful #review",negative
"Right now, The website is currently available .",neutral
"In my opinion, I highly recommend this #twitter",positive
"After trying it, The package contains two items",neutral
"In my opinion, I absolutely love this product .",positive
I absolutely hate this product .,negative
"Just saying, Absolutely awful experience .",negative
"Just saying, I absolutely hate this product #review",negative
"Honestly, I really disliked this experience #review",negative
"Today, This update is terrible today.",negative
"Overall, The package contains two items in my opinion.",neutral
"For me, The temperature is around 25 degrees today.",neutral
"Today, I am checking the latest information .",neutral
"Right now, The flight is scheduled for Monday #review",neutral
"After trying it, This movie was extremely boring #twitter",negative
The service was awful #review,negative
The application has been updated right now.,neutral
"Just saying, I really enjoyed this experience after trying it.",positive
"Overall, This update is terrible .",negative
"In my opinion, I am impressed with the quality today.",positive
"Right now, I really disliked this experience .",negative
"In my opinion, The service was excellent .",positive
"In my opinion, The website is currently available after trying it.",neutral
"Just saying, The company released a new announcement #twitter",neutral
"In my opinion, The event starts at 6 PM .",neutral
"Overall, The temperature is around 25 degrees in my opinion.",neutral
"Personally, Absolutely fantastic experience #review",positive
"Right now, This movie was extremely boring .",negative
"For me, This update is awesome honestly.",positive
"Today, The package contains two items .",neutral
"Just saying, This movie was extremely boring .",negative
"Today, I highly recommend this in my opinion.",positive
"Honestly, I watched the latest episode today.",neutral
The service was excellent #twitter,positive
"Overall, The team will meet next week .",neutral
I am checking the latest information #twitter,neutral
"Today, I am very disappointed with the results #review",negative
"Personally, The new features are useless honestly.",negative
"Just saying, This update is awesome in my opinion.",positive
"For me, The new features are useless .",negative
"Overall, This is amazing and works perfectly honestly.",positive
"In my opinion, The company released a new announcement in my opinion.",neutral
This is exactly what I wanted .,positive
"Honestly, Absolutely awful experience in my opinion.",negative
"Right now, This is amazing and works perfectly .",positive
"Honestly, The meeting is scheduled for tomorrow .",neutral
"In my opinion, Absolutely awful experience honestly.",negative
"After trying it, The weather is cloudy today #review",neutral
I am reading the news right now .,neutral
"Today, I am satisfied with the results #twitter",positive
"Today, I really disliked this experience honestly.",negative
"Right now, Absolutely fantastic experience in my opinion.",positive
"In my opinion, I would not recommend this in my opinion.",negative
"After trying it, What a wonderful experience today .",positive
"After trying it, I am checking the latest information .",neutral
The team did an amazing job .,positive
"For me, Absolutely fantastic experience .",positive
"Honestly, I really enjoyed this experience .",positive
"In my opinion, I am disappointed with the quality .",negative
I am reading the news right now after trying it.,neutral
"In my opinion, Absolutely fantastic experience .",positive
"Just saying, What a wonderful experience today .",positive
"Today, This movie was fantastic",positive
"Personally, The company released a new announcement .",neutral
"Overall, I absolutely love this product .",positive
"Right now, This update is awesome .",positive
"Overall, I am impressed with the quality #review",positive
"For me, The team did an amazing job in my opinion.",positive
"After trying it, Absolutely fantastic experience .",positive
"After trying it, The team did a terrible job today.",negative
"Overall, Such a horrible day .",negative
"For me, I am checking the latest information .",neutral
"After trying it, The store opens at 9 AM .",neutral
"Today, I am very disappointed with the results .",negative
"For me, The product is available in three colors .",neutral
"In my opinion, The class begins at 10 AM",neutral
"Personally, Feeling great and positive today today.",positive
"Right now, The new features are useless .",negative
"Honestly, Feeling great and positive today in my opinion.",positive
"After trying it, I am impressed with the quality #review",positive
"Honestly, I am impressed with the quality .",positive
"Just saying, I absolutely love this product .",positive
"In my opinion, Such a horrible day right now.",negative
"Today, The application has been updated #review",neutral
"For me, This is not what I wanted right now.",negative
"Just saying, I am disappointed with the quality",negative
Absolutely fantastic experience .,positive
"Personally, I am reading the news right now .",neutral
"Personally, What a horrible experience today .",negative
"Today, The temperature is around 25 degrees .",neutral
"Overall, I received the package this morning honestly.",neutral
"Honestly, I watched the latest episode .",neutral
"After trying it, The class begins at 10 AM .",neutral
"For me, The team will meet next week .",neutral
"For me, This made my day so much better in my opinion.",positive
"In my opinion, The new features are useless .",negative
"Today, Best purchase I have made in a long time .",positive
"Personally, The company released a new announcement .",neutral
"Right now, Worst purchase I have made today.",negative
"Right now, The results will be announced later .",neutral
"Right now, Absolutely awful experience today.",negative
"After trying it, What a wonderful experience today .",positive
"Honestly, This movie was extremely boring right now.",negative
"Right now, Absolutely awful experience .",negative
"Honestly, Everything worked perfectly after trying it.",positive
I absolutely hate this product .,negative
"Today, The meeting is scheduled for tomorrow #review",neutral
"For me, This is amazing and works perfectly after trying it.",positive
"For me, I am satisfied with the results .",positive
"Right now, The application has been updated today.",neutral
"Right now, This is not what I wanted .",negative
"Right now, The report was published today .",neutral
"Just saying, This update is awesome after trying it.",positive
"Personally, What a horrible experience today after trying it.",negative
"Overall, I watched the latest episode honestly.",neutral
"Personally, Absolutely fantastic experience honestly.",positive
"Honestly, I highly recommend this #review",positive
"Right now, This is not what I wanted .",negative
"Just saying, The weather is cloudy today .",neutral
"After trying it, I really enjoyed this experience .",positive
I really disliked this experience .,negative
"Honestly, The report was published today #review",neutral
This made my day much worse .,negative
"Right now, I am reading the news right now honestly.",neutral
"Today, The application has been updated right now.",neutral
"Honestly, The company released a new announcement .",neutral
"In my opinion, I absolutely love this product after trying it.",positive
"After trying it, Everything worked perfectly right now.",positive
"Overall, I am disappointed with the quality .",negative
"For me, Absolutely fantastic experience .",positive
This update is awesome #review,positive
"For me, What a horrible experience today .",negative
"Honestly, Feeling great and positive today .",positive
"Today, Feeling frustrated and disappointed today right now.",negative
"Just saying, Such a horrible day #twitter",negative
"After trying it, I absolutely love this product .",positive
"Overall, This is terrible and does not work .",negative
"Overall, Feeling great and positive today .",positive
"Honestly, The team did a terrible job .",negative
This is terrible and does not work #review,negative
"Right now, I am very disappointed with the results .",negative
"In my opinion, Absolutely fantastic experience #twitter",positive
"Honestly, The team did a terrible job #review",negative
"After trying it, What a wonderful experience today .",positive
The meeting is scheduled for tomorrow today.,neutral
"Personally, The event starts at 6 PM #review",neutral
"In my opinion, I absolutely love this product .",positive
"Today, This is exactly what I wanted #review",positive
"In my opinion, This is exactly what I wanted #twitter",positive
"After trying it, I am reading the news right now",neutral
"Today, I am very happy with the results .",positive
"Honestly, The product is available in three colors .",neutral
"Honestly, Such a horrible day .",negative
"In my opinion, The service was awful .",negative
"Personally, The company released a new announcement .",neutral
"Honestly, I highly recommend this honestly.",positive
"In my opinion, I am disappointed with the quality .",negative
"In my opinion, I highly recommend this after trying it.",positive
"In my opinion, The company released a new announcement #review",neutral
Best purchase I have made in a long time .,positive
"Right now, Worst purchase I have made .",negative
"Just saying, The new features are useless .",negative
"Just saying, I absolutely hate this product after trying it.",negative
"Just saying, I am checking the latest information after trying it.",neutral
"For me, I am very disappointed with the results .",negative
"Overall, Everything worked perfectly .",positive
"Personally, Best purchase I have made in a long time .",positive
"After trying it, What a horrible experience today today.",negative
"After trying it, Best purchase I have made in a long time honestly.",positive
"In my opinion, This update is awesome .",positive
"Honestly, The event starts at 6 PM .",neutral
"Overall, I absolutely love this product",positive
"After trying it, I am satisfied with the results .",positive
"Personally, The application has been updated",neutral
"For me, I am reading the news right now .",neutral
"Overall, I watched the latest episode",neutral
"Right now, This is exactly what I wanted .",positive
"Today, The service was awful #twitter",negative
"In my opinion, The meeting is scheduled for tomorrow .",neutral
"In my opinion, This is amazing and works perfectly after trying it.",positive
"After trying it, Best purchase I have made in a long time .",positive
"For me, This made my day much worse right now.",negative
The meeting is scheduled for tomorrow .,neutral
"Honestly, I highly recommend this .",positive
"Today, This is not what I wanted .",negative
"Honestly, Everything worked perfectly .",positive
"Personally, This movie was fantastic #twitter",positive
"Right now, This is terrible and does not work after trying it.",negative
"Overall, This made my day so much better honestly.",positive
"Personally, This movie was fantastic #review",positive
"Today, Everything went completely wrong .",negative
"In my opinion, I received the package this morning today.",neutral
"After trying it, I am satisfied with the results honestly.",positive
"Honestly, Feeling great and positive today honestly.",positive
"In my opinion, Best purchase I have made in a long time .",positive
"For me, Everything went completely wrong right now.",negative
"Right now, Such a horrible day in my opinion.",negative
"Honestly, Feeling great and positive today #twitter",positive
"Personally, The service was excellent .",positive
"Just saying, I highly recommend this right now.",positive
"Just saying, This is amazing and works perfectly today.",positive
Feeling great and positive today right now.,positive
"Today, I am checking the latest information #review",neutral
"Personally, I really enjoyed this experience .",positive
"Overall, This made my day so much better .",positive
"Personally, I watched the latest episode .",neutral
"For me, Best purchase I have made in a long time #twitter",positive
"Overall, I highly recommend this .",positive
"Just saying, Everything worked perfectly .",positive
"For me, The service was excellent after trying it.",positive
"Right now, I am very disappointed with the results #twitter",negative
"Overall, This movie was extremely boring .",negative
"Just saying, I really disliked this experience #twitter",negative
"Personally, I am reading the news right now right now.",neutral
The service was excellent .,positive
"For me, The results will be announced later .",neutral
Such a horrible day today.,negative
"Overall, Feeling frustrated and disappointed today right now.",negative
"Right now, The website is currently available right now.",neutral
"Overall, The flight is scheduled for Monday",neutral
"In my opinion, This update is awesome today.",positive
"Personally, This update is terrible .",negative
"Honestly, I would not recommend this",negative
"Honestly, Everything went completely wrong in my opinion.",negative
"Right now, Absolutely fantastic experience honestly.",positive
"Right now, This is terrible and does not work #twitter",negative
"Overall, I received the package this morning .",neutral
"After trying it, I watched the latest episode .",neutral
"In my opinion, The weather is cloudy today",neutral
"Honestly, Such a beautiful day .",positive
"Just saying, The event starts at 6 PM .",neutral
"Right now, I received the package this morning .",neutral
"After trying it, I would not recommend this .",negative
"Personally, Best purchase I have made in a long time .",positive
"Personally, I am disappointed with the quality #review",negative
"Today, Worst purchase I have made",negative
"Honestly, I really disliked this experience .",negative
"Right now, This is not what I wanted .",negative
"Overall, Absolutely awful experience .",negative
"Today, The class begins at 10 AM .",neutral
"Just saying, This update is terrible .",negative
"Right now, The results will be announced later #review",neutral
"After trying it, This movie was extremely boring .",negative
"In my opinion, I am satisfied with the results #twitter",positive
"Just saying, I highly recommend this",positive
"Today, This update is awesome .",positive
"For me, I really disliked this experience .",negative
"Just saying, The report was published today .",neutral
"Right now, What a wonderful experience today in my opinion.",positive
"Overall, Worst purchase I have made after trying it.",negative
"After trying it, I am unhappy with the results",negative
"Overall, The team did an amazing job .",positive
"Personally, I am very happy with the results in my opinion.",positive
"Honestly, The new features are useless .",negative
"For me, The application has been updated .",neutral
"Overall, The team did a terrible job .",negative
"After trying it, This update is awesome .",positive
"Overall, I am reading the news right now .",neutral
"Personally, The company released a new announcement .",neutral
"Personally, I am reading the news right now today.",neutral
"For me, I would not recommend this in my opinion.",negative
"In my opinion, I am disappointed with the quality #review",negative
"Honestly, The report was published today in my opinion.",neutral
"Today, I am reading the news right now right now.",neutral
"Right now, This update is terrible in my opinion.",negative
"Overall, Absolutely awful experience .",negative
"Just saying, This is exactly what I wanted #review",positive
I am very happy with the results .,positive
"Honestly, I am checking the latest information .",neutral
"Today, I am unhappy with the results .",negative
"Just saying, This made my day much worse .",negative
"After trying it, Best purchase I have made in a long time .",positive
"For me, This is exactly what I wanted .",positive
"Right now, The weather is cloudy today in my opinion.",neutral
"In my opinion, Feeling great and positive today .",positive
"Personally, Feeling great and positive today .",positive
"In my opinion, Absolutely fantastic experience .",positive
"Honestly, The new features are brilliant .",positive
"In my opinion, I am disappointed with the quality .",negative
"Honestly, Such a horrible day .",negative
"Overall, I am unhappy with the results right now.",negative
"Today, This is amazing and works perfectly #twitter",positive
"For me, Feeling frustrated and disappointed today .",negative
"Today, Best purchase I have made in a long time right now.",positive
"For me, The team did an amazing job #twitter",positive
"Personally, The team did an amazing job today.",positive
"After trying it, The new features are brilliant .",positive
"Personally, I am very happy with the results .",positive
"Today, The class begins at 10 AM .",neutral
"After trying it, I highly recommend this right now.",positive
"After trying it, This update is terrible .",negative
The new features are useless in my opinion.,negative
"For me, The application has been updated .",neutral
The temperature is around 25 degrees right now.,neutral
"For me, The company released a new announcement after trying it.",neutral
"Overall, The weather is cloudy today .",neutral
"Right now, Such a beautiful day #twitter",positive
"For me, The meeting is scheduled for tomorrow honestly.",neutral
"Right now, I am very disappointed with the results honestly.",negative
"Just saying, I really enjoyed this experience #twitter",positive
"Honestly, I really enjoyed this experience #twitter",positive
"For me, The meeting is scheduled for tomorrow today.",neutral
The meeting is scheduled for tomorrow,neutral
"For me, The store opens at 9 AM .",neutral
"Right now, I am satisfied with the results after trying it.",positive
"In my opinion, The service was excellent today.",positive
"Right now, This update is terrible .",negative
"For me, Such a horrible day .",negative
The meeting is scheduled for tomorrow right now.,neutral
"For me, The class begins at 10 AM in my opinion.",neutral
"Honestly, I am very happy with the results",positive
"In my opinion, This is terrible and does not work in my opinion.",negative
"In my opinion, The flight is scheduled for Monday .",neutral
"Overall, I really disliked this experience #review",negative
"Overall, The train arrived at the station honestly.",neutral
"After trying it, Worst purchase I have made .",negative
The application has been updated .,neutral
"Right now, I received the package this morning .",neutral
"For me, The team will meet next week .",neutral
"After trying it, Such a beautiful day after trying it.",positive
"Honestly, Absolutely awful experience .",negative
"In my opinion, Feeling frustrated and disappointed today .",negative
"Personally, I absolutely love this product right now.",positive
"Honestly, The event starts at 6 PM .",neutral
"Honestly, This made my day so much better #twitter",positive
"For me, The store opens at 9 AM #review",neutral
"Right now, This is not what I wanted .",negative
What a horrible experience today right now.,negative
"After trying it, The new features are useless #review",negative
"Overall, The weather is cloudy today .",neutral
"Personally, Absolutely awful experience after trying it.",negative
I am very happy with the results .,positive
"Honestly, The application has been updated right now.",neutral
"Personally, The report was published today in my opinion.",neutral
The report was published today .,neutral
"Overall, Best purchase I have made in a long time in my opinion.",positive
Such a horrible day .,negative
"After trying it, Best purchase I have made in a long time .",positive
"Honestly, The team did an amazing job .",positive
I highly recommend this .,positive
"For me, The train arrived at the station after trying it.",neutral
"Just saying, Worst purchase I have made #review",negative
"Personally, The train arrived at the station honestly.",neutral
"Just saying, This made my day much worse .",negative
"Personally, Worst purchase I have made .",negative
"After trying it, I would not recommend this right now.",negative
I really enjoyed this experience .,positive
"Overall, Feeling frustrated and disappointed today #review",negative
"Personally, Feeling great and positive today .",positive
"Honestly, I highly recommend this #twitter",positive
"After trying it, I am very happy with the results #twitter",positive
"In my opinion, I am reading the news right now today.",neutral
"Today, The product is available in three colors .",neutral
"In my opinion, I watched the latest episode today.",neutral
"Overall, Absolutely fantastic experience in my opinion.",positive
"Personally, The weather is cloudy today .",neutral
"Personally, Feeling frustrated and disappointed today after trying it.",negative
"Personally, What a wonderful experience today after trying it.",positive
The weather is cloudy today .,neutral
"Honestly, This is terrible and does not work in my opinion.",negative
"In my opinion, I highly recommend this .",positive
"Right now, Feeling great and positive today .",positive
"For me, Everything worked perfectly .",positive
"Just saying, The weather is cloudy today right now.",neutral
The meeting is scheduled for tomorrow honestly.,neutral
"In my opinion, This made my day so much better right now.",positive
"Just saying, I am very happy with the results .",positive
"Overall, The new features are brilliant today.",positive
"Overall, I am unhappy with the results #review",negative
"Personally, This is amazing and works perfectly .",positive
"Today, Absolutely fantastic experience today.",positive
"Honestly, The team did a terrible job",negative
"Personally, I am reading the news right now .",neutral
This is terrible and does not work .,negative
"Just saying, The product is available in three colors .",neutral
"For me, The team did a terrible job .",negative
"Honestly, I am very happy with the results right now.",positive
"Right now, I am disappointed with the quality .",negative
"Overall, Absolutely fantastic experience after trying it.",positive
"Today, Feeling great and positive today today.",positive
"Honestly, The train arrived at the station today.",neutral
I am satisfied with the results after trying it.,positive
"Honestly, The team did a terrible job .",negative
"Just saying, This update is terrible .",negative
"Right now, This movie was fantastic .",positive
"Just saying, The class begins at 10 AM .",neutral
"In my opinion, The service was excellent .",positive
I am very happy with the results .,positive
"Overall, The new features are brilliant .",positive
"After trying it, The service was awful after trying it.",negative
"Personally, The weather is cloudy today .",neutral
"Today, The new features are brilliant .",positive
"After trying it, I am impressed with the quality right now.",positive
"Just saying, The class begins at 10 AM .",neutral
"Personally, This movie was fantastic right now.",positive
"In my opinion, Such a horrible day today.",negative
Such a beautiful day today.,positive
This made my day much worse in my opinion.,negative
"Personally, I really disliked this experience .",negative
"In my opinion, This is not what I wanted in my opinion.",negative
"Overall, This update is awesome today.",positive
"Overall, This is amazing and works perfectly .",positive
"In my opinion, The class begins at 10 AM today.",neutral
"Just saying, I am checking the latest information today.",neutral
"Personally, I am unhappy with the results .",negative
"Honestly, I received the package this morning .",neutral
"Today, I am impressed with the quality .",positive
"For me, The website is currently available .",neutral
"Personally, Everything worked perfectly today.",positive
"After trying it, The team did a terrible job honestly.",negative
"After trying it, I am reading the news right now in my opinion.",neutral
"Overall, I really enjoyed this experience .",positive
"After trying it, I am unhappy with the results today.",negative
"In my opinion, I am satisfied with the results #twitter",positive
I am very happy with the results .,positive
"Right now, The service was excellent honestly.",positive
"Personally, The team will meet next week #review",neutral
"Today, This is amazing and works perfectly #review",positive
"Overall, Best purchase I have made in a long time",positive
"Honestly, The company released a new announcement .",neutral
"Personally, I watched the latest episode .",neutral
"Just saying, I really disliked this experience",negative
"Today, The results will be announced later after trying it.",neutral
"Today, I am impressed with the quality .",positive
"Overall, This movie was fantastic .",positive
"Today, I absolutely hate this product .",negative
"After trying it, Worst purchase I have made honestly.",negative
"Overall, I am reading the news right now honestly.",neutral
"Just saying, I am very happy with the results today.",positive
"In my opinion, Such a horrible day right now.",negative
"In my opinion, I am unhappy with the results .",negative
"Overall, The class begins at 10 AM today.",neutral
"Personally, I am reading the news right now honestly.",neutral
"Personally, I watched the latest episode .",neutral
"Today, The team will meet next week .",neutral
"Honestly, The team will meet next week today.",neutral
"After trying it, This is exactly what I wanted in my opinion.",positive
"In my opinion, The store opens at 9 AM honestly.",neutral
The website is currently available .,neutral
"Honestly, I am disappointed with the quality #twitter",negative
"Honestly, I absolutely hate this product .",negative
The class begins at 10 AM today.,neutral
"After trying it, Everything went completely wrong #twitter",negative
"Just saying, I watched the latest episode #twitter",neutral
"For me, I am disappointed with the quality",negative
I highly recommend this,positive
"In my opinion, This is exactly what I wanted today.",positive
Such a beautiful day .,positive
"For me, I am satisfied with the results honestly.",positive
"Honestly, The temperature is around 25 degrees after trying it.",neutral
"Just saying, This is terrible and does not work .",negative
"Today, This movie was extremely boring honestly.",negative
"After trying it, The new features are useless #review",negative
"Honestly, Absolutely awful experience .",negative
"In my opinion, I am very happy with the results #review",positive
"Today, This movie was extremely boring after trying it.",negative
I am reading the news right now .,neutral
Everything went completely wrong .,negative
"After trying it, What a wonderful experience today .",positive
"Overall, I really disliked this experience .",negative
"In my opinion, I received the package this morning #review",neutral
"After trying it, I would not recommend this .",negative
"After trying it, The weather is cloudy today .",neutral
"For me, The report was published today",neutral
"Just saying, I absolutely love this product",positive
"In my opinion, I received the package this morning honestly.",neutral
"Overall, This update is terrible after trying it.",negative
"Personally, I absolutely hate this product .",negative
"Personally, This is terrible and does not work .",negative
"In my opinion, I absolutely hate this product .",negative
"Just saying, Absolutely fantastic experience .",positive
"Right now, I am satisfied with the results .",positive
"Right now, Everything worked perfectly in my opinion.",positive
"Personally, I really enjoyed this experience right now.",positive
"Honestly, Such a horrible day today.",negative
"Just saying, Absolutely fantastic experience",positive
"Today, I received the package this morning",neutral
"Overall, I absolutely love this product .",positive
"Just saying, The team did a terrible job today.",negative
"Today, The website is currently available #review",neutral
"Just saying, The team did an amazing job .",positive
"Overall, The application has been updated right now.",neutral
The team did an amazing job after trying it.,positive
"Today, Worst purchase I have made honestly.",negative
"Just saying, This movie was fantastic .",positive
I am impressed with the quality today.,positive
The weather is cloudy today,neutral
"Personally, Such a beautiful day .",positive
"Personally, The service was awful .",negative
"Overall, Absolutely awful experience .",negative
"After trying it, The new features are useless in my opinion.",negative
"Today, The results will be announced later right now.",neutral
"In my opinion, I am reading the news right now .",neutral
"Right now, I am checking the latest information after trying it.",neutral
"Honestly, This update is terrible honestly.",negative
"Today, I received the package this morning .",neutral
"Overall, The team will meet next week right now.",neutral
"Right now, Such a horrible day",negative
"Honestly, I am satisfied with the results after trying it.",positive
"After trying it, I received the package this morning honestly.",neutral
"Today, The team did a terrible job .",negative
"Personally, The application has been updated after trying it.",neutral
"Personally, I really disliked this experience .",negative
The new features are useless .,negative
"Right now, Such a beautiful day right now.",positive
"Personally, This is not what I wanted in my opinion.",negative
"For me, This update is terrible right now.",negative
"Overall, What a wonderful experience today honestly.",positive
"Personally, Everything went completely wrong .",negative
"After trying it, I absolutely hate this product today.",negative
"Personally, I absolutely love this product after trying it.",positive
"Just saying, The service was awful today.",negative
"In my opinion, The store opens at 9 AM",neutral
"After trying it, The results will be announced later in my opinion.",neutral
"Right now, The report was published today in my opinion.",neutral
"Personally, The team did a terrible job .",negative
"Just saying, This is exactly what I wanted in my opinion.",positive
"Today, I really enjoyed this experience .",positive
"Overall, I am disappointed with the quality #twitter",negative
"After trying it, The new features are useless .",negative
"Personally, I am impressed with the quality .",positive
"For me, I really disliked this experience honestly.",negative
"After trying it, Worst purchase I have made",negative
"After trying it, What a wonderful experience today honestly.",positive
"Personally, Everything worked perfectly .",positive
"After trying it, Such a beautiful day .",positive
The service was awful honestly.,negative
"Today, I am unhappy with the results",negative
"Honestly, The service was awful .",negative
The website is currently available .,neutral
"In my opinion, I received the package this morning .",neutral
"For me, The new features are brilliant honestly.",positive
"Today, Absolutely awful experience .",negative
"Honestly, The new features are useless .",negative
"Overall, I watched the latest episode",neutral
"For me, The store opens at 9 AM today.",neutral
"Honestly, The flight is scheduled for Monday .",neutral
"After trying it, The company released a new announcement .",neutral
"For me, I really disliked this experience .",negative
"Overall, I am checking the latest information .",neutral
"In my opinion, Feeling frustrated and disappointed today right now.",negative
"Personally, Absolutely awful experience honestly.",negative
"Personally, I really disliked this experience right now.",negative
"For me, This is terrible and does not work after trying it.",negative
I watched the latest episode,neutral
"Overall, I am reading the news right now in my opinion.",neutral
"Overall, The new features are useless #review",negative
"Personally, I would not recommend this .",negative
Everything worked perfectly .,positive
"Just saying, What a wonderful experience today honestly.",positive
"Just saying, The flight is scheduled for Monday .",neutral
The flight is scheduled for Monday .,neutral
I am satisfied with the results .,positive
"For me, The package contains two items #twitter",neutral
"For me, This made my day so much better #review",positive
"Just saying, The event starts at 6 PM right now.",neutral
"In my opinion, I am very happy with the results right now.",positive
"After trying it, The meeting is scheduled for tomorrow after trying it.",neutral
"After trying it, I am very disappointed with the results today.",negative
"After trying it, I am very disappointed with the results .",negative
"Honestly, The package contains two items .",neutral
"For me, This made my day so much better .",positive
"Today, The store opens at 9 AM .",neutral
"Right now, This made my day much worse .",negative
"In my opinion, The meeting is scheduled for tomorrow .",neutral
This made my day much worse today.,negative
"Honestly, The team did a terrible job .",negative
"After trying it, I received the package this morning .",neutral
"Overall, I am reading the news right now honestly.",neutral
I would not recommend this right now.,negative
"Honestly, The package contains two items .",neutral
"Honestly, Best purchase I have made in a long time #review",positive
"Today, This movie was fantastic #twitter",positive
"For me, This made my day so much better .",positive
"After trying it, I received the package this morning .",neutral
I am reading the news right now,neutral
"Honestly, I am very happy with the results honestly.",positive
What a horrible experience today #review,negative
"Today, I absolutely love this product honestly.",positive
"After trying it, The application has been updated right now.",neutral
"For me, I would not recommend this .",negative
"In my opinion, The meeting is scheduled for tomorrow #twitter",neutral
"Today, This update is awesome .",positive
I am satisfied with the results today.,positive
"After trying it, The website is currently available after trying it.",neutral
"Overall, The new features are brilliant today.",positive
"After trying it, The event starts at 6 PM after trying it.",neutral
"Today, I am checking the latest information .",neutral
"Honestly, The team will meet next week in my opinion.",neutral
"For me, The new features are brilliant #twitter",positive
"Just saying, This update is terrible .",negative
"Just saying, I am unhappy with the results honestly.",negative
"Personally, I absolutely love this product .",positive
"Just saying, Feeling frustrated and disappointed today today.",negative
"For me, I really enjoyed this experience right now.",positive
This is not what I wanted #review,negative
"After trying it, The new features are brilliant in my opinion.",positive
"Personally, I am impressed with the quality .",positive
"Today, The event starts at 6 PM .",neutral
"For me, Everything worked perfectly",positive
"Today, This is exactly what I wanted",positive
"Right now, Absolutely fantastic experience",positive
"For me, The new features are brilliant .",positive
"Today, This is not what I wanted .",negative
"For me, Absolutely awful experience after trying it.",negative
"After trying it, This is not what I wanted after trying it.",negative
"Just saying, This movie was fantastic .",positive
"For me, The weather is cloudy today .",neutral
"Honestly, I would not recommend this .",negative
"Right now, I am disappointed with the quality right now.",negative
"For me, The team did an amazing job .",positive
The application has been updated .,neutral
I watched the latest episode .,neutral
"In my opinion, This is terrible and does not work .",negative
"Right now, Best purchase I have made in a long time #review",positive
"After trying it, I am reading the news right now .",neutral
"In my opinion, This is not what I wanted .",negative
"Today, The meeting is scheduled for tomorrow today.",neutral
"Overall, The class begins at 10 AM .",neutral
I really disliked this experience .,negative
The report was published today in my opinion.,neutral
"Overall, Such a horrible day honestly.",negative
"After trying it, The team did a terrible job .",negative
"Personally, The application has been updated .",neutral
"Personally, The results will be announced later honestly.",neutral
"Just saying, The class begins at 10 AM .",neutral
"Just saying, Everything worked perfectly honestly.",positive
"After trying it, I am impressed with the quality right now.",positive
"Just saying, This made my day so much better right now.",positive
"In my opinion, The train arrived at the station #review",neutral
"After trying it, Best purchase I have made in a long time .",positive
"Personally, The store opens at 9 AM",neutral
"In my opinion, I would not recommend this #twitter",negative
"Just saying, The flight is scheduled for Monday today.",neutral
"Honestly, Everything worked perfectly .",positive
"In my opinion, I am unhappy with the results .",negative
"Right now, The new features are brilliant after trying it.",positive
"In my opinion, Worst purchase I have made .",negative
Such a beautiful day .,positive
"Overall, Worst purchase I have made .",negative
"Just saying, Feeling great and positive today honestly.",positive
"In my opinion, Worst purchase I have made #twitter",negative
"In my opinion, The class begins at 10 AM today.",neutral
"Right now, I am satisfied with the results .",positive
"For me, Such a beautiful day .",positive
"Honestly, The product is available in three colors after trying it.",neutral
"Right now, Feeling great and positive today #review",positive
"Right now, I am checking the latest information .",neutral
"In my opinion, I am satisfied with the results honestly.",positive
"In my opinion, I am very happy with the results #twitter",positive
"For me, I received the package this morning #review",neutral
"Today, The flight is scheduled for Monday .",neutral
"Personally, This update is terrible honestly.",negative
"For me, This made my day so much better .",positive
"Just saying, Everything worked perfectly #review",positive
"Today, Worst purchase I have made .",negative
"Overall, This is exactly what I wanted .",positive
"After trying it, The package contains two items .",neutral
I am unhappy with the results #review,negative
"Just saying, The package contains two items honestly.",neutral
"Just saying, The new features are brilliant .",positive
"Overall, Best purchase I have made in a long time",positive
"In my opinion, I absolutely hate this product",negative
"Today, The team will meet next week in my opinion.",neutral
"Honestly, This update is awesome .",positive
"Right now, This is exactly what I wanted .",positive
"Right now, The package contains two items .",neutral
"For me, I am checking the latest information .",neutral
"Right now, Feeling great and positive today .",positive
"Personally, The team will meet next week after trying it.",neutral
"After trying it, The package contains two items .",neutral
"Overall, This update is terrible",negative
"For me, Such a beautiful day right now.",positive
"Right now, I absolutely hate this product .",negative
Absolutely fantastic experience after trying it.,positive
"For me, I am impressed with the quality #review",positive
"In my opinion, The new features are brilliant right now.",positive
"Personally, Feeling great and positive today #review",positive
"In my opinion, The new features are useless .",negative
"Honestly, Feeling great and positive today .",positive
"Right now, This movie was extremely boring .",negative
"After trying it, I absolutely hate this product .",negative
"After trying it, The team did an amazing job .",positive
"Just saying, The application has been updated .",neutral
"Just saying, I am unhappy with the results .",negative
"Just saying, I am unhappy with the results in my opinion.",negative
"Today, The class begins at 10 AM .",neutral
"Personally, I am reading the news right now right now.",neutral
"In my opinion, I absolutely love this product honestly.",positive
"Honestly, Everything worked perfectly today.",positive
This is exactly what I wanted .,positive
This made my day so much better right now.,positive
"Today, Everything went completely wrong after trying it.",negative
"Overall, The new features are useless .",negative
"For me, The application has been updated .",neutral
"Overall, Such a horrible day .",negative
"Personally, Worst purchase I have made .",negative
"Today, The team will meet next week .",neutral
"In my opinion, The package contains two items #twitter",neutral
"Today, The class begins at 10 AM honestly.",neutral
"Honestly, The product is available in three colors .",neutral
"Right now, The team did a terrible job .",negative
"Honestly, Everything worked perfectly right now.",positive
"Just saying, The event starts at 6 PM in my opinion.",neutral
"Today, This update is awesome in my opinion.",positive
"Overall, I am disappointed with the quality today.",negative
"In my opinion, The service was excellent .",positive
"After trying it, I watched the latest episode right now.",neutral
"Personally, I watched the latest episode .",neutral
"Personally, This update is terrible .",negative
"Personally, The class begins at 10 AM honestly.",neutral
"In my opinion, Absolutely awful experience .",negative
"Overall, I would not recommend this .",negative
"For me, The flight is scheduled for Monday #review",neutral
"Personally, I really disliked this experience today.",negative
"In my opinion, The company released a new announcement right now.",neutral
"Right now, Everything worked perfectly .",positive
"Today, The temperature is around 25 degrees",neutral
"Today, The new features are useless .",negative
"Honestly, The package contains two items honestly.",neutral
"Today, This movie was extremely boring right now.",negative
"After trying it, What a horrible experience today #review",negative
"For me, The service was awful right now.",negative
"Personally, I really disliked this experience .",negative
"After trying it, Such a beautiful day .",positive
"After trying it, The report was published today",neutral
"After trying it, I am very happy with the results honestly.",positive
"Today, This is terrible and does not work #twitter",negative
I am reading the news right now right now.,neutral
"For me, I highly recommend this honestly.",positive
"In my opinion, The report was published today",neutral
"Right now, I am very disappointed with the results #twitter",negative
"Personally, I am satisfied with the results #twitter",positive
"Personally, The report was published today in my opinion.",neutral
"Right now, This made my day so much better .",positive
"For me, Absolutely fantastic experience .",positive
"After trying it, The store opens at 9 AM .",neutral
The team did a terrible job after trying it.,negative
"Right now, Worst purchase I have made honestly.",negative
I am unhappy with the results .,negative
"For me, This is amazing and works perfectly .",positive
"After trying it, This is terrible and does not work .",negative
"Personally, This is terrible and does not work today.",negative
"For me, This is terrible and does not work .",negative
"Today, The package contains two items .",neutral
"Right now, I really enjoyed this experience .",positive
"Overall, The service was excellent",positive
"Honestly, Feeling great and positive today .",positive
"Overall, I am satisfied with the results .",positive
"Right now, Such a horrible day after trying it.",negative
"Personally, Such a beautiful day .",positive
I really disliked this experience today.,negative
"Honestly, Absolutely awful experience after trying it.",negative
"Personally, The service was excellent .",positive
"Right now, Everything went completely wrong .",negative
"In my opinion, I am checking the latest information honestly.",neutral
"Just saying, This movie was fantastic .",positive
"In my opinion, I am checking the latest information in my opinion.",neutral
"Today, This is not what I wanted",negative
"After trying it, I am checking the latest information honestly.",neutral
"After trying it, The service was excellent in my opinion.",positive
"For me, The application has been updated #review",neutral
"Honestly, The store opens at 9 AM .",neutral
"After trying it, This is amazing and works perfectly #twitter",positive
"Personally, This is not what I wanted in my opinion.",negative
"Just saying, Everything worked perfectly right now.",positive
"Today, Such a beautiful day .",positive
"Personally, The new features are brilliant .",positive
I received the package this morning .,neutral
"After trying it, Worst purchase I have made .",negative
"Personally, This movie was fantastic in my opinion.",positive
"Just saying, The meeting is scheduled for tomorrow right now.",neutral
"Today, The new features are brilliant #twitter",positive
"Right now, I highly recommend this today.",positive
"In my opinion, I am satisfied with the results .",positive
"After trying it, I am satisfied with the results honestly.",positive
"Right now, This is exactly what I wanted",positive
"In my opinion, Absolutely awful experience .",negative
This is amazing and works perfectly .,positive
"Overall, This update is terrible today.",negative
"For me, What a wonderful experience today .",positive
"For me, This is exactly what I wanted .",positive
"Personally, I received the package this morning .",neutral
"In my opinion, I am satisfied with the results .",positive
"Today, I absolutely love this product #review",positive
"Just saying, Everything worked perfectly right now.",positive
"For me, Everything went completely wrong",negative
"For me, I am very happy with the results in my opinion.",positive
"In my opinion, The new features are useless .",negative
"Right now, This is exactly what I wanted in my opinion.",positive
"Today, The class begins at 10 AM right now.",neutral
"Honestly, I absolutely love this product #review",positive
"Right now, Best purchase I have made in a long time",positive
"For me, The temperature is around 25 degrees right now.",neutral
The report was published today .,neutral
"In my opinion, I absolutely love this product right now.",positive
"Personally, Feeling great and positive today after trying it.",positive
Absolutely fantastic experience .,positive
"For me, I am checking the latest information .",neutral
"In my opinion, Such a horrible day .",negative
"Personally, The package contains two items after trying it.",neutral
The application has been updated,neutral
"Honestly, The team did an amazing job after trying it.",positive
"After trying it, Absolutely awful experience today.",negative
"Overall, This made my day so much better #twitter",positive
"For me, This update is terrible right now.",negative
What a wonderful experience today honestly.,positive
"Just saying, The new features are useless .",negative
"Personally, I received the package this morning .",neutral
"In my opinion, Best purchase I have made in a long time .",positive
"Personally, I watched the latest episode .",neutral
"In my opinion, This is not what I wanted in my opinion.",negative
"Right now, The report was published today honestly.",neutral
"Today, This movie was fantastic .",positive
"For me, The flight is scheduled for Monday .",neutral
"Just saying, I absolutely hate this product today.",negative
"Right now, I really disliked this experience .",negative
"Honestly, I am impressed with the quality #twitter",positive
"Today, The application has been updated",neutral
"In my opinion, The report was published today after trying it.",neutral
"After trying it, Everything worked perfectly .",positive
"After trying it, I received the package this morning",neutral
"Overall, The temperature is around 25 degrees .",neutral
"For me, I absolutely hate this product .",negative
The meeting is scheduled for tomorrow .,neutral
"After trying it, This movie was fantastic",positive
"Honestly, Absolutely awful experience .",negative
"In my opinion, I really enjoyed this experience .",positive
"Just saying, The store opens at 9 AM right now.",neutral
"Just saying, The train arrived at the station #review",neutral
I am reading the news right now in my opinion.,neutral
"Honestly, The store opens at 9 AM .",neutral
"After trying it, The temperature is around 25 degrees in my opinion.",neutral
"Honestly, I absolutely love this product after trying it.",positive
"After trying it, The service was awful .",negative
"For me, This update is terrible .",negative
"Honestly, Everything went completely wrong today.",negative
"Just saying, I would not recommend this after trying it.",negative
"Overall, I really disliked this experience .",negative
"Personally, This update is terrible right now.",negative
"After trying it, This update is terrible .",negative
"After trying it, This is exactly what I wanted .",positive
"In my opinion, I really disliked this experience in my opinion.",negative
"In my opinion, The meeting is scheduled for tomorrow after trying it.",neutral
The new features are useless in my opinion.,negative
"Right now, This is not what I wanted .",negative
"After trying it, Feeling great and positive today .",positive
"For me, I am disappointed with the quality #review",negative
"Overall, I received the package this morning #twitter",neutral
"For me, I am impressed with the quality today.",positive
"Just saying, This is exactly what I wanted right now.",positive
"For me, This movie was extremely boring honestly.",negative
"Personally, Feeling great and positive today .",positive
"Honestly, The website is currently available honestly.",neutral
"For me, I would not recommend this .",negative
"Overall, Such a beautiful day right now.",positive
"In my opinion, The temperature is around 25 degrees today.",neutral
The event starts at 6 PM #twitter,neutral
"Honestly, Everything went completely wrong .",negative
"Today, Absolutely fantastic experience .",positive
"Right now, This is exactly what I wanted .",positive
"Today, What a horrible experience today .",negative
"Personally, I absolutely love this product .",positive
"Just saying, This is exactly what I wanted .",positive
"After trying it, Worst purchase I have made .",negative
The train arrived at the station right now.,neutral
"Today, What a wonderful experience today .",positive
"Right now, I am unhappy with the results .",negative
"In my opinion, The new features are useless .",negative
"Overall, I am very disappointed with the results .",negative
"Just saying, The company released a new announcement .",neutral
"In my opinion, I am very disappointed with the results .",negative
"Honestly, The flight is scheduled for Monday .",neutral
"Just saying, I watched the latest episode honestly.",neutral
"Today, Worst purchase I have made #review",negative
"For me, This is terrible and does not work .",negative
"Right now, The event starts at 6 PM in my opinion.",neutral
"Overall, Such a horrible day .",negative
"Honestly, I highly recommend this #twitter",positive
Feeling great and positive today .,positive
"After trying it, Feeling frustrated and disappointed today .",negative
"Honestly, Absolutely fantastic experience .",positive
"Right now, This movie was fantastic .",positive
"Honestly, The team did a terrible job .",negative
"For me, The service was excellent .",positive
"Just saying, Everything went completely wrong .",negative
"Today, I am very happy with the results in my opinion.",positive
"In my opinion, The application has been updated in my opinion.",neutral
"Just saying, I am satisfied with the results after trying it.",positive
"Just saying, This movie was extremely boring today.",negative
"Personally, The service was awful today.",negative
"Overall, The flight is scheduled for Monday .",neutral
"Right now, I received the package this morning #twitter",neutral
"Personally, I absolutely love this product",positive
"Today, I highly recommend this .",positive
"Overall, Absolutely awful experience",negative
"In my opinion, The service was awful #review",negative
"Right now, The application has been updated in my opinion.",neutral
"Personally, I am satisfied with the results #review",positive
"After trying it, Everything went completely wrong .",negative
"For me, I absolutely hate this product .",negative
"Overall, The train arrived at the station .",neutral
"Right now, This update is terrible honestly.",negative
"Overall, Such a horrible day #review",negative
The meeting is scheduled for tomorrow .,neutral
"Honestly, The company released a new announcement .",neutral
What a horrible experience today,negative
"In my opinion, The class begins at 10 AM right now.",neutral
"In my opinion, I absolutely hate this product",negative
"Right now, This update is awesome .",positive
"Just saying, I would not recommend this honestly.",negative
"Overall, The service was awful .",negative
"Overall, This movie was fantastic #review",positive
This is amazing and works perfectly honestly.,positive
"Just saying, Such a beautiful day after trying it.",positive
"In my opinion, I really disliked this experience",negative
"Today, This update is awesome .",positive
"After trying it, The service was awful .",negative
"Today, Feeling frustrated and disappointed today .",negative
Feeling great and positive today .,positive
"Personally, This is terrible and does not work .",negative
"Overall, The flight is scheduled for Monday .",neutral
"Right now, I really disliked this experience in my opinion.",negative
"After trying it, The application has been updated #twitter",neutral
"Today, I am impressed with the quality .",positive
"Just saying, Worst purchase I have made",negative
The class begins at 10 AM #twitter,neutral
I highly recommend this today.,positive
"Today, I am reading the news right now .",neutral
"Overall, Worst purchase I have made honestly.",negative
"Today, I am satisfied with the results .",positive
"Right now, The event starts at 6 PM .",neutral
"Today, What a horrible experience today .",negative
"Just saying, The new features are useless .",negative
"Just saying, Such a beautiful day .",positive
"After trying it, The weather is cloudy today .",neutral
"In my opinion, I would not recommend this .",negative
"Personally, Feeling frustrated and disappointed today .",negative
"Overall, The company released a new announcement .",neutral
"Just saying, This is amazing and works perfectly",positive
"Right now, What a wonderful experience today #review",positive
"Honestly, The service was awful after trying it.",negative
"Just saying, The team will meet next week after trying it.",neutral
"Just saying, The team did an amazing job after trying it.",positive
"After trying it, The team will meet next week #review",neutral
"After trying it, I would not recommend this .",negative
"After trying it, Absolutely fantastic experience #review",positive
"For me, The package contains two items .",neutral
"Today, The class begins at 10 AM right now.",neutral
"For me, The weather is cloudy today .",neutral
The team did a terrible job #twitter,negative
"Honestly, The application has been updated #twitter",neutral
I highly recommend this .,positive
The package contains two items after trying it.,neutral
"Honestly, Feeling great and positive today .",positive
"Just saying, I am reading the news right now .",neutral
"In my opinion, I highly recommend this .",positive
"Overall, I am disappointed with the quality in my opinion.",negative
"Overall, The application has been updated #twitter",neutral
The team will meet next week right now.,neutral
"For me, Best purchase I have made in a long time .",positive
"In my opinion, Everything worked perfectly right now.",positive
"After trying it, The service was excellent #review",positive
"In my opinion, The website is currently available .",neutral
This is terrible and does not work honestly.,negative
"In my opinion, I am satisfied with the results after trying it.",positive
"Personally, I highly recommend this #review",positive
"Personally, The new features are brilliant .",positive
"Just saying, This movie was extremely boring #review",negative
"After trying it, The team will meet next week",neutral
"Personally, This movie was extremely boring #twitter",negative
"In my opinion, The package contains two items .",neutral
"Personally, The meeting is scheduled for tomorrow .",neutral
"Just saying, The service was awful .",negative
I am satisfied with the results right now.,positive
I am satisfied with the results .,positive
"Just saying, I absolutely hate this product .",negative
"After trying it, I am impressed with the quality in my opinion.",positive
"Honestly, Feeling great and positive today #twitter",positive
"Personally, The results will be announced later after trying it.",neutral
"Right now, Worst purchase I have made .",negative
"After trying it, I watched the latest episode .",neutral
"Right now, Feeling frustrated and disappointed today .",negative
"Today, This made my day much worse .",negative
"Today, The product is available in three colors .",neutral
"In my opinion, The store opens at 9 AM .",neutral
"Right now, I am very disappointed with the results .",negative
"After trying it, I really enjoyed this experience today.",positive
"For me, What a horrible experience today honestly.",negative
"Just saying, I absolutely love this product .",positive
"Right now, This movie was fantastic #twitter",positive
The company released a new announcement .,neutral
I would not recommend this .,negative
"In my opinion, This movie was extremely boring",negative
"For me, I received the package this morning .",neutral
"Today, I really enjoyed this experience .",positive
"Honestly, This movie was fantastic #twitter",positive
"Personally, The meeting is scheduled for tomorrow .",neutral
"For me, Feeling great and positive today #review",positive
"Right now, The event starts at 6 PM .",neutral
"Right now, This is amazing and works perfectly honestly.",positive
"Just saying, This is not what I wanted .",negative
"Personally, This is terrible and does not work .",negative
"Just saying, This made my day much worse right now.",negative
I received the package this morning #review,neutral
"For me, I am impressed with the quality .",positive
"For me, This is exactly what I wanted .",positive
"Overall, This made my day so much better right now.",positive
"Overall, I am disappointed with the quality .",negative
"Overall, The results will be announced later .",neutral
"In my opinion, The results will be announced later .",neutral
"For me, This update is terrible in my opinion.",negative
"Overall, The new features are useless today.",negative
"After trying it, I am impressed with the quality .",positive
"Honestly, The website is currently available .",neutral
"Personally, The weather is cloudy today .",neutral
"Overall, I absolutely love this product .",positive
"In my opinion, This made my day so much better #review",positive
"In my opinion, Feeling frustrated and disappointed today #twitter",negative
"For me, I absolutely love this product right now.",positive
"Personally, This movie was extremely boring .",negative
"After trying it, Best purchase I have made in a long time .",positive
"Honestly, The application has been updated right now.",neutral
"Just saying, I am satisfied with the results .",positive
"Honestly, The new features are brilliant .",positive
"Just saying, I am checking the latest information",neutral
"Honestly, The service was awful right now.",negative
"Personally, The temperature is around 25 degrees .",neutral
"Today, This made my day much worse right now.",negative
"Honestly, Such a horrible day right now.",negative
"For me, Absolutely fantastic experience .",positive
"Personally, I really enjoyed this experience",positive
"Personally, The team did an amazing job .",positive
"In my opinion, The product is available in three colors today.",neutral
"Right now, Absolutely fantastic experience",positive
"Right now, I am impressed with the quality honestly.",positive
"For me, I am disappointed with the quality after trying it.",negative
"Right now, The team will meet next week .",neutral
"Right now, The train arrived at the station .",neutral
The event starts at 6 PM .,neutral
I am reading the news right now honestly.,neutral
I am reading the news right now .,neutral
"Personally, Feeling great and positive today #twitter",positive
"In my opinion, I am very happy with the results in my opinion.",positive
"Today, The company released a new announcement .",neutral
"Right now, The new features are brilliant .",positive
"In my opinion, The new features are brilliant #twitter",positive
"Overall, I would not recommend this .",negative
"After trying it, The event starts at 6 PM .",neutral
"Honestly, The temperature is around 25 degrees .",neutral
"For me, Worst purchase I have made in my opinion.",negative
"Overall, The weather is cloudy today #twitter",neutral
"Personally, Everything went completely wrong #review",negative
"Just saying, The temperature is around 25 degrees .",neutral
"Today, I absolutely love this product .",positive
"For me, I am reading the news right now",neutral
"Personally, I am impressed with the quality #review",positive
"For me, I am checking the latest information .",neutral
"Right now, I am reading the news right now .",neutral
"Personally, I am very disappointed with the results #twitter",negative
"Right now, The package contains two items .",neutral
"Overall, The new features are brilliant",positive
The results will be announced later after trying it.,neutral
"Honestly, I really disliked this experience in my opinion.",negative
"For me, The product is available in three colors .",neutral
"Overall, I am unhappy with the results .",negative
"Honestly, I am impressed with the quality today.",positive
"Just saying, The class begins at 10 AM #review",neutral
"Overall, The meeting is scheduled for tomorrow #twitter",neutral
"Personally, Everything went completely wrong honestly.",negative
"For me, I received the package this morning .",neutral
"In my opinion, I am satisfied with the results .",positive
"Right now, I am very disappointed with the results .",negative
"Honestly, Feeling frustrated and disappointed today #review",negative
I really disliked this experience,negative
"Overall, The website is currently available .",neutral
"Today, The website is currently available .",neutral
"After trying it, The store opens at 9 AM .",neutral
"In my opinion, Everything worked perfectly .",positive
"Personally, The train arrived at the station .",neutral
"For me, Feeling great and positive today today.",positive
"Honestly, This made my day so much better .",positive
"For me, Such a horrible day .",negative
The event starts at 6 PM .,neutral
"Personally, Absolutely awful experience .",negative
"Just saying, This update is awesome #twitter",positive
"Today, The product is available in three colors .",neutral
"Today, I watched the latest episode after trying it.",neutral
"Just saying, I really enjoyed this experience .",positive
"In my opinion, The product is available in three colors #review",neutral
"Personally, This is amazing and works perfectly #twitter",positive
"Honestly, Absolutely fantastic experience .",positive
Worst purchase I have made right now.,negative
"Overall, Best purchase I have made in a long time .",positive
"In my opinion, I am unhappy with the results .",negative
"After trying it, This movie was fantastic #twitter",positive
"Today, The team did a terrible job after trying it.",negative
"Today, This made my day much worse honestly.",negative
"Right now, The product is available in three colors .",neutral
"Right now, The weather is cloudy today #twitter",neutral
"Right now, The flight is scheduled for Monday after trying it.",neutral
Everything went completely wrong .,negative
"For me, The train arrived at the station .",neutral
"Personally, I received the package this morning",neutral
"In my opinion, The weather is cloudy today .",neutral
"After trying it, The temperature is around 25 degrees after trying it.",neutral
"Right now, This movie was fantastic .",positive
"For me, Such a horrible day .",negative
"Just saying, Everything went completely wrong #twitter",negative
"Overall, I am impressed with the quality right now.",positive
"Overall, The new features are useless",negative
"Overall, I am impressed with the quality honestly.",positive
"For me, I am impressed with the quality #review",positive
"Today, This is terrible and does not work today.",negative
"Today, The team will meet next week .",neutral
"Honestly, Everything worked perfectly #twitter",positive
"Honestly, I am impressed with the quality in my opinion.",positive
"Overall, The team will meet next week #twitter",neutral
"Right now, The weather is cloudy today .",neutral
"After trying it, I received the package this morning #review",neutral
"Overall, I am very disappointed with the results honestly.",negative
"Personally, This is exactly what I wanted .",positive
"For me, I am checking the latest information .",neutral
"Personally, I absolutely hate this product in my opinion.",negative
"For me, I am impressed with the quality .",positive
"Right now, I am satisfied with the results #twitter",positive
"Today, I watched the latest episode right now.",neutral
"Personally, Feeling great and positive today .",positive
"For me, Such a horrible day .",negative
"Personally, I would not recommend this",negative
"In my opinion, The team did an amazing job .",positive
"Personally, This made my day so much better .",positive
"Personally, The class begins at 10 AM .",neutral
"After trying it, This movie was fantastic honestly.",positive
"Today, This is exactly what I wanted .",positive
The new features are useless .,negative
"Today, I am checking the latest information #review",neutral
I am satisfied with the results #twitter,positive
"Today, This update is awesome .",positive
"Overall, I absolutely love this product #review",positive
"Honestly, The company released a new announcement today.",neutral
"Personally, This is exactly what I wanted #twitter",positive
"Honestly, The meeting is scheduled for tomorrow .",neutral
"For me, This made my day so much better after trying it.",positive
"Today, I am very happy with the results .",positive
"Just saying, The team will meet next week .",neutral
"Today, The team did a terrible job in my opinion.",negative
"After trying it, The service was awful .",negative
"For me, Everything worked perfectly .",positive
"In my opinion, I would not recommend this .",negative
"Overall, I really enjoyed this experience .",positive
"Overall, This update is terrible #twitter",negative
"Overall, The new features are brilliant in my opinion.",positive
"Overall, I watched the latest episode today.",neutral
"After trying it, Feeling frustrated and disappointed today in my opinion.",negative
"For me, The website is currently available #review",neutral
"Today, This update is awesome .",positive
"After trying it, I absolutely love this product honestly.",positive
"Personally, Such a beautiful day .",positive
"Just saying, The new features are useless .",negative
"Overall, This update is terrible in my opinion.",negative
"After trying it, Worst purchase I have made .",negative
"For me, The website is currently available #review",neutral
"For me, I am very happy with the results today.",positive
"After trying it, The service was excellent #review",positive
"Honestly, Feeling great and positive today .",positive
"After trying it, I absolutely love this product",positive
"Just saying, I am very disappointed with the results .",negative
"Right now, The flight is scheduled for Monday right now.",neutral
"For me, Feeling great and positive today honestly.",positive
"In my opinion, I am impressed with the quality after trying it.",positive
"After trying it, Absolutely fantastic experience",positive
"Today, The company released a new announcement .",neutral
This movie was extremely boring #twitter,negative
"Personally, The train arrived at the station .",neutral
"Today, This is not what I wanted",negative
"In my opinion, Feeling frustrated and disappointed today .",negative
Such a beautiful day .,positive
"Today, I would not recommend this in my opinion.",negative
"For me, I really disliked this experience .",negative
"Just saying, This is not what I wanted honestly.",negative
"Overall, Worst purchase I have made .",negative
"In my opinion, Best purchase I have made in a long time honestly.",positive
Worst purchase I have made honestly.,negative
"Right now, I received the package this morning .",neutral
"Personally, Absolutely awful experience today.",negative
"Personally, Absolutely awful experience #review",negative
"For me, This made my day so much better",positive
"Honestly, I am very disappointed with the results .",negative
"Personally, The class begins at 10 AM today.",neutral
"Overall, The team did a terrible job .",negative
"Right now, Feeling great and positive today after trying it.",positive
"Just saying, This made my day much worse",negative
"For me, Absolutely awful experience .",negative
"After trying it, The product is available in three colors right now.",neutral
"After trying it, Everything worked perfectly after trying it.",positive
"Just saying, Feeling frustrated and disappointed today right now.",negative
"Personally, This movie was fantastic .",positive
The store opens at 9 AM .,neutral
"Right now, I am impressed with the quality right now.",positive
I am very happy with the results .,positive
"After trying it, I am satisfied with the results .",positive
"Right now, This update is terrible .",negative
"Honestly, This update is terrible honestly.",negative
I watched the latest episode .,neutral
"Personally, The team did an amazing job honestly.",positive
"Right now, Best purchase I have made in a long time",positive
"For me, I am unhappy with the results .",negative
"Today, The meeting is scheduled for tomorrow .",neutral
"Personally, I am satisfied with the results #twitter",positive
"Personally, I received the package this morning #twitter",neutral
"In my opinion, I really disliked this experience .",negative
"In my opinion, This is amazing and works perfectly today.",positive
"Today, I am unhappy with the results",negative
"Personally, Everything worked perfectly #review",positive
"Right now, The company released a new announcement .",neutral
"Right now, I absolutely hate this product .",negative
"Today, I am very disappointed with the results today.",negative
"Just saying, I really disliked this experience #review",negative
"Right now, I received the package this morning .",neutral
"Right now, This made my day so much better after trying it.",positive
"Today, I would not recommend this in my opinion.",negative
Feeling frustrated and disappointed today .,negative
"Honestly, What a wonderful experience today .",positive
I am impressed with the quality .,positive
"Right now, Worst purchase I have made right now.",negative
"Overall, This is exactly what I wanted .",positive
"Just saying, The company released a new announcement after trying it.",neutral
"In my opinion, The event starts at 6 PM .",neutral
"Honestly, The website is currently available right now.",neutral
"Personally, The service was awful honestly.",negative
"Just saying, This is terrible and does not work right now.",negative
"Overall, The store opens at 9 AM after trying it.",neutral
"In my opinion, The product is available in three colors today.",neutral
The package contains two items today.,neutral
"Right now, I am reading the news right now",neutral
"In my opinion, What a horrible experience today .",negative
"In my opinion, This update is awesome today.",positive
"Today, This movie was extremely boring today.",negative
"Today, This is amazing and works perfectly #twitter",positive
"For me, This movie was extremely boring .",negative
"Today, The meeting is scheduled for tomorrow .",neutral
"Personally, I am reading the news right now #review",neutral
"For me, I am unhappy with the results .",negative
"Overall, I am impressed with the quality #twitter",positive
"After trying it, The team did a terrible job in my opinion.",negative
"For me, I really disliked this experience .",negative
Feeling great and positive today .,positive
I am very disappointed with the results .,negative
"Just saying, The train arrived at the station .",neutral
"In my opinion, The weather is cloudy today .",neutral
"For me, I really enjoyed this experience after trying it.",positive
"After trying it, The application has been updated .",neutral
"After trying it, I absolutely hate this product today.",negative
"After trying it, I received the package this morning right now.",neutral
"Right now, This made my day so much better",positive
"Personally, I highly recommend this today.",positive
"Honestly, I received the package this morning today.",neutral
This made my day so much better in my opinion.,positive
"Personally, The team did an amazing job .",positive
"Today, The new features are brilliant honestly.",positive
"Right now, The website is currently available .",neutral
"Overall, This movie was extremely boring today.",negative
"Personally, This is terrible and does not work right now.",negative
"Right now, The team did an amazing job .",positive
"Overall, The team did a terrible job .",negative
"For me, The application has been updated .",neutral
"For me, This update is awesome #twitter",positive
"In my opinion, I am impressed with the quality .",positive
"Right now, The team did a terrible job right now.",negative
"Today, This is exactly what I wanted .",positive
"In my opinion, Worst purchase I have made right now.",negative
"Overall, I really disliked this experience .",negative
Everything went completely wrong .,negative
